object,juv_fel_count,decile_score,juv_misd_count,juv_other_count,priors_count,c_charge_degree:F,c_charge_degree:M,v_decile_score,age
1,-0.12792277383035552,-1.2040232743295685,-0.1832315464703722,-0.23510237636567338,-0.6844132059781843,0.7071067811865475,0.0,-1.0615629010115046,69
3,-0.12792277383035552,-0.4996077428672151,-0.1832315464703722,-0.23510237636567338,-0.6844132059781843,0.7071067811865475,0.0,-1.0615629010115046,34
4,-0.12792277383035552,-0.14739997713603842,-0.1832315464703722,1.8894245151847455,0.15886638823199753,0.7071067811865475,0.0,-0.25788719110129227,24
7,-0.12792277383035552,-1.2040232743295685,-0.1832315464703722,-0.23510237636567338,-0.6844132059781843,0.0,0.7071067811865475,-1.0615629010115046,44
8,-0.12792277383035552,0.5570155543263149,-0.1832315464703722,-0.23510237636567338,2.2670653737574518,0.7071067811865475,0.0,-0.6597250460563985,41
9,-0.12792277383035552,-0.14739997713603842,-0.1832315464703722,-0.23510237636567338,-0.05195351032054794,0.7071067811865475,0.0,-0.25788719110129227,43
10,-0.12792277383035552,-1.2040232743295685,-0.1832315464703722,-0.23510237636567338,-0.6844132059781843,0.0,0.7071067811865475,-1.0615629010115046,39
14,-0.12792277383035552,-0.14739997713603842,-0.1832315464703722,-0.23510237636567338,-0.6844132059781843,0.7071067811865475,0.0,0.14395066385381394,27
15,-0.12792277383035552,0.5570155543263149,-0.1832315464703722,-0.23510237636567338,-0.05195351032054794,0.0,0.7071067811865475,0.14395066385381394,23
16,-0.12792277383035552,-1.2040232743295685,-0.1832315464703722,-0.23510237636567338,-0.6844132059781843,0.0,0.7071067811865475,-1.0615629010115046,37
18,-0.12792277383035552,-0.14739997713603842,-0.1832315464703722,-0.23510237636567338,-0.6844132059781843,0.7071067811865475,0.0,-0.6597250460563985,41
19,-0.12792277383035552,-1.2040232743295685,-0.1832315464703722,-0.23510237636567338,-0.4735933074256388,0.7071067811865475,0.0,-1.0615629010115046,47
20,-0.12792277383035552,-0.4996077428672151,-0.1832315464703722,-0.23510237636567338,0.7913260838896339,0.7071067811865475,0.0,-0.6597250460563985,31
21,-0.12792277383035552,-1.2040232743295685,-0.1832315464703722,-0.23510237636567338,-0.6844132059781843,0.0,0.7071067811865475,-1.0615629010115046,37
22,-0.12792277383035552,1.9658466172510216,-0.1832315464703722,-0.23510237636567338,-0.05195351032054794,0.7071067811865475,0.0,2.153139938629345,25
23,-0.12792277383035552,0.20480778859513823,-0.1832315464703722,-0.23510237636567338,0.5805061853370884,0.7071067811865475,0.0,0.14395066385381394,31
24,-0.12792277383035552,-0.4996077428672151,-0.1832315464703722,-0.23510237636567338,0.36968628678454296,0.7071067811865475,0.0,-0.6597250460563985,31
25,-0.12792277383035552,0.5570155543263149,-0.1832315464703722,-0.23510237636567338,2.0562454752049066,0.7071067811865475,0.0,-0.25788719110129227,64
26,-0.12792277383035552,1.613638851519845,-0.1832315464703722,-0.23510237636567338,-0.4735933074256388,0.7071067811865475,0.0,2.153139938629345,21
27,-0.12792277383035552,-0.8518155085983917,-0.1832315464703722,-0.23510237636567338,-0.6844132059781843,0.0,0.7071067811865475,-0.25788719110129227,27
28,-0.12792277383035552,-0.14739997713603842,-0.1832315464703722,-0.23510237636567338,-0.6844132059781843,0.7071067811865475,0.0,0.5457885188089201,21
30,-0.12792277383035552,-0.14739997713603842,-0.1832315464703722,-0.23510237636567338,-0.4735933074256388,0.7071067811865475,0.0,0.5457885188089201,24
32,-0.12792277383035552,-1.2040232743295685,-0.1832315464703722,-0.23510237636567338,-0.4735933074256388,0.0,0.7071067811865475,-0.6597250460563985,43
33,-0.12792277383035552,-0.4996077428672151,-0.1832315464703722,-0.23510237636567338,-0.6844132059781843,0.0,0.7071067811865475,0.14395066385381394,32
37,-0.12792277383035552,-0.4996077428672151,-0.1832315464703722,-0.23510237636567338,1.0021459824421792,0.7071067811865475,0.0,-0.25788719110129227,27
39,-0.12792277383035552,0.9092233200574916,-0.1832315464703722,1.8894245151847455,0.36968628678454296,0.7071067811865475,0.0,1.3494642287191325,26
40,-0.12792277383035552,1.9658466172510216,-0.1832315464703722,-0.23510237636567338,-0.6844132059781843,0.7071067811865475,0.0,0.9476263737640264,33
41,-0.12792277383035552,1.613638851519845,-0.1832315464703722,-0.23510237636567338,1.2129658809947248,0.7071067811865475,0.0,2.554977793584451,30
42,-0.12792277383035552,1.2614310857886681,-0.1832315464703722,-0.23510237636567338,0.15886638823199753,0.7071067811865475,0.0,-0.25788719110129227,32
45,-0.12792277383035552,-1.2040232743295685,-0.1832315464703722,-0.23510237636567338,-0.6844132059781843,0.7071067811865475,0.0,-1.0615629010115046,55
50,-0.12792277383035552,-0.4996077428672151,-0.1832315464703722,-0.23510237636567338,0.7913260838896339,0.7071067811865475,0.0,-0.6597250460563985,49
52,-0.12792277383035552,0.20480778859513823,-0.1832315464703722,-0.23510237636567338,0.15886638823199753,0.0,0.7071067811865475,-0.6597250460563985,33
53,-0.12792277383035552,-0.8518155085983917,-0.1832315464703722,-0.23510237636567338,-0.4735933074256388,0.0,0.7071067811865475,-0.25788719110129227,24
54,4.186499958852454,1.613638851519845,1.8254808954748094,6.138478298285584,3.7428046636252703,0.7071067811865475,0.0,0.9476263737640264,34
55,-0.12792277383035552,-0.8518155085983917,-0.1832315464703722,-0.23510237636567338,-0.6844132059781843,0.0,0.7071067811865475,-0.6597250460563985,29
56,-0.12792277383035552,1.2614310857886681,-0.1832315464703722,-0.23510237636567338,-0.2627734088730934,0.7071067811865475,0.0,1.7513020836742388,21
57,-0.12792277383035552,-1.2040232743295685,-0.1832315464703722,-0.23510237636567338,-0.2627734088730934,0.0,0.7071067811865475,-1.0615629010115046,51
59,-0.12792277383035552,-0.8518155085983917,-0.1832315464703722,-0.23510237636567338,-0.2627734088730934,0.0,0.7071067811865475,-0.6597250460563985,29
61,-0.12792277383035552,-0.8518155085983917,-0.1832315464703722,-0.23510237636567338,0.7913260838896339,0.7071067811865475,0.0,-0.6597250460563985,51
64,-0.12792277383035552,0.9092233200574916,-0.1832315464703722,-0.23510237636567338,-0.6844132059781843,0.7071067811865475,0.0,-0.6597250460563985,29
66,-0.12792277383035552,1.9658466172510216,-0.1832315464703722,-0.23510237636567338,1.2129658809947248,0.0,0.7071067811865475,2.153139938629345,25
67,2.0292885925110493,1.2614310857886681,-0.1832315464703722,8.263005189836003,2.0562454752049066,0.7071067811865475,0.0,-0.25788719110129227,35
68,-0.12792277383035552,-1.2040232743295685,-0.1832315464703722,-0.23510237636567338,-0.6844132059781843,0.0,0.7071067811865475,-1.0615629010115046,49
70,-0.12792277383035552,-0.14739997713603842,-0.1832315464703722,-0.23510237636567338,-0.6844132059781843,0.7071067811865475,0.0,-0.25788719110129227,29
71,-0.12792277383035552,-0.8518155085983917,-0.1832315464703722,-0.23510237636567338,-0.4735933074256388,0.7071067811865475,0.0,-0.6597250460563985,29
72,-0.12792277383035552,-0.8518155085983917,-0.1832315464703722,-0.23510237636567338,-0.6844132059781843,0.7071067811865475,0.0,-0.6597250460563985,28
79,-0.12792277383035552,0.20480778859513823,-0.1832315464703722,1.8894245151847455,2.4778852723099973,0.7071067811865475,0.0,1.3494642287191325,31
80,-0.12792277383035552,-0.14739997713603842,-0.1832315464703722,-0.23510237636567338,-0.2627734088730934,0.7071067811865475,0.0,0.14395066385381394,24
83,-0.12792277383035552,0.9092233200574916,-0.1832315464703722,-0.23510237636567338,-0.6844132059781843,0.0,0.7071067811865475,-0.25788719110129227,30
84,-0.12792277383035552,-1.2040232743295685,-0.1832315464703722,-0.23510237636567338,0.15886638823199753,0.0,0.7071067811865475,-1.0615629010115046,49
85,-0.12792277383035552,0.20480778859513823,-0.1832315464703722,-0.23510237636567338,1.0021459824421792,0.7071067811865475,0.0,-0.6597250460563985,53
87,-0.12792277383035552,-0.4996077428672151,-0.1832315464703722,-0.23510237636567338,0.36968628678454296,0.7071067811865475,0.0,-0.6597250460563985,35
90,2.0292885925110493,1.9658466172510216,1.8254808954748094,4.013951406735165,2.4778852723099973,0.7071067811865475,0.0,2.153139938629345,27
91,-0.12792277383035552,-0.8518155085983917,-0.1832315464703722,-0.23510237636567338,0.15886638823199753,0.0,0.7071067811865475,-0.6597250460563985,38
93,-0.12792277383035552,-0.14739997713603842,-0.1832315464703722,1.8894245151847455,-0.4735933074256388,0.7071067811865475,0.0,0.9476263737640264,22
96,-0.12792277383035552,1.613638851519845,-0.1832315464703722,-0.23510237636567338,0.15886638823199753,0.7071067811865475,0.0,0.5457885188089201,29
97,-0.12792277383035552,-1.2040232743295685,-0.1832315464703722,-0.23510237636567338,-0.6844132059781843,0.0,0.7071067811865475,-1.0615629010115046,62
98,-0.12792277383035552,0.5570155543263149,1.8254808954748094,-0.23510237636567338,0.5805061853370884,0.7071067811865475,0.0,-0.25788719110129227,27
99,-0.12792277383035552,-1.2040232743295685,-0.1832315464703722,-0.23510237636567338,-0.6844132059781843,0.0,0.7071067811865475,-1.0615629010115046,33
100,-0.12792277383035552,-1.2040232743295685,-0.1832315464703722,-0.23510237636567338,-0.6844132059781843,0.0,0.7071067811865475,-1.0615629010115046,56
101,-0.12792277383035552,-1.2040232743295685,-0.1832315464703722,-0.23510237636567338,0.5805061853370884,0.7071067811865475,0.0,-1.0615629010115046,45
102,-0.12792277383035552,-0.14739997713603842,-0.1832315464703722,-0.23510237636567338,-0.4735933074256388,0.7071067811865475,0.0,0.9476263737640264,22
105,-0.12792277383035552,-0.14739997713603842,-0.1832315464703722,-0.23510237636567338,-0.4735933074256388,0.0,0.7071067811865475,-0.6597250460563985,39
107,-0.12792277383035552,0.5570155543263149,-0.1832315464703722,-0.23510237636567338,0.36968628678454296,0.7071067811865475,0.0,-0.25788719110129227,29
108,-0.12792277383035552,0.5570155543263149,-0.1832315464703722,1.8894245151847455,-0.4735933074256388,0.7071067811865475,0.0,-0.25788719110129227,27
111,-0.12792277383035552,-0.8518155085983917,-0.1832315464703722,-0.23510237636567338,-0.2627734088730934,0.7071067811865475,0.0,-1.0615629010115046,40
113,-0.12792277383035552,-0.4996077428672151,-0.1832315464703722,-0.23510237636567338,-0.4735933074256388,0.0,0.7071067811865475,-0.25788719110129227,22
114,-0.12792277383035552,1.2614310857886681,-0.1832315464703722,-0.23510237636567338,-0.6844132059781843,0.7071067811865475,0.0,0.9476263737640264,22
115,-0.12792277383035552,-0.14739997713603842,-0.1832315464703722,-0.23510237636567338,-0.4735933074256388,0.7071067811865475,0.0,-0.25788719110129227,26
119,-0.12792277383035552,-0.8518155085983917,-0.1832315464703722,-0.23510237636567338,-0.6844132059781843,0.7071067811865475,0.0,-1.0615629010115046,32
120,-0.12792277383035552,-0.8518155085983917,-0.1832315464703722,-0.23510237636567338,-0.4735933074256388,0.0,0.7071067811865475,-0.6597250460563985,41
122,-0.12792277383035552,1.9658466172510216,-0.1832315464703722,-0.23510237636567338,1.0021459824421792,0.0,0.7071067811865475,2.153139938629345,30
127,-0.12792277383035552,-1.2040232743295685,-0.1832315464703722,-0.23510237636567338,-0.6844132059781843,0.7071067811865475,0.0,-0.6597250460563985,50
128,2.0292885925110493,1.9658466172510216,11.869043105200717,1.8894245151847455,2.2670653737574518,0.7071067811865475,0.0,2.554977793584451,25
130,-0.12792277383035552,0.20480778859513823,-0.1832315464703722,-0.23510237636567338,-0.6844132059781843,0.7071067811865475,0.0,1.7513020836742388,20
131,2.0292885925110493,1.613638851519845,-0.1832315464703722,-0.23510237636567338,-0.2627734088730934,0.7071067811865475,0.0,2.554977793584451,22
136,-0.12792277383035552,-0.8518155085983917,-0.1832315464703722,-0.23510237636567338,-0.4735933074256388,0.0,0.7071067811865475,-1.0615629010115046,35
137,-0.12792277383035552,0.9092233200574916,-0.1832315464703722,-0.23510237636567338,1.2129658809947248,0.7071067811865475,0.0,0.9476263737640264,36
138,-0.12792277383035552,1.2614310857886681,-0.1832315464703722,-0.23510237636567338,0.7913260838896339,0.7071067811865475,0.0,0.14395066385381394,26
139,-0.12792277383035552,0.5570155543263149,-0.1832315464703722,-0.23510237636567338,-0.4735933074256388,0.7071067811865475,0.0,0.9476263737640264,21
142,-0.12792277383035552,1.2614310857886681,-0.1832315464703722,-0.23510237636567338,1.2129658809947248,0.7071067811865475,0.0,2.153139938629345,25
145,-0.12792277383035552,0.9092233200574916,-0.1832315464703722,-0.23510237636567338,-0.6844132059781843,0.7071067811865475,0.0,1.7513020836742388,20
146,-0.12792277383035552,-1.2040232743295685,-0.1832315464703722,-0.23510237636567338,-0.2627734088730934,0.7071067811865475,0.0,-1.0615629010115046,39
148,-0.12792277383035552,-1.2040232743295685,-0.1832315464703722,-0.23510237636567338,-0.6844132059781843,0.0,0.7071067811865475,-1.0615629010115046,54
150,-0.12792277383035552,-1.2040232743295685,-0.1832315464703722,-0.23510237636567338,-0.6844132059781843,0.0,0.7071067811865475,-1.0615629010115046,44
151,-0.12792277383035552,-0.14739997713603842,-0.1832315464703722,-0.23510237636567338,-0.4735933074256388,0.0,0.7071067811865475,1.3494642287191325,19
153,-0.12792277383035552,-0.8518155085983917,-0.1832315464703722,-0.23510237636567338,-0.4735933074256388,0.7071067811865475,0.0,-0.6597250460563985,30
154,-0.12792277383035552,-1.2040232743295685,-0.1832315464703722,-0.23510237636567338,-0.6844132059781843,0.7071067811865475,0.0,-1.0615629010115046,39
156,-0.12792277383035552,0.5570155543263149,1.8254808954748094,4.013951406735165,1.0021459824421792,0.7071067811865475,0.0,0.9476263737640264,24
157,-0.12792277383035552,-0.14739997713603842,-0.1832315464703722,-0.23510237636567338,-0.6844132059781843,0.7071067811865475,0.0,-0.6597250460563985,30
158,-0.12792277383035552,0.20480778859513823,-0.1832315464703722,-0.23510237636567338,-0.6844132059781843,0.0,0.7071067811865475,-0.6597250460563985,31
159,-0.12792277383035552,-0.14739997713603842,-0.1832315464703722,-0.23510237636567338,-0.4735933074256388,0.7071067811865475,0.0,-0.25788719110129227,39
163,-0.12792277383035552,-1.2040232743295685,-0.1832315464703722,-0.23510237636567338,-0.4735933074256388,0.7071067811865475,0.0,-1.0615629010115046,43
166,-0.12792277383035552,1.613638851519845,-0.1832315464703722,-0.23510237636567338,-0.05195351032054794,0.7071067811865475,0.0,0.9476263737640264,21
169,-0.12792277383035552,-0.14739997713603842,-0.1832315464703722,-0.23510237636567338,0.36968628678454296,0.0,0.7071067811865475,-0.25788719110129227,38
171,-0.12792277383035552,0.20480778859513823,-0.1832315464703722,-0.23510237636567338,-0.6844132059781843,0.7071067811865475,0.0,0.5457885188089201,34
173,-0.12792277383035552,0.20480778859513823,-0.1832315464703722,-0.23510237636567338,0.36968628678454296,0.7071067811865475,0.0,-0.6597250460563985,33
174,-0.12792277383035552,-0.8518155085983917,-0.1832315464703722,-0.23510237636567338,-0.05195351032054794,0.7071067811865475,0.0,-1.0615629010115046,37
175,-0.12792277383035552,-0.8518155085983917,-0.1832315464703722,-0.23510237636567338,-0.4735933074256388,0.7071067811865475,0.0,-0.6597250460563985,42
176,-0.12792277383035552,1.613638851519845,1.8254808954748094,-0.23510237636567338,1.4237857795472701,0.7071067811865475,0.0,1.3494642287191325,41
177,-0.12792277383035552,-0.14739997713603842,-0.1832315464703722,-0.23510237636567338,-0.6844132059781843,0.7071067811865475,0.0,1.3494642287191325,22
178,-0.12792277383035552,1.2614310857886681,23.921317756871808,4.013951406735165,5.218543953493088,0.7071067811865475,0.0,0.5457885188089201,33
180,-0.12792277383035552,0.9092233200574916,-0.1832315464703722,-0.23510237636567338,-0.4735933074256388,0.0,0.7071067811865475,1.7513020836742388,31
182,-0.12792277383035552,-0.8518155085983917,-0.1832315464703722,-0.23510237636567338,-0.4735933074256388,0.7071067811865475,0.0,-0.6597250460563985,30
183,-0.12792277383035552,1.9658466172510216,-0.1832315464703722,-0.23510237636567338,2.0562454752049066,0.7071067811865475,0.0,1.3494642287191325,31
184,-0.12792277383035552,1.613638851519845,-0.1832315464703722,-0.23510237636567338,-0.05195351032054794,0.7071067811865475,0.0,0.14395066385381394,27
189,-0.12792277383035552,1.613638851519845,-0.1832315464703722,-0.23510237636567338,-0.05195351032054794,0.0,0.7071067811865475,0.9476263737640264,52
190,-0.12792277383035552,1.9658466172510216,-0.1832315464703722,-0.23510237636567338,3.321164866520179,0.7071067811865475,0.0,1.3494642287191325,33
194,-0.12792277383035552,-0.4996077428672151,-0.1832315464703722,-0.23510237636567338,0.5805061853370884,0.7071067811865475,0.0,-1.0615629010115046,42
195,-0.12792277383035552,-0.14739997713603842,-0.1832315464703722,-0.23510237636567338,-0.2627734088730934,0.7071067811865475,0.0,0.5457885188089201,25
197,-0.12792277383035552,-0.8518155085983917,-0.1832315464703722,-0.23510237636567338,-0.4735933074256388,0.0,0.7071067811865475,-0.6597250460563985,30
200,-0.12792277383035552,-0.8518155085983917,-0.1832315464703722,-0.23510237636567338,-0.2627734088730934,0.0,0.7071067811865475,-1.0615629010115046,37
202,-0.12792277383035552,-0.8518155085983917,-0.1832315464703722,-0.23510237636567338,-0.6844132059781843,0.0,0.7071067811865475,-0.25788719110129227,28
203,-0.12792277383035552,-0.8518155085983917,-0.1832315464703722,-0.23510237636567338,-0.6844132059781843,0.0,0.7071067811865475,-0.25788719110129227,24
206,-0.12792277383035552,-0.14739997713603842,1.8254808954748094,-0.23510237636567338,1.4237857795472701,0.7071067811865475,0.0,-0.6597250460563985,29
208,-0.12792277383035552,-0.8518155085983917,-0.1832315464703722,-0.23510237636567338,-0.2627734088730934,0.0,0.7071067811865475,-1.0615629010115046,44
210,-0.12792277383035552,0.9092233200574916,-0.1832315464703722,-0.23510237636567338,-0.05195351032054794,0.7071067811865475,0.0,-0.25788719110129227,32
213,-0.12792277383035552,-0.4996077428672151,-0.1832315464703722,-0.23510237636567338,-0.2627734088730934,0.0,0.7071067811865475,-0.25788719110129227,31
215,-0.12792277383035552,-0.8518155085983917,-0.1832315464703722,-0.23510237636567338,-0.4735933074256388,0.0,0.7071067811865475,-0.25788719110129227,31
216,-0.12792277383035552,-0.8518155085983917,-0.1832315464703722,-0.23510237636567338,-0.4735933074256388,0.7071067811865475,0.0,-1.0615629010115046,59
220,2.0292885925110493,1.9658466172510216,-0.1832315464703722,-0.23510237636567338,-0.4735933074256388,0.7071067811865475,0.0,2.554977793584451,20
222,-0.12792277383035552,-1.2040232743295685,-0.1832315464703722,-0.23510237636567338,-0.6844132059781843,0.0,0.7071067811865475,-1.0615629010115046,43
223,2.0292885925110493,1.2614310857886681,1.8254808954748094,-0.23510237636567338,1.2129658809947248,0.7071067811865475,0.0,0.14395066385381394,38
224,-0.12792277383035552,0.5570155543263149,-0.1832315464703722,-0.23510237636567338,1.6346056780998157,0.7071067811865475,0.0,0.5457885188089201,32
225,-0.12792277383035552,0.20480778859513823,-0.1832315464703722,-0.23510237636567338,1.0021459824421792,0.0,0.7071067811865475,-0.6597250460563985,33
227,-0.12792277383035552,-0.4996077428672151,-0.1832315464703722,-0.23510237636567338,-0.6844132059781843,0.7071067811865475,0.0,-0.6597250460563985,31
228,-0.12792277383035552,1.613638851519845,-0.1832315464703722,-0.23510237636567338,0.7913260838896339,0.7071067811865475,0.0,2.153139938629345,33
229,-0.12792277383035552,1.613638851519845,-0.1832315464703722,-0.23510237636567338,-0.2627734088730934,0.7071067811865475,0.0,1.7513020836742388,27
231,-0.12792277383035552,0.5570155543263149,-0.1832315464703722,-0.23510237636567338,-0.6844132059781843,0.7071067811865475,0.0,1.7513020836742388,20
232,-0.12792277383035552,0.5570155543263149,-0.1832315464703722,-0.23510237636567338,-0.6844132059781843,0.0,0.7071067811865475,-0.25788719110129227,26
234,-0.12792277383035552,-1.2040232743295685,-0.1832315464703722,-0.23510237636567338,-0.4735933074256388,0.7071067811865475,0.0,-1.0615629010115046,61
235,-0.12792277383035552,0.9092233200574916,-0.1832315464703722,-0.23510237636567338,2.0562454752049066,0.7071067811865475,0.0,0.9476263737640264,52
236,-0.12792277383035552,-1.2040232743295685,-0.1832315464703722,-0.23510237636567338,-0.4735933074256388,0.7071067811865475,0.0,-1.0615629010115046,63
238,-0.12792277383035552,1.9658466172510216,-0.1832315464703722,-0.23510237636567338,0.15886638823199753,0.7071067811865475,0.0,2.153139938629345,32
239,-0.12792277383035552,-0.14739997713603842,-0.1832315464703722,-0.23510237636567338,-0.4735933074256388,0.7071067811865475,0.0,0.14395066385381394,29
241,-0.12792277383035552,-0.14739997713603842,-0.1832315464703722,-0.23510237636567338,-0.2627734088730934,0.0,0.7071067811865475,0.14395066385381394,26
243,2.0292885925110493,-0.14739997713603842,-0.1832315464703722,-0.23510237636567338,-0.4735933074256388,0.0,0.7071067811865475,0.14395066385381394,39
244,-0.12792277383035552,0.9092233200574916,-0.1832315464703722,-0.23510237636567338,-0.05195351032054794,0.7071067811865475,0.0,0.14395066385381394,30
245,-0.12792277383035552,0.9092233200574916,-0.1832315464703722,-0.23510237636567338,-0.4735933074256388,0.7071067811865475,0.0,1.7513020836742388,30
246,-0.12792277383035552,-0.8518155085983917,-0.1832315464703722,-0.23510237636567338,-0.2627734088730934,0.0,0.7071067811865475,-1.0615629010115046,48
248,-0.12792277383035552,-0.8518155085983917,-0.1832315464703722,-0.23510237636567338,-0.4735933074256388,0.7071067811865475,0.0,0.14395066385381394,22
249,-0.12792277383035552,-1.2040232743295685,-0.1832315464703722,-0.23510237636567338,0.5805061853370884,0.7071067811865475,0.0,-1.0615629010115046,46
252,-0.12792277383035552,0.20480778859513823,-0.1832315464703722,-0.23510237636567338,-0.6844132059781843,0.7071067811865475,0.0,0.14395066385381394,31
254,-0.12792277383035552,-0.8518155085983917,-0.1832315464703722,-0.23510237636567338,-0.4735933074256388,0.0,0.7071067811865475,-0.25788719110129227,25
257,-0.12792277383035552,-0.4996077428672151,-0.1832315464703722,-0.23510237636567338,-0.6844132059781843,0.7071067811865475,0.0,0.5457885188089201,23
258,-0.12792277383035552,0.9092233200574916,-0.1832315464703722,-0.23510237636567338,0.36968628678454296,0.7071067811865475,0.0,-0.25788719110129227,32
259,-0.12792277383035552,-1.2040232743295685,-0.1832315464703722,-0.23510237636567338,-0.2627734088730934,0.0,0.7071067811865475,-1.0615629010115046,52
260,-0.12792277383035552,-0.14739997713603842,-0.1832315464703722,-0.23510237636567338,1.0021459824421792,0.7071067811865475,0.0,-1.0615629010115046,62
264,-0.12792277383035552,1.613638851519845,-0.1832315464703722,-0.23510237636567338,1.0021459824421792,0.7071067811865475,0.0,1.3494642287191325,31
265,-0.12792277383035552,0.5570155543263149,-0.1832315464703722,-0.23510237636567338,0.5805061853370884,0.0,0.7071067811865475,0.9476263737640264,28
266,-0.12792277383035552,-1.2040232743295685,-0.1832315464703722,-0.23510237636567338,-0.2627734088730934,0.7071067811865475,0.0,-1.0615629010115046,54
267,-0.12792277383035552,-0.8518155085983917,-0.1832315464703722,-0.23510237636567338,-0.6844132059781843,0.7071067811865475,0.0,-1.0615629010115046,58
268,-0.12792277383035552,-1.2040232743295685,-0.1832315464703722,-0.23510237636567338,-0.4735933074256388,0.0,0.7071067811865475,-1.0615629010115046,78
269,-0.12792277383035552,-1.2040232743295685,-0.1832315464703722,-0.23510237636567338,-0.6844132059781843,0.7071067811865475,0.0,-1.0615629010115046,56
271,-0.12792277383035552,-0.8518155085983917,-0.1832315464703722,-0.23510237636567338,-0.6844132059781843,0.7071067811865475,0.0,0.14395066385381394,24
275,-0.12792277383035552,0.20480778859513823,-0.1832315464703722,-0.23510237636567338,-0.4735933074256388,0.7071067811865475,0.0,0.5457885188089201,22
277,-0.12792277383035552,1.2614310857886681,-0.1832315464703722,-0.23510237636567338,4.164444460730361,0.0,0.7071067811865475,-1.0615629010115046,47
278,-0.12792277383035552,-0.8518155085983917,-0.1832315464703722,-0.23510237636567338,-0.6844132059781843,0.0,0.7071067811865475,0.14395066385381394,23
279,-0.12792277383035552,-1.2040232743295685,-0.1832315464703722,-0.23510237636567338,-0.4735933074256388,0.7071067811865475,0.0,-1.0615629010115046,57
281,-0.12792277383035552,-1.2040232743295685,-0.1832315464703722,-0.23510237636567338,-0.05195351032054794,0.7071067811865475,0.0,-1.0615629010115046,66
282,-0.12792277383035552,-0.14739997713603842,-0.1832315464703722,-0.23510237636567338,1.0021459824421792,0.0,0.7071067811865475,-0.25788719110129227,45
287,-0.12792277383035552,1.613638851519845,-0.1832315464703722,-0.23510237636567338,-0.2627734088730934,0.0,0.7071067811865475,1.7513020836742388,37
288,-0.12792277383035552,-0.14739997713603842,-0.1832315464703722,-0.23510237636567338,-0.6844132059781843,0.7071067811865475,0.0,0.14395066385381394,39
289,-0.12792277383035552,1.613638851519845,-0.1832315464703722,-0.23510237636567338,1.2129658809947248,0.7071067811865475,0.0,1.7513020836742388,26
291,-0.12792277383035552,-0.4996077428672151,-0.1832315464703722,-0.23510237636567338,-0.2627734088730934,0.7071067811865475,0.0,0.14395066385381394,45
293,-0.12792277383035552,-0.4996077428672151,-0.1832315464703722,-0.23510237636567338,-0.6844132059781843,0.7071067811865475,0.0,0.14395066385381394,23
294,-0.12792277383035552,-0.8518155085983917,-0.1832315464703722,-0.23510237636567338,-0.2627734088730934,0.0,0.7071067811865475,-1.0615629010115046,34
297,-0.12792277383035552,-0.14739997713603842,-0.1832315464703722,-0.23510237636567338,-0.4735933074256388,0.0,0.7071067811865475,0.14395066385381394,23
298,-0.12792277383035552,-0.4996077428672151,-0.1832315464703722,-0.23510237636567338,-0.2627734088730934,0.0,0.7071067811865475,-1.0615629010115046,36
299,-0.12792277383035552,-1.2040232743295685,-0.1832315464703722,-0.23510237636567338,-0.4735933074256388,0.7071067811865475,0.0,-1.0615629010115046,50
300,-0.12792277383035552,-0.4996077428672151,-0.1832315464703722,-0.23510237636567338,-0.6844132059781843,0.0,0.7071067811865475,-1.0615629010115046,37
301,-0.12792277383035552,-0.14739997713603842,-0.1832315464703722,-0.23510237636567338,0.15886638823199753,0.0,0.7071067811865475,0.14395066385381394,44
302,-0.12792277383035552,1.613638851519845,1.8254808954748094,-0.23510237636567338,4.164444460730361,0.7071067811865475,0.0,2.153139938629345,35
304,-0.12792277383035552,0.20480778859513823,-0.1832315464703722,-0.23510237636567338,0.36968628678454296,0.7071067811865475,0.0,0.14395066385381394,24
306,-0.12792277383035552,1.9658466172510216,-0.1832315464703722,-0.23510237636567338,-0.2627734088730934,0.7071067811865475,0.0,1.7513020836742388,26
308,-0.12792277383035552,-0.8518155085983917,-0.1832315464703722,-0.23510237636567338,-0.6844132059781843,0.0,0.7071067811865475,-0.25788719110129227,27
310,-0.12792277383035552,1.2614310857886681,-0.1832315464703722,-0.23510237636567338,-0.6844132059781843,0.7071067811865475,0.0,0.9476263737640264,28
313,-0.12792277383035552,1.613638851519845,-0.1832315464703722,-0.23510237636567338,0.7913260838896339,0.7071067811865475,0.0,0.9476263737640264,28
315,-0.12792277383035552,-1.2040232743295685,-0.1832315464703722,-0.23510237636567338,-0.2627734088730934,0.7071067811865475,0.0,-1.0615629010115046,38
317,-0.12792277383035552,1.613638851519845,-0.1832315464703722,-0.23510237636567338,-0.4735933074256388,0.7071067811865475,0.0,1.3494642287191325,28
319,-0.12792277383035552,-1.2040232743295685,-0.1832315464703722,-0.23510237636567338,0.7913260838896339,0.7071067811865475,0.0,-1.0615629010115046,56
320,-0.12792277383035552,1.613638851519845,-0.1832315464703722,-0.23510237636567338,2.4778852723099973,0.7071067811865475,0.0,-0.25788719110129227,38
321,-0.12792277383035552,0.20480778859513823,-0.1832315464703722,-0.23510237636567338,-0.2627734088730934,0.0,0.7071067811865475,0.14395066385381394,28
326,-0.12792277383035552,-1.2040232743295685,-0.1832315464703722,-0.23510237636567338,-0.6844132059781843,0.0,0.7071067811865475,-1.0615629010115046,51
327,-0.12792277383035552,-0.8518155085983917,-0.1832315464703722,-0.23510237636567338,-0.6844132059781843,0.0,0.7071067811865475,-0.6597250460563985,51
329,-0.12792277383035552,-1.2040232743295685,-0.1832315464703722,-0.23510237636567338,-0.4735933074256388,0.0,0.7071067811865475,-1.0615629010115046,36
330,-0.12792277383035552,-1.2040232743295685,-0.1832315464703722,-0.23510237636567338,-0.6844132059781843,0.7071067811865475,0.0,-1.0615629010115046,48
331,-0.12792277383035552,-0.4996077428672151,-0.1832315464703722,-0.23510237636567338,0.15886638823199753,0.7071067811865475,0.0,0.14395066385381394,37
332,-0.12792277383035552,0.9092233200574916,-0.1832315464703722,-0.23510237636567338,-0.2627734088730934,0.7071067811865475,0.0,0.14395066385381394,30
333,-0.12792277383035552,0.5570155543263149,-0.1832315464703722,-0.23510237636567338,0.36968628678454296,0.0,0.7071067811865475,-0.25788719110129227,41
334,-0.12792277383035552,1.9658466172510216,-0.1832315464703722,-0.23510237636567338,1.6346056780998157,0.7071067811865475,0.0,2.153139938629345,27
335,-0.12792277383035552,-1.2040232743295685,-0.1832315464703722,-0.23510237636567338,-0.6844132059781843,0.0,0.7071067811865475,-1.0615629010115046,37
336,-0.12792277383035552,-0.14739997713603842,-0.1832315464703722,-0.23510237636567338,0.15886638823199753,0.7071067811865475,0.0,-0.6597250460563985,33
337,-0.12792277383035552,1.613638851519845,-0.1832315464703722,-0.23510237636567338,1.6346056780998157,0.7071067811865475,0.0,2.153139938629345,54
338,-0.12792277383035552,1.613638851519845,-0.1832315464703722,-0.23510237636567338,-0.2627734088730934,0.7071067811865475,0.0,0.5457885188089201,23
344,-0.12792277383035552,-1.2040232743295685,-0.1832315464703722,-0.23510237636567338,-0.6844132059781843,0.0,0.7071067811865475,-1.0615629010115046,41
345,-0.12792277383035552,-1.2040232743295685,-0.1832315464703722,-0.23510237636567338,-0.6844132059781843,0.7071067811865475,0.0,-1.0615629010115046,52
347,-0.12792277383035552,-0.14739997713603842,-0.1832315464703722,-0.23510237636567338,2.0562454752049066,0.7071067811865475,0.0,-1.0615629010115046,43
348,-0.12792277383035552,-0.14739997713603842,-0.1832315464703722,-0.23510237636567338,-0.6844132059781843,0.7071067811865475,0.0,-0.25788719110129227,52
349,-0.12792277383035552,-1.2040232743295685,-0.1832315464703722,-0.23510237636567338,-0.4735933074256388,0.7071067811865475,0.0,-0.6597250460563985,28
350,-0.12792277383035552,1.613638851519845,-0.1832315464703722,4.013951406735165,1.6346056780998157,0.0,0.7071067811865475,0.14395066385381394,30
351,-0.12792277383035552,0.20480778859513823,-0.1832315464703722,-0.23510237636567338,-0.4735933074256388,0.7071067811865475,0.0,-0.25788719110129227,28
354,-0.12792277383035552,-0.14739997713603842,-0.1832315464703722,-0.23510237636567338,-0.6844132059781843,0.7071067811865475,0.0,0.9476263737640264,22
355,-0.12792277383035552,-0.8518155085983917,-0.1832315464703722,-0.23510237636567338,0.15886638823199753,0.7071067811865475,0.0,-0.6597250460563985,30
356,-0.12792277383035552,-0.14739997713603842,-0.1832315464703722,-0.23510237636567338,0.15886638823199753,0.7071067811865475,0.0,0.14395066385381394,25
357,-0.12792277383035552,1.2614310857886681,-0.1832315464703722,-0.23510237636567338,-0.6844132059781843,0.7071067811865475,0.0,0.5457885188089201,31
358,-0.12792277383035552,-0.8518155085983917,-0.1832315464703722,-0.23510237636567338,-0.6844132059781843,0.7071067811865475,0.0,-1.0615629010115046,37
359,-0.12792277383035552,1.613638851519845,1.8254808954748094,-0.23510237636567338,2.2670653737574518,0.7071067811865475,0.0,1.7513020836742388,32
361,-0.12792277383035552,-1.2040232743295685,-0.1832315464703722,-0.23510237636567338,-0.4735933074256388,0.0,0.7071067811865475,-1.0615629010115046,53
362,-0.12792277383035552,1.2614310857886681,-0.1832315464703722,-0.23510237636567338,4.586084257835452,0.7071067811865475,0.0,2.153139938629345,28
363,-0.12792277383035552,0.20480778859513823,-0.1832315464703722,-0.23510237636567338,1.0021459824421792,0.0,0.7071067811865475,-0.25788719110129227,44
364,-0.12792277383035552,-0.4996077428672151,-0.1832315464703722,-0.23510237636567338,-0.6844132059781843,0.7071067811865475,0.0,0.14395066385381394,25
366,-0.12792277383035552,1.2614310857886681,-0.1832315464703722,1.8894245151847455,-0.4735933074256388,0.0,0.7071067811865475,1.3494642287191325,22
369,-0.12792277383035552,-1.2040232743295685,-0.1832315464703722,-0.23510237636567338,-0.6844132059781843,0.0,0.7071067811865475,-1.0615629010115046,37
372,-0.12792277383035552,-0.8518155085983917,-0.1832315464703722,-0.23510237636567338,-0.05195351032054794,0.7071067811865475,0.0,-1.0615629010115046,40
379,-0.12792277383035552,-0.8518155085983917,-0.1832315464703722,-0.23510237636567338,-0.6844132059781843,0.0,0.7071067811865475,-0.6597250460563985,31
381,-0.12792277383035552,0.5570155543263149,-0.1832315464703722,1.8894245151847455,-0.4735933074256388,0.7071067811865475,0.0,0.14395066385381394,23
382,-0.12792277383035552,0.20480778859513823,-0.1832315464703722,8.263005189836003,0.36968628678454296,0.7071067811865475,0.0,1.3494642287191325,23
383,-0.12792277383035552,1.2614310857886681,-0.1832315464703722,-0.23510237636567338,-0.6844132059781843,0.0,0.7071067811865475,1.3494642287191325,24
384,-0.12792277383035552,-0.4996077428672151,-0.1832315464703722,-0.23510237636567338,-0.4735933074256388,0.0,0.7071067811865475,-0.25788719110129227,29
385,-0.12792277383035552,1.2614310857886681,-0.1832315464703722,-0.23510237636567338,-0.4735933074256388,0.7071067811865475,0.0,1.3494642287191325,20
386,-0.12792277383035552,0.5570155543263149,-0.1832315464703722,-0.23510237636567338,-0.2627734088730934,0.7071067811865475,0.0,0.5457885188089201,30
389,-0.12792277383035552,-1.2040232743295685,-0.1832315464703722,-0.23510237636567338,-0.6844132059781843,0.7071067811865475,0.0,-1.0615629010115046,39
390,-0.12792277383035552,-0.14739997713603842,-0.1832315464703722,-0.23510237636567338,0.15886638823199753,0.7071067811865475,0.0,0.14395066385381394,27
393,-0.12792277383035552,-1.2040232743295685,-0.1832315464703722,-0.23510237636567338,-0.2627734088730934,0.7071067811865475,0.0,-1.0615629010115046,37
396,-0.12792277383035552,1.2614310857886681,-0.1832315464703722,-0.23510237636567338,-0.6844132059781843,0.7071067811865475,0.0,0.9476263737640264,20
398,-0.12792277383035552,0.9092233200574916,-0.1832315464703722,1.8894245151847455,-0.6844132059781843,0.7071067811865475,0.0,0.9476263737640264,22
399,-0.12792277383035552,-1.2040232743295685,-0.1832315464703722,-0.23510237636567338,-0.6844132059781843,0.7071067811865475,0.0,-1.0615629010115046,52
400,-0.12792277383035552,-0.14739997713603842,-0.1832315464703722,-0.23510237636567338,-0.6844132059781843,0.7071067811865475,0.0,0.14395066385381394,23
402,-0.12792277383035552,-0.8518155085983917,-0.1832315464703722,-0.23510237636567338,-0.6844132059781843,0.7071067811865475,0.0,-0.25788719110129227,48
404,-0.12792277383035552,0.20480778859513823,-0.1832315464703722,-0.23510237636567338,-0.6844132059781843,0.7071067811865475,0.0,0.14395066385381394,25
405,-0.12792277383035552,0.5570155543263149,-0.1832315464703722,-0.23510237636567338,-0.6844132059781843,0.7071067811865475,0.0,1.3494642287191325,27
406,-0.12792277383035552,0.9092233200574916,-0.1832315464703722,-0.23510237636567338,1.6346056780998157,0.7071067811865475,0.0,0.9476263737640264,30
407,-0.12792277383035552,1.9658466172510216,1.8254808954748094,1.8894245151847455,-0.05195351032054794,0.0,0.7071067811865475,1.3494642287191325,22
408,-0.12792277383035552,-0.4996077428672151,-0.1832315464703722,-0.23510237636567338,-0.4735933074256388,0.7071067811865475,0.0,0.14395066385381394,22
411,-0.12792277383035552,-0.4996077428672151,-0.1832315464703722,-0.23510237636567338,-0.2627734088730934,0.0,0.7071067811865475,-1.0615629010115046,41
414,-0.12792277383035552,-0.8518155085983917,-0.1832315464703722,-0.23510237636567338,-0.6844132059781843,0.7071067811865475,0.0,-0.25788719110129227,25
416,-0.12792277383035552,0.5570155543263149,-0.1832315464703722,-0.23510237636567338,-0.05195351032054794,0.7071067811865475,0.0,-0.6597250460563985,52
417,-0.12792277383035552,-1.2040232743295685,-0.1832315464703722,-0.23510237636567338,-0.6844132059781843,0.7071067811865475,0.0,-1.0615629010115046,43
423,-0.12792277383035552,-1.2040232743295685,-0.1832315464703722,-0.23510237636567338,-0.05195351032054794,0.7071067811865475,0.0,-1.0615629010115046,37
425,-0.12792277383035552,-1.2040232743295685,-0.1832315464703722,-0.23510237636567338,-0.4735933074256388,0.0,0.7071067811865475,-1.0615629010115046,70
428,-0.12792277383035552,-0.14739997713603842,-0.1832315464703722,-0.23510237636567338,-0.05195351032054794,0.7071067811865475,0.0,-0.6597250460563985,46
429,-0.12792277383035552,1.613638851519845,-0.1832315464703722,-0.23510237636567338,-0.6844132059781843,0.0,0.7071067811865475,1.3494642287191325,21
430,-0.12792277383035552,1.2614310857886681,-0.1832315464703722,-0.23510237636567338,-0.4735933074256388,0.0,0.7071067811865475,0.9476263737640264,26
431,-0.12792277383035552,-1.2040232743295685,-0.1832315464703722,-0.23510237636567338,-0.05195351032054794,0.7071067811865475,0.0,-1.0615629010115046,38
432,-0.12792277383035552,-0.14739997713603842,-0.1832315464703722,-0.23510237636567338,0.36968628678454296,0.0,0.7071067811865475,0.14395066385381394,34
435,-0.12792277383035552,-0.14739997713603842,-0.1832315464703722,-0.23510237636567338,0.36968628678454296,0.0,0.7071067811865475,0.14395066385381394,34
437,-0.12792277383035552,0.20480778859513823,-0.1832315464703722,-0.23510237636567338,-0.6844132059781843,0.7071067811865475,0.0,0.5457885188089201,23
438,-0.12792277383035552,-0.14739997713603842,-0.1832315464703722,-0.23510237636567338,0.36968628678454296,0.7071067811865475,0.0,-0.6597250460563985,34
440,-0.12792277383035552,-0.4996077428672151,-0.1832315464703722,-0.23510237636567338,0.5805061853370884,0.7071067811865475,0.0,-1.0615629010115046,39
441,-0.12792277383035552,-0.4996077428672151,-0.1832315464703722,-0.23510237636567338,-0.6844132059781843,0.7071067811865475,0.0,0.5457885188089201,24
445,-0.12792277383035552,-0.4996077428672151,-0.1832315464703722,-0.23510237636567338,-0.2627734088730934,0.7071067811865475,0.0,-1.0615629010115046,58
446,-0.12792277383035552,0.5570155543263149,-0.1832315464703722,-0.23510237636567338,-0.6844132059781843,0.0,0.7071067811865475,1.3494642287191325,21
451,-0.12792277383035552,1.2614310857886681,-0.1832315464703722,1.8894245151847455,0.15886638823199753,0.0,0.7071067811865475,0.5457885188089201,23
452,-0.12792277383035552,-1.2040232743295685,-0.1832315464703722,-0.23510237636567338,-0.6844132059781843,0.7071067811865475,0.0,-1.0615629010115046,62
456,-0.12792277383035552,-0.4996077428672151,-0.1832315464703722,-0.23510237636567338,0.36968628678454296,0.7071067811865475,0.0,-1.0615629010115046,37
457,-0.12792277383035552,-0.8518155085983917,-0.1832315464703722,-0.23510237636567338,-0.2627734088730934,0.7071067811865475,0.0,-1.0615629010115046,43
459,-0.12792277383035552,-1.2040232743295685,-0.1832315464703722,-0.23510237636567338,0.36968628678454296,0.7071067811865475,0.0,-1.0615629010115046,32
461,-0.12792277383035552,-0.4996077428672151,-0.1832315464703722,-0.23510237636567338,-0.6844132059781843,0.7071067811865475,0.0,0.5457885188089201,23
462,-0.12792277383035552,-1.2040232743295685,-0.1832315464703722,-0.23510237636567338,-0.6844132059781843,0.0,0.7071067811865475,-0.6597250460563985,27
463,-0.12792277383035552,-1.2040232743295685,-0.1832315464703722,-0.23510237636567338,-0.6844132059781843,0.0,0.7071067811865475,-1.0615629010115046,44
464,-0.12792277383035552,-0.4996077428672151,-0.1832315464703722,-0.23510237636567338,-0.05195351032054794,0.0,0.7071067811865475,-0.25788719110129227,28
465,-0.12792277383035552,-0.8518155085983917,-0.1832315464703722,-0.23510237636567338,-0.6844132059781843,0.7071067811865475,0.0,-1.0615629010115046,42
467,-0.12792277383035552,1.9658466172510216,1.8254808954748094,-0.23510237636567338,1.2129658809947248,0.7071067811865475,0.0,2.554977793584451,24
468,-0.12792277383035552,-0.8518155085983917,-0.1832315464703722,-0.23510237636567338,-0.6844132059781843,0.7071067811865475,0.0,-0.25788719110129227,27
469,-0.12792277383035552,1.9658466172510216,-0.1832315464703722,-0.23510237636567338,-0.6844132059781843,0.7071067811865475,0.0,2.153139938629345,20
474,-0.12792277383035552,-1.2040232743295685,-0.1832315464703722,-0.23510237636567338,-0.6844132059781843,0.0,0.7071067811865475,-1.0615629010115046,51
475,-0.12792277383035552,-1.2040232743295685,-0.1832315464703722,-0.23510237636567338,-0.6844132059781843,0.0,0.7071067811865475,-1.0615629010115046,56
478,-0.12792277383035552,1.613638851519845,-0.1832315464703722,-0.23510237636567338,0.7913260838896339,0.7071067811865475,0.0,0.9476263737640264,29
480,-0.12792277383035552,1.613638851519845,-0.1832315464703722,-0.23510237636567338,-0.6844132059781843,0.7071067811865475,0.0,1.7513020836742388,20
484,-0.12792277383035552,0.20480778859513823,-0.1832315464703722,-0.23510237636567338,1.0021459824421792,0.7071067811865475,0.0,-0.25788719110129227,27
485,-0.12792277383035552,1.613638851519845,1.8254808954748094,-0.23510237636567338,-0.2627734088730934,0.7071067811865475,0.0,2.153139938629345,24
487,-0.12792277383035552,0.5570155543263149,-0.1832315464703722,-0.23510237636567338,6.905103141913453,0.7071067811865475,0.0,2.153139938629345,53
489,-0.12792277383035552,-0.4996077428672151,-0.1832315464703722,-0.23510237636567338,-0.2627734088730934,0.0,0.7071067811865475,0.14395066385381394,28
494,-0.12792277383035552,0.20480778859513823,1.8254808954748094,-0.23510237636567338,-0.05195351032054794,0.7071067811865475,0.0,0.9476263737640264,21
495,-0.12792277383035552,0.9092233200574916,-0.1832315464703722,-0.23510237636567338,-0.6844132059781843,0.7071067811865475,0.0,0.5457885188089201,36
496,-0.12792277383035552,-0.14739997713603842,-0.1832315464703722,-0.23510237636567338,-0.2627734088730934,0.0,0.7071067811865475,0.14395066385381394,25
497,-0.12792277383035552,-0.4996077428672151,-0.1832315464703722,-0.23510237636567338,-0.4735933074256388,0.0,0.7071067811865475,0.14395066385381394,23
499,-0.12792277383035552,0.20480778859513823,-0.1832315464703722,-0.23510237636567338,-0.4735933074256388,0.7071067811865475,0.0,-0.25788719110129227,28
500,-0.12792277383035552,1.2614310857886681,-0.1832315464703722,-0.23510237636567338,-0.6844132059781843,0.7071067811865475,0.0,1.3494642287191325,21
501,-0.12792277383035552,-0.4996077428672151,-0.1832315464703722,-0.23510237636567338,-0.6844132059781843,0.0,0.7071067811865475,-0.25788719110129227,36
502,-0.12792277383035552,-0.4996077428672151,-0.1832315464703722,-0.23510237636567338,-0.6844132059781843,0.7071067811865475,0.0,0.14395066385381394,24
504,-0.12792277383035552,-0.8518155085983917,-0.1832315464703722,-0.23510237636567338,-0.4735933074256388,0.7071067811865475,0.0,-0.6597250460563985,30
505,-0.12792277383035552,-1.2040232743295685,-0.1832315464703722,-0.23510237636567338,-0.6844132059781843,0.7071067811865475,0.0,-0.6597250460563985,29
509,-0.12792277383035552,0.5570155543263149,-0.1832315464703722,-0.23510237636567338,-0.6844132059781843,0.0,0.7071067811865475,-0.6597250460563985,30
510,-0.12792277383035552,-1.2040232743295685,-0.1832315464703722,-0.23510237636567338,-0.4735933074256388,0.0,0.7071067811865475,-1.0615629010115046,51
516,-0.12792277383035552,1.613638851519845,1.8254808954748094,-0.23510237636567338,1.845425576652361,0.7071067811865475,0.0,1.3494642287191325,32
517,-0.12792277383035552,0.5570155543263149,-0.1832315464703722,1.8894245151847455,-0.4735933074256388,0.7071067811865475,0.0,0.5457885188089201,23
518,-0.12792277383035552,-0.4996077428672151,-0.1832315464703722,-0.23510237636567338,-0.05195351032054794,0.7071067811865475,0.0,-0.6597250460563985,47
522,-0.12792277383035552,-1.2040232743295685,-0.1832315464703722,-0.23510237636567338,-0.6844132059781843,0.7071067811865475,0.0,-1.0615629010115046,37
523,-0.12792277383035552,1.9658466172510216,3.834193337419991,-0.23510237636567338,-0.2627734088730934,0.7071067811865475,0.0,2.153139938629345,19
524,-0.12792277383035552,1.2614310857886681,-0.1832315464703722,-0.23510237636567338,-0.6844132059781843,0.0,0.7071067811865475,0.9476263737640264,27
525,-0.12792277383035552,-1.2040232743295685,-0.1832315464703722,-0.23510237636567338,-0.6844132059781843,0.0,0.7071067811865475,-1.0615629010115046,39
526,-0.12792277383035552,0.5570155543263149,-0.1832315464703722,4.013951406735165,-0.6844132059781843,0.7071067811865475,0.0,1.7513020836742388,21
527,-0.12792277383035552,-1.2040232743295685,-0.1832315464703722,-0.23510237636567338,-0.6844132059781843,0.0,0.7071067811865475,-1.0615629010115046,69
530,-0.12792277383035552,0.5570155543263149,-0.1832315464703722,-0.23510237636567338,-0.2627734088730934,0.7071067811865475,0.0,0.9476263737640264,21
531,-0.12792277383035552,1.9658466172510216,-0.1832315464703722,1.8894245151847455,0.5805061853370884,0.0,0.7071067811865475,2.554977793584451,26
532,-0.12792277383035552,-0.14739997713603842,-0.1832315464703722,-0.23510237636567338,-0.6844132059781843,0.7071067811865475,0.0,0.5457885188089201,22
533,-0.12792277383035552,0.20480778859513823,-0.1832315464703722,-0.23510237636567338,-0.6844132059781843,0.7071067811865475,0.0,0.5457885188089201,23
537,-0.12792277383035552,0.20480778859513823,-0.1832315464703722,-0.23510237636567338,-0.05195351032054794,0.7071067811865475,0.0,0.14395066385381394,49
538,-0.12792277383035552,-0.14739997713603842,-0.1832315464703722,1.8894245151847455,-0.2627734088730934,0.0,0.7071067811865475,-0.25788719110129227,29
540,-0.12792277383035552,-1.2040232743295685,-0.1832315464703722,-0.23510237636567338,-0.6844132059781843,0.0,0.7071067811865475,-1.0615629010115046,60
542,4.186499958852454,1.9658466172510216,-0.1832315464703722,-0.23510237636567338,-0.05195351032054794,0.7071067811865475,0.0,2.554977793584451,23
545,2.0292885925110493,-0.14739997713603842,-0.1832315464703722,-0.23510237636567338,-0.4735933074256388,0.7071067811865475,0.0,1.3494642287191325,20
546,-0.12792277383035552,-0.4996077428672151,-0.1832315464703722,-0.23510237636567338,-0.4735933074256388,0.7071067811865475,0.0,-0.6597250460563985,36
547,-0.12792277383035552,-0.14739997713603842,-0.1832315464703722,-0.23510237636567338,-0.6844132059781843,0.7071067811865475,0.0,-0.25788719110129227,30
548,-0.12792277383035552,-0.4996077428672151,1.8254808954748094,-0.23510237636567338,-0.4735933074256388,0.7071067811865475,0.0,0.9476263737640264,21
552,-0.12792277383035552,0.5570155543263149,-0.1832315464703722,-0.23510237636567338,-0.2627734088730934,0.0,0.7071067811865475,0.5457885188089201,22
557,-0.12792277383035552,1.613638851519845,-0.1832315464703722,-0.23510237636567338,0.15886638823199753,0.7071067811865475,0.0,0.9476263737640264,21
558,-0.12792277383035552,0.20480778859513823,-0.1832315464703722,-0.23510237636567338,-0.6844132059781843,0.7071067811865475,0.0,0.9476263737640264,21
561,-0.12792277383035552,-1.2040232743295685,-0.1832315464703722,-0.23510237636567338,-0.4735933074256388,0.0,0.7071067811865475,-1.0615629010115046,34
563,-0.12792277383035552,-1.2040232743295685,-0.1832315464703722,-0.23510237636567338,-0.4735933074256388,0.0,0.7071067811865475,-1.0615629010115046,50
565,-0.12792277383035552,0.9092233200574916,-0.1832315464703722,-0.23510237636567338,-0.6844132059781843,0.7071067811865475,0.0,2.153139938629345,40
566,-0.12792277383035552,1.2614310857886681,-0.1832315464703722,-0.23510237636567338,0.7913260838896339,0.7071067811865475,0.0,1.3494642287191325,25
567,-0.12792277383035552,-1.2040232743295685,-0.1832315464703722,-0.23510237636567338,-0.4735933074256388,0.0,0.7071067811865475,-1.0615629010115046,53
569,-0.12792277383035552,-0.14739997713603842,-0.1832315464703722,-0.23510237636567338,-0.6844132059781843,0.7071067811865475,0.0,0.14395066385381394,24
572,-0.12792277383035552,-1.2040232743295685,-0.1832315464703722,-0.23510237636567338,-0.4735933074256388,0.7071067811865475,0.0,-1.0615629010115046,42
573,-0.12792277383035552,-0.4996077428672151,-0.1832315464703722,-0.23510237636567338,-0.4735933074256388,0.0,0.7071067811865475,-0.25788719110129227,28
576,2.0292885925110493,1.2614310857886681,1.8254808954748094,-0.23510237636567338,0.5805061853370884,0.7071067811865475,0.0,-0.25788719110129227,26
579,-0.12792277383035552,1.613638851519845,-0.1832315464703722,-0.23510237636567338,0.15886638823199753,0.7071067811865475,0.0,2.153139938629345,22
580,-0.12792277383035552,0.9092233200574916,-0.1832315464703722,-0.23510237636567338,-0.05195351032054794,0.0,0.7071067811865475,1.7513020836742388,21
581,-0.12792277383035552,1.613638851519845,-0.1832315464703722,-0.23510237636567338,4.164444460730361,0.7071067811865475,0.0,0.14395066385381394,37
584,-0.12792277383035552,0.20480778859513823,-0.1832315464703722,-0.23510237636567338,-0.2627734088730934,0.7071067811865475,0.0,0.5457885188089201,35
586,-0.12792277383035552,-1.2040232743295685,-0.1832315464703722,-0.23510237636567338,-0.2627734088730934,0.7071067811865475,0.0,-1.0615629010115046,53
588,-0.12792277383035552,-0.14739997713603842,-0.1832315464703722,-0.23510237636567338,0.7913260838896339,0.7071067811865475,0.0,-0.25788719110129227,29
590,2.0292885925110493,1.2614310857886681,-0.1832315464703722,-0.23510237636567338,4.164444460730361,0.7071067811865475,0.0,0.5457885188089201,48
594,-0.12792277383035552,-1.2040232743295685,-0.1832315464703722,-0.23510237636567338,-0.6844132059781843,0.0,0.7071067811865475,-1.0615629010115046,52
597,-0.12792277383035552,1.2614310857886681,-0.1832315464703722,-0.23510237636567338,1.845425576652361,0.7071067811865475,0.0,0.5457885188089201,27
598,-0.12792277383035552,1.613638851519845,-0.1832315464703722,-0.23510237636567338,0.36968628678454296,0.7071067811865475,0.0,0.9476263737640264,28
599,-0.12792277383035552,-0.4996077428672151,-0.1832315464703722,-0.23510237636567338,-0.05195351032054794,0.0,0.7071067811865475,-1.0615629010115046,33
600,-0.12792277383035552,-0.8518155085983917,-0.1832315464703722,-0.23510237636567338,-0.6844132059781843,0.7071067811865475,0.0,-0.6597250460563985,28
602,-0.12792277383035552,0.9092233200574916,-0.1832315464703722,-0.23510237636567338,2.2670653737574518,0.7071067811865475,0.0,-0.25788719110129227,36
603,2.0292885925110493,0.20480778859513823,-0.1832315464703722,-0.23510237636567338,-0.2627734088730934,0.7071067811865475,0.0,0.5457885188089201,29
604,-0.12792277383035552,1.613638851519845,-0.1832315464703722,1.8894245151847455,-0.6844132059781843,0.0,0.7071067811865475,1.3494642287191325,22
608,-0.12792277383035552,-0.8518155085983917,-0.1832315464703722,-0.23510237636567338,-0.6844132059781843,0.7071067811865475,0.0,-0.25788719110129227,25
611,-0.12792277383035552,-0.4996077428672151,-0.1832315464703722,-0.23510237636567338,0.36968628678454296,0.7071067811865475,0.0,-0.25788719110129227,56
612,-0.12792277383035552,1.2614310857886681,-0.1832315464703722,-0.23510237636567338,1.2129658809947248,0.7071067811865475,0.0,1.7513020836742388,27
613,-0.12792277383035552,-1.2040232743295685,-0.1832315464703722,-0.23510237636567338,0.15886638823199753,0.7071067811865475,0.0,-1.0615629010115046,52
616,-0.12792277383035552,-0.8518155085983917,-0.1832315464703722,-0.23510237636567338,-0.05195351032054794,0.7071067811865475,0.0,-0.6597250460563985,32
617,-0.12792277383035552,-1.2040232743295685,-0.1832315464703722,-0.23510237636567338,0.15886638823199753,0.7071067811865475,0.0,-1.0615629010115046,60
621,-0.12792277383035552,-0.4996077428672151,-0.1832315464703722,-0.23510237636567338,-0.4735933074256388,0.0,0.7071067811865475,0.14395066385381394,23
622,-0.12792277383035552,0.5570155543263149,-0.1832315464703722,-0.23510237636567338,-0.6844132059781843,0.0,0.7071067811865475,-0.6597250460563985,39
623,-0.12792277383035552,-1.2040232743295685,-0.1832315464703722,-0.23510237636567338,-0.6844132059781843,0.0,0.7071067811865475,-1.0615629010115046,56
624,-0.12792277383035552,0.9092233200574916,-0.1832315464703722,-0.23510237636567338,-0.6844132059781843,0.7071067811865475,0.0,1.7513020836742388,22
627,-0.12792277383035552,0.5570155543263149,-0.1832315464703722,-0.23510237636567338,1.6346056780998157,0.7071067811865475,0.0,-0.25788719110129227,53
628,-0.12792277383035552,-0.8518155085983917,-0.1832315464703722,-0.23510237636567338,-0.6844132059781843,0.0,0.7071067811865475,-0.25788719110129227,25
629,-0.12792277383035552,-0.4996077428672151,-0.1832315464703722,-0.23510237636567338,-0.6844132059781843,0.0,0.7071067811865475,0.9476263737640264,21
630,-0.12792277383035552,-0.4996077428672151,-0.1832315464703722,-0.23510237636567338,-0.6844132059781843,0.7071067811865475,0.0,0.5457885188089201,22
633,-0.12792277383035552,-1.2040232743295685,-0.1832315464703722,-0.23510237636567338,-0.2627734088730934,0.0,0.7071067811865475,-1.0615629010115046,58
635,-0.12792277383035552,-0.4996077428672151,-0.1832315464703722,-0.23510237636567338,0.7913260838896339,0.0,0.7071067811865475,-0.6597250460563985,31
637,-0.12792277383035552,0.20480778859513823,-0.1832315464703722,-0.23510237636567338,-0.4735933074256388,0.7071067811865475,0.0,0.5457885188089201,22
638,-0.12792277383035552,0.5570155543263149,-0.1832315464703722,-0.23510237636567338,1.0021459824421792,0.7071067811865475,0.0,0.9476263737640264,28
639,-0.12792277383035552,-1.2040232743295685,-0.1832315464703722,-0.23510237636567338,-0.4735933074256388,0.7071067811865475,0.0,-1.0615629010115046,42
640,-0.12792277383035552,0.9092233200574916,-0.1832315464703722,-0.23510237636567338,-0.6844132059781843,0.7071067811865475,0.0,1.7513020836742388,20
641,-0.12792277383035552,0.5570155543263149,-0.1832315464703722,-0.23510237636567338,-0.6844132059781843,0.0,0.7071067811865475,0.14395066385381394,29
644,-0.12792277383035552,0.9092233200574916,-0.1832315464703722,-0.23510237636567338,3.7428046636252703,0.0,0.7071067811865475,0.14395066385381394,58
645,-0.12792277383035552,0.9092233200574916,-0.1832315464703722,-0.23510237636567338,-0.05195351032054794,0.7071067811865475,0.0,0.9476263737640264,22
646,-0.12792277383035552,-1.2040232743295685,-0.1832315464703722,-0.23510237636567338,-0.4735933074256388,0.0,0.7071067811865475,-1.0615629010115046,48
647,-0.12792277383035552,-0.14739997713603842,-0.1832315464703722,-0.23510237636567338,-0.6844132059781843,0.7071067811865475,0.0,-0.25788719110129227,37
648,-0.12792277383035552,0.20480778859513823,-0.1832315464703722,-0.23510237636567338,-0.4735933074256388,0.7071067811865475,0.0,0.9476263737640264,57
649,-0.12792277383035552,-1.2040232743295685,-0.1832315464703722,-0.23510237636567338,-0.05195351032054794,0.0,0.7071067811865475,-1.0615629010115046,27
651,-0.12792277383035552,-0.14739997713603842,-0.1832315464703722,-0.23510237636567338,-0.05195351032054794,0.7071067811865475,0.0,-0.25788719110129227,26
653,-0.12792277383035552,1.2614310857886681,1.8254808954748094,1.8894245151847455,-0.05195351032054794,0.7071067811865475,0.0,0.5457885188089201,24
654,-0.12792277383035552,-1.2040232743295685,-0.1832315464703722,-0.23510237636567338,-0.6844132059781843,0.7071067811865475,0.0,-0.6597250460563985,33
656,-0.12792277383035552,0.5570155543263149,-0.1832315464703722,-0.23510237636567338,-0.2627734088730934,0.7071067811865475,0.0,-0.25788719110129227,29
657,-0.12792277383035552,1.9658466172510216,-0.1832315464703722,-0.23510237636567338,-0.05195351032054794,0.7071067811865475,0.0,2.153139938629345,24
659,-0.12792277383035552,1.9658466172510216,-0.1832315464703722,1.8894245151847455,-0.4735933074256388,0.7071067811865475,0.0,1.7513020836742388,19
660,-0.12792277383035552,-1.2040232743295685,-0.1832315464703722,-0.23510237636567338,-0.2627734088730934,0.0,0.7071067811865475,-1.0615629010115046,36
662,-0.12792277383035552,0.20480778859513823,-0.1832315464703722,-0.23510237636567338,-0.6844132059781843,0.7071067811865475,0.0,0.5457885188089201,24
664,-0.12792277383035552,-1.2040232743295685,-0.1832315464703722,-0.23510237636567338,-0.6844132059781843,0.0,0.7071067811865475,-1.0615629010115046,34
668,-0.12792277383035552,0.20480778859513823,-0.1832315464703722,-0.23510237636567338,-0.2627734088730934,0.7071067811865475,0.0,-0.25788719110129227,25
669,2.0292885925110493,1.9658466172510216,-0.1832315464703722,1.8894245151847455,-0.4735933074256388,0.7071067811865475,0.0,1.7513020836742388,20
674,-0.12792277383035552,-0.8518155085983917,-0.1832315464703722,-0.23510237636567338,-0.4735933074256388,0.0,0.7071067811865475,0.14395066385381394,24
675,-0.12792277383035552,-1.2040232743295685,-0.1832315464703722,-0.23510237636567338,0.15886638823199753,0.7071067811865475,0.0,-1.0615629010115046,61
678,-0.12792277383035552,-0.8518155085983917,-0.1832315464703722,-0.23510237636567338,-0.05195351032054794,0.7071067811865475,0.0,-1.0615629010115046,50
679,-0.12792277383035552,-1.2040232743295685,-0.1832315464703722,-0.23510237636567338,-0.4735933074256388,0.0,0.7071067811865475,-0.6597250460563985,30
680,-0.12792277383035552,-0.4996077428672151,-0.1832315464703722,-0.23510237636567338,0.36968628678454296,0.7071067811865475,0.0,-0.6597250460563985,38
681,-0.12792277383035552,-1.2040232743295685,-0.1832315464703722,-0.23510237636567338,-0.6844132059781843,0.0,0.7071067811865475,-0.6597250460563985,24
685,-0.12792277383035552,1.9658466172510216,-0.1832315464703722,-0.23510237636567338,-0.2627734088730934,0.7071067811865475,0.0,1.7513020836742388,46
686,-0.12792277383035552,-1.2040232743295685,-0.1832315464703722,-0.23510237636567338,-0.6844132059781843,0.0,0.7071067811865475,-1.0615629010115046,41
687,-0.12792277383035552,1.2614310857886681,-0.1832315464703722,1.8894245151847455,-0.6844132059781843,0.7071067811865475,0.0,0.9476263737640264,20
688,-0.12792277383035552,1.2614310857886681,-0.1832315464703722,-0.23510237636567338,2.0562454752049066,0.0,0.7071067811865475,2.153139938629345,27
691,-0.12792277383035552,0.5570155543263149,-0.1832315464703722,-0.23510237636567338,-0.4735933074256388,0.0,0.7071067811865475,-0.25788719110129227,26
692,-0.12792277383035552,0.20480778859513823,-0.1832315464703722,-0.23510237636567338,-0.05195351032054794,0.7071067811865475,0.0,-0.25788719110129227,29
693,-0.12792277383035552,0.20480778859513823,-0.1832315464703722,-0.23510237636567338,0.5805061853370884,0.7071067811865475,0.0,-0.25788719110129227,52
694,-0.12792277383035552,-0.14739997713603842,-0.1832315464703722,-0.23510237636567338,-0.4735933074256388,0.7071067811865475,0.0,-0.25788719110129227,28
697,-0.12792277383035552,-0.4996077428672151,-0.1832315464703722,-0.23510237636567338,0.36968628678454296,0.7071067811865475,0.0,-1.0615629010115046,55
700,2.0292885925110493,1.613638851519845,1.8254808954748094,-0.23510237636567338,1.4237857795472701,0.7071067811865475,0.0,0.9476263737640264,26
701,-0.12792277383035552,1.9658466172510216,-0.1832315464703722,-0.23510237636567338,0.36968628678454296,0.7071067811865475,0.0,2.554977793584451,28
703,-0.12792277383035552,-1.2040232743295685,-0.1832315464703722,-0.23510237636567338,-0.2627734088730934,0.7071067811865475,0.0,-1.0615629010115046,63
704,-0.12792277383035552,-1.2040232743295685,-0.1832315464703722,-0.23510237636567338,-0.6844132059781843,0.7071067811865475,0.0,-1.0615629010115046,42
707,2.0292885925110493,0.5570155543263149,3.834193337419991,4.013951406735165,0.5805061853370884,0.7071067811865475,0.0,0.9476263737640264,23
708,-0.12792277383035552,1.613638851519845,-0.1832315464703722,-0.23510237636567338,5.218543953493088,0.7071067811865475,0.0,0.5457885188089201,54
709,-0.12792277383035552,0.9092233200574916,-0.1832315464703722,1.8894245151847455,1.0021459824421792,0.7071067811865475,0.0,0.14395066385381394,35
711,2.0292885925110493,1.613638851519845,-0.1832315464703722,-0.23510237636567338,0.5805061853370884,0.7071067811865475,0.0,2.153139938629345,24
712,-0.12792277383035552,-1.2040232743295685,-0.1832315464703722,-0.23510237636567338,-0.2627734088730934,0.0,0.7071067811865475,-1.0615629010115046,54
713,-0.12792277383035552,0.5570155543263149,-0.1832315464703722,-0.23510237636567338,1.845425576652361,0.0,0.7071067811865475,-0.25788719110129227,58
715,-0.12792277383035552,0.20480778859513823,-0.1832315464703722,1.8894245151847455,-0.4735933074256388,0.0,0.7071067811865475,0.5457885188089201,23
716,-0.12792277383035552,-0.8518155085983917,-0.1832315464703722,-0.23510237636567338,-0.4735933074256388,0.0,0.7071067811865475,-0.6597250460563985,35
718,-0.12792277383035552,1.9658466172510216,-0.1832315464703722,-0.23510237636567338,-0.4735933074256388,0.7071067811865475,0.0,2.554977793584451,20
720,-0.12792277383035552,-1.2040232743295685,-0.1832315464703722,-0.23510237636567338,-0.6844132059781843,0.7071067811865475,0.0,-1.0615629010115046,51
721,-0.12792277383035552,1.9658466172510216,-0.1832315464703722,-0.23510237636567338,-0.6844132059781843,0.7071067811865475,0.0,1.3494642287191325,24
722,-0.12792277383035552,-0.8518155085983917,-0.1832315464703722,-0.23510237636567338,-0.05195351032054794,0.7071067811865475,0.0,-1.0615629010115046,37
724,-0.12792277383035552,-1.2040232743295685,-0.1832315464703722,-0.23510237636567338,-0.05195351032054794,0.7071067811865475,0.0,-1.0615629010115046,47
726,-0.12792277383035552,0.5570155543263149,-0.1832315464703722,-0.23510237636567338,0.15886638823199753,0.7071067811865475,0.0,-0.6597250460563985,34
727,-0.12792277383035552,-1.2040232743295685,-0.1832315464703722,-0.23510237636567338,-0.6844132059781843,0.7071067811865475,0.0,-1.0615629010115046,56
728,-0.12792277383035552,-1.2040232743295685,-0.1832315464703722,-0.23510237636567338,0.15886638823199753,0.7071067811865475,0.0,-1.0615629010115046,34
729,-0.12792277383035552,-1.2040232743295685,-0.1832315464703722,-0.23510237636567338,-0.4735933074256388,0.7071067811865475,0.0,-1.0615629010115046,59
730,-0.12792277383035552,0.5570155543263149,-0.1832315464703722,-0.23510237636567338,-0.6844132059781843,0.7071067811865475,0.0,0.14395066385381394,35
731,-0.12792277383035552,-1.2040232743295685,-0.1832315464703722,-0.23510237636567338,-0.4735933074256388,0.7071067811865475,0.0,-1.0615629010115046,58
732,-0.12792277383035552,-0.14739997713603842,-0.1832315464703722,-0.23510237636567338,-0.2627734088730934,0.0,0.7071067811865475,-0.6597250460563985,29
737,-0.12792277383035552,1.613638851519845,-0.1832315464703722,1.8894245151847455,0.5805061853370884,0.7071067811865475,0.0,0.14395066385381394,24
738,-0.12792277383035552,1.613638851519845,-0.1832315464703722,8.263005189836003,-0.2627734088730934,0.0,0.7071067811865475,2.153139938629345,21
740,-0.12792277383035552,0.9092233200574916,-0.1832315464703722,-0.23510237636567338,0.36968628678454296,0.7071067811865475,0.0,0.5457885188089201,50
743,-0.12792277383035552,-0.8518155085983917,-0.1832315464703722,-0.23510237636567338,-0.4735933074256388,0.7071067811865475,0.0,-0.25788719110129227,26
745,-0.12792277383035552,-0.8518155085983917,-0.1832315464703722,-0.23510237636567338,-0.6844132059781843,0.0,0.7071067811865475,-0.6597250460563985,30
752,-0.12792277383035552,-0.14739997713603842,-0.1832315464703722,-0.23510237636567338,-0.6844132059781843,0.0,0.7071067811865475,0.14395066385381394,29
753,-0.12792277383035552,-1.2040232743295685,-0.1832315464703722,-0.23510237636567338,-0.6844132059781843,0.0,0.7071067811865475,-1.0615629010115046,54
754,-0.12792277383035552,-0.14739997713603842,-0.1832315464703722,-0.23510237636567338,0.15886638823199753,0.7071067811865475,0.0,0.14395066385381394,29
756,-0.12792277383035552,-1.2040232743295685,-0.1832315464703722,-0.23510237636567338,-0.6844132059781843,0.0,0.7071067811865475,-1.0615629010115046,59
757,-0.12792277383035552,0.20480778859513823,-0.1832315464703722,-0.23510237636567338,-0.6844132059781843,0.7071067811865475,0.0,-1.0615629010115046,38
762,-0.12792277383035552,-0.4996077428672151,-0.1832315464703722,-0.23510237636567338,-0.4735933074256388,0.0,0.7071067811865475,-0.25788719110129227,27
763,-0.12792277383035552,0.20480778859513823,-0.1832315464703722,-0.23510237636567338,0.7913260838896339,0.7071067811865475,0.0,0.5457885188089201,26
764,-0.12792277383035552,-0.4996077428672151,-0.1832315464703722,-0.23510237636567338,3.5319847650727247,0.7071067811865475,0.0,-1.0615629010115046,52
765,-0.12792277383035552,0.5570155543263149,-0.1832315464703722,-0.23510237636567338,6.272643446255816,0.7071067811865475,0.0,-0.6597250460563985,66
769,-0.12792277383035552,0.20480778859513823,-0.1832315464703722,-0.23510237636567338,-0.2627734088730934,0.7071067811865475,0.0,0.14395066385381394,27
770,-0.12792277383035552,-1.2040232743295685,-0.1832315464703722,-0.23510237636567338,-0.4735933074256388,0.0,0.7071067811865475,-1.0615629010115046,51
771,-0.12792277383035552,-0.8518155085983917,-0.1832315464703722,-0.23510237636567338,-0.4735933074256388,0.7071067811865475,0.0,-0.25788719110129227,35
775,-0.12792277383035552,-0.4996077428672151,-0.1832315464703722,-0.23510237636567338,0.15886638823199753,0.0,0.7071067811865475,-0.6597250460563985,52
781,-0.12792277383035552,0.20480778859513823,-0.1832315464703722,-0.23510237636567338,1.845425576652361,0.7071067811865475,0.0,0.14395066385381394,48
785,-0.12792277383035552,-0.8518155085983917,-0.1832315464703722,-0.23510237636567338,-0.6844132059781843,0.0,0.7071067811865475,-0.6597250460563985,26
786,-0.12792277383035552,-1.2040232743295685,-0.1832315464703722,-0.23510237636567338,-0.6844132059781843,0.0,0.7071067811865475,-1.0615629010115046,48
787,-0.12792277383035552,-0.14739997713603842,-0.1832315464703722,-0.23510237636567338,0.7913260838896339,0.0,0.7071067811865475,0.5457885188089201,30
788,-0.12792277383035552,-1.2040232743295685,-0.1832315464703722,-0.23510237636567338,-0.2627734088730934,0.0,0.7071067811865475,-0.6597250460563985,28
789,-0.12792277383035552,-0.4996077428672151,-0.1832315464703722,-0.23510237636567338,-0.2627734088730934,0.0,0.7071067811865475,-0.25788719110129227,33
790,-0.12792277383035552,-0.14739997713603842,-0.1832315464703722,-0.23510237636567338,0.5805061853370884,0.7071067811865475,0.0,-0.6597250460563985,34
792,-0.12792277383035552,-1.2040232743295685,-0.1832315464703722,-0.23510237636567338,-0.6844132059781843,0.0,0.7071067811865475,-0.6597250460563985,25
793,-0.12792277383035552,0.9092233200574916,-0.1832315464703722,-0.23510237636567338,1.4237857795472701,0.7071067811865475,0.0,0.14395066385381394,59
794,-0.12792277383035552,0.20480778859513823,-0.1832315464703722,-0.23510237636567338,0.36968628678454296,0.7071067811865475,0.0,-0.25788719110129227,29
796,-0.12792277383035552,-0.8518155085983917,-0.1832315464703722,-0.23510237636567338,-0.6844132059781843,0.7071067811865475,0.0,-0.25788719110129227,24
798,-0.12792277383035552,0.9092233200574916,-0.1832315464703722,-0.23510237636567338,-0.4735933074256388,0.7071067811865475,0.0,0.14395066385381394,48
803,-0.12792277383035552,0.20480778859513823,-0.1832315464703722,-0.23510237636567338,0.15886638823199753,0.0,0.7071067811865475,-0.25788719110129227,52
804,-0.12792277383035552,-0.14739997713603842,-0.1832315464703722,-0.23510237636567338,-0.6844132059781843,0.7071067811865475,0.0,0.9476263737640264,20
805,-0.12792277383035552,-0.14739997713603842,-0.1832315464703722,-0.23510237636567338,0.15886638823199753,0.7071067811865475,0.0,-0.25788719110129227,25
806,-0.12792277383035552,-0.8518155085983917,-0.1832315464703722,-0.23510237636567338,-0.6844132059781843,0.7071067811865475,0.0,-0.25788719110129227,24
807,-0.12792277383035552,1.613638851519845,-0.1832315464703722,-0.23510237636567338,-0.6844132059781843,0.0,0.7071067811865475,0.9476263737640264,23
808,-0.12792277383035552,-0.14739997713603842,1.8254808954748094,6.138478298285584,0.5805061853370884,0.7071067811865475,0.0,-0.25788719110129227,27
810,-0.12792277383035552,-0.4996077428672151,1.8254808954748094,-0.23510237636567338,-0.4735933074256388,0.0,0.7071067811865475,-0.25788719110129227,25
812,-0.12792277383035552,-0.8518155085983917,-0.1832315464703722,-0.23510237636567338,-0.6844132059781843,0.7071067811865475,0.0,-1.0615629010115046,31
813,-0.12792277383035552,-0.14739997713603842,1.8254808954748094,-0.23510237636567338,0.5805061853370884,0.7071067811865475,0.0,0.5457885188089201,25
814,-0.12792277383035552,-1.2040232743295685,-0.1832315464703722,-0.23510237636567338,-0.4735933074256388,0.7071067811865475,0.0,-0.6597250460563985,32
815,-0.12792277383035552,-0.4996077428672151,-0.1832315464703722,-0.23510237636567338,-0.6844132059781843,0.7071067811865475,0.0,0.5457885188089201,21
817,-0.12792277383035552,-1.2040232743295685,-0.1832315464703722,-0.23510237636567338,-0.4735933074256388,0.7071067811865475,0.0,-1.0615629010115046,37
818,-0.12792277383035552,-0.4996077428672151,-0.1832315464703722,-0.23510237636567338,-0.6844132059781843,0.7071067811865475,0.0,0.14395066385381394,25
820,2.0292885925110493,1.9658466172510216,1.8254808954748094,-0.23510237636567338,3.5319847650727247,0.7071067811865475,0.0,1.3494642287191325,32
821,-0.12792277383035552,0.9092233200574916,-0.1832315464703722,-0.23510237636567338,-0.6844132059781843,0.7071067811865475,0.0,-0.6597250460563985,35
823,-0.12792277383035552,0.9092233200574916,-0.1832315464703722,-0.23510237636567338,2.2670653737574518,0.7071067811865475,0.0,0.9476263737640264,42
825,-0.12792277383035552,1.9658466172510216,-0.1832315464703722,1.8894245151847455,1.2129658809947248,0.0,0.7071067811865475,1.7513020836742388,24
830,-0.12792277383035552,0.5570155543263149,-0.1832315464703722,-0.23510237636567338,-0.6844132059781843,0.7071067811865475,0.0,2.153139938629345,21
831,-0.12792277383035552,-1.2040232743295685,-0.1832315464703722,-0.23510237636567338,-0.4735933074256388,0.0,0.7071067811865475,-1.0615629010115046,47
835,-0.12792277383035552,1.613638851519845,-0.1832315464703722,-0.23510237636567338,0.36968628678454296,0.7071067811865475,0.0,1.3494642287191325,27
836,-0.12792277383035552,-1.2040232743295685,-0.1832315464703722,-0.23510237636567338,-0.2627734088730934,0.0,0.7071067811865475,-1.0615629010115046,43
837,-0.12792277383035552,0.5570155543263149,-0.1832315464703722,-0.23510237636567338,-0.2627734088730934,0.7071067811865475,0.0,-1.0615629010115046,46
838,-0.12792277383035552,-0.4996077428672151,-0.1832315464703722,-0.23510237636567338,-0.4735933074256388,0.0,0.7071067811865475,-1.0615629010115046,44
841,-0.12792277383035552,-0.8518155085983917,-0.1832315464703722,-0.23510237636567338,-0.2627734088730934,0.7071067811865475,0.0,-0.25788719110129227,23
843,-0.12792277383035552,0.20480778859513823,-0.1832315464703722,-0.23510237636567338,1.0021459824421792,0.7071067811865475,0.0,-0.6597250460563985,42
844,-0.12792277383035552,0.5570155543263149,-0.1832315464703722,-0.23510237636567338,0.5805061853370884,0.7071067811865475,0.0,-0.25788719110129227,58
847,-0.12792277383035552,0.5570155543263149,-0.1832315464703722,1.8894245151847455,-0.05195351032054794,0.7071067811865475,0.0,0.14395066385381394,26
848,-0.12792277383035552,-1.2040232743295685,-0.1832315464703722,-0.23510237636567338,-0.6844132059781843,0.7071067811865475,0.0,-1.0615629010115046,48
849,-0.12792277383035552,-0.4996077428672151,-0.1832315464703722,-0.23510237636567338,-0.05195351032054794,0.7071067811865475,0.0,-0.6597250460563985,39
850,-0.12792277383035552,0.20480778859513823,3.834193337419991,-0.23510237636567338,-0.05195351032054794,0.7071067811865475,0.0,0.9476263737640264,21
851,-0.12792277383035552,-1.2040232743295685,-0.1832315464703722,-0.23510237636567338,-0.4735933074256388,0.0,0.7071067811865475,-1.0615629010115046,63
852,-0.12792277383035552,0.9092233200574916,1.8254808954748094,-0.23510237636567338,-0.05195351032054794,0.7071067811865475,0.0,1.3494642287191325,22
853,-0.12792277383035552,-0.4996077428672151,-0.1832315464703722,-0.23510237636567338,-0.05195351032054794,0.0,0.7071067811865475,-0.6597250460563985,50
855,-0.12792277383035552,-1.2040232743295685,-0.1832315464703722,-0.23510237636567338,-0.6844132059781843,0.7071067811865475,0.0,-1.0615629010115046,38
856,-0.12792277383035552,0.5570155543263149,-0.1832315464703722,-0.23510237636567338,-0.4735933074256388,0.7071067811865475,0.0,0.14395066385381394,41
857,17.129768156900884,1.2614310857886681,-0.1832315464703722,1.8894245151847455,2.688705170862543,0.7071067811865475,0.0,2.153139938629345,28
858,-0.12792277383035552,-0.4996077428672151,-0.1832315464703722,-0.23510237636567338,-0.6844132059781843,0.0,0.7071067811865475,-0.25788719110129227,30
859,-0.12792277383035552,0.20480778859513823,-0.1832315464703722,-0.23510237636567338,-0.4735933074256388,0.7071067811865475,0.0,1.3494642287191325,23
861,-0.12792277383035552,-0.14739997713603842,-0.1832315464703722,-0.23510237636567338,-0.2627734088730934,0.7071067811865475,0.0,-0.25788719110129227,25
863,-0.12792277383035552,-0.14739997713603842,-0.1832315464703722,-0.23510237636567338,0.36968628678454296,0.7071067811865475,0.0,-1.0615629010115046,40
864,-0.12792277383035552,1.2614310857886681,-0.1832315464703722,-0.23510237636567338,1.0021459824421792,0.7071067811865475,0.0,0.14395066385381394,24
867,-0.12792277383035552,-0.14739997713603842,-0.1832315464703722,-0.23510237636567338,0.36968628678454296,0.0,0.7071067811865475,2.153139938629345,27
869,-0.12792277383035552,-0.4996077428672151,-0.1832315464703722,-0.23510237636567338,1.6346056780998157,0.0,0.7071067811865475,0.9476263737640264,44
870,-0.12792277383035552,-0.8518155085983917,-0.1832315464703722,-0.23510237636567338,0.5805061853370884,0.7071067811865475,0.0,-1.0615629010115046,35
871,-0.12792277383035552,-1.2040232743295685,-0.1832315464703722,-0.23510237636567338,-0.6844132059781843,0.0,0.7071067811865475,-1.0615629010115046,42
872,-0.12792277383035552,0.9092233200574916,-0.1832315464703722,-0.23510237636567338,2.4778852723099973,0.7071067811865475,0.0,0.5457885188089201,38
874,-0.12792277383035552,0.5570155543263149,-0.1832315464703722,-0.23510237636567338,0.15886638823199753,0.7071067811865475,0.0,0.9476263737640264,26
875,-0.12792277383035552,-0.4996077428672151,-0.1832315464703722,-0.23510237636567338,-0.6844132059781843,0.0,0.7071067811865475,-0.25788719110129227,25
880,-0.12792277383035552,-1.2040232743295685,-0.1832315464703722,-0.23510237636567338,-0.4735933074256388,0.7071067811865475,0.0,-1.0615629010115046,64
881,-0.12792277383035552,-1.2040232743295685,-0.1832315464703722,-0.23510237636567338,-0.2627734088730934,0.0,0.7071067811865475,-1.0615629010115046,49
882,-0.12792277383035552,-1.2040232743295685,-0.1832315464703722,-0.23510237636567338,0.36968628678454296,0.7071067811865475,0.0,-1.0615629010115046,50
884,-0.12792277383035552,-1.2040232743295685,-0.1832315464703722,-0.23510237636567338,-0.6844132059781843,0.0,0.7071067811865475,-1.0615629010115046,66
886,-0.12792277383035552,-1.2040232743295685,-0.1832315464703722,-0.23510237636567338,-0.6844132059781843,0.0,0.7071067811865475,-1.0615629010115046,46
887,-0.12792277383035552,0.5570155543263149,-0.1832315464703722,1.8894245151847455,0.36968628678454296,0.7071067811865475,0.0,0.9476263737640264,30
888,-0.12792277383035552,-0.4996077428672151,-0.1832315464703722,-0.23510237636567338,-0.6844132059781843,0.0,0.7071067811865475,0.14395066385381394,22
889,-0.12792277383035552,-0.14739997713603842,-0.1832315464703722,-0.23510237636567338,-0.4735933074256388,0.0,0.7071067811865475,0.9476263737640264,23
890,-0.12792277383035552,0.5570155543263149,-0.1832315464703722,-0.23510237636567338,-0.6844132059781843,0.0,0.7071067811865475,0.5457885188089201,30
893,-0.12792277383035552,-1.2040232743295685,-0.1832315464703722,-0.23510237636567338,-0.6844132059781843,0.0,0.7071067811865475,-0.6597250460563985,31
895,-0.12792277383035552,-0.8518155085983917,-0.1832315464703722,-0.23510237636567338,-0.4735933074256388,0.7071067811865475,0.0,-0.6597250460563985,31
899,-0.12792277383035552,-0.4996077428672151,-0.1832315464703722,-0.23510237636567338,-0.6844132059781843,0.0,0.7071067811865475,0.14395066385381394,25
900,-0.12792277383035552,0.9092233200574916,-0.1832315464703722,-0.23510237636567338,-0.6844132059781843,0.7071067811865475,0.0,0.5457885188089201,21
901,-0.12792277383035552,-0.8518155085983917,-0.1832315464703722,-0.23510237636567338,-0.6844132059781843,0.0,0.7071067811865475,-0.25788719110129227,27
904,-0.12792277383035552,-0.8518155085983917,-0.1832315464703722,-0.23510237636567338,-0.6844132059781843,0.0,0.7071067811865475,0.5457885188089201,20
905,-0.12792277383035552,-1.2040232743295685,-0.1832315464703722,-0.23510237636567338,-0.4735933074256388,0.7071067811865475,0.0,-1.0615629010115046,32
906,-0.12792277383035552,0.20480778859513823,-0.1832315464703722,1.8894245151847455,-0.6844132059781843,0.7071067811865475,0.0,0.5457885188089201,24
909,2.0292885925110493,-0.4996077428672151,-0.1832315464703722,-0.23510237636567338,-0.4735933074256388,0.7071067811865475,0.0,0.9476263737640264,20
913,-0.12792277383035552,1.2614310857886681,-0.1832315464703722,-0.23510237636567338,-0.05195351032054794,0.0,0.7071067811865475,-0.25788719110129227,31
914,-0.12792277383035552,0.9092233200574916,-0.1832315464703722,-0.23510237636567338,-0.05195351032054794,0.0,0.7071067811865475,1.7513020836742388,27
916,-0.12792277383035552,-0.8518155085983917,-0.1832315464703722,-0.23510237636567338,-0.6844132059781843,0.7071067811865475,0.0,-1.0615629010115046,40
917,-0.12792277383035552,1.9658466172510216,-0.1832315464703722,-0.23510237636567338,1.6346056780998157,0.7071067811865475,0.0,1.7513020836742388,22
918,-0.12792277383035552,-1.2040232743295685,-0.1832315464703722,-0.23510237636567338,-0.4735933074256388,0.7071067811865475,0.0,-1.0615629010115046,38
919,-0.12792277383035552,1.9658466172510216,-0.1832315464703722,-0.23510237636567338,-0.4735933074256388,0.0,0.7071067811865475,2.153139938629345,36
921,-0.12792277383035552,0.9092233200574916,-0.1832315464703722,-0.23510237636567338,-0.4735933074256388,0.0,0.7071067811865475,0.14395066385381394,30
922,-0.12792277383035552,0.5570155543263149,-0.1832315464703722,-0.23510237636567338,0.5805061853370884,0.7071067811865475,0.0,0.14395066385381394,27
924,-0.12792277383035552,-1.2040232743295685,-0.1832315464703722,-0.23510237636567338,-0.6844132059781843,0.0,0.7071067811865475,-1.0615629010115046,59
925,-0.12792277383035552,-1.2040232743295685,-0.1832315464703722,-0.23510237636567338,-0.2627734088730934,0.0,0.7071067811865475,-1.0615629010115046,37
926,-0.12792277383035552,0.9092233200574916,-0.1832315464703722,-0.23510237636567338,0.36968628678454296,0.0,0.7071067811865475,1.3494642287191325,28
927,-0.12792277383035552,-1.2040232743295685,-0.1832315464703722,-0.23510237636567338,-0.6844132059781843,0.7071067811865475,0.0,-1.0615629010115046,38
930,-0.12792277383035552,1.2614310857886681,-0.1832315464703722,1.8894245151847455,-0.6844132059781843,0.7071067811865475,0.0,0.9476263737640264,22
934,-0.12792277383035552,0.20480778859513823,-0.1832315464703722,-0.23510237636567338,0.15886638823199753,0.7071067811865475,0.0,0.14395066385381394,25
935,-0.12792277383035552,-1.2040232743295685,-0.1832315464703722,-0.23510237636567338,-0.6844132059781843,0.0,0.7071067811865475,-1.0615629010115046,51
943,-0.12792277383035552,-0.8518155085983917,-0.1832315464703722,-0.23510237636567338,-0.2627734088730934,0.0,0.7071067811865475,-0.6597250460563985,29
944,-0.12792277383035552,-0.4996077428672151,-0.1832315464703722,-0.23510237636567338,1.4237857795472701,0.7071067811865475,0.0,-0.6597250460563985,28
946,-0.12792277383035552,-0.4996077428672151,-0.1832315464703722,-0.23510237636567338,1.2129658809947248,0.0,0.7071067811865475,-1.0615629010115046,55
947,-0.12792277383035552,1.9658466172510216,-0.1832315464703722,-0.23510237636567338,-0.05195351032054794,0.7071067811865475,0.0,2.153139938629345,23
948,-0.12792277383035552,0.20480778859513823,-0.1832315464703722,-0.23510237636567338,-0.6844132059781843,0.0,0.7071067811865475,0.9476263737640264,22
949,-0.12792277383035552,1.9658466172510216,-0.1832315464703722,-0.23510237636567338,-0.2627734088730934,0.7071067811865475,0.0,1.3494642287191325,19
951,-0.12792277383035552,-1.2040232743295685,-0.1832315464703722,-0.23510237636567338,-0.4735933074256388,0.0,0.7071067811865475,-1.0615629010115046,31
953,-0.12792277383035552,-1.2040232743295685,-0.1832315464703722,-0.23510237636567338,-0.6844132059781843,0.0,0.7071067811865475,-1.0615629010115046,29
955,-0.12792277383035552,0.5570155543263149,-0.1832315464703722,-0.23510237636567338,2.4778852723099973,0.7071067811865475,0.0,-0.25788719110129227,61
958,-0.12792277383035552,-0.8518155085983917,-0.1832315464703722,-0.23510237636567338,-0.6844132059781843,0.0,0.7071067811865475,-0.6597250460563985,31
959,-0.12792277383035552,1.613638851519845,1.8254808954748094,1.8894245151847455,0.15886638823199753,0.7071067811865475,0.0,0.9476263737640264,20
960,-0.12792277383035552,0.9092233200574916,-0.1832315464703722,-0.23510237636567338,-0.05195351032054794,0.7071067811865475,0.0,0.14395066385381394,26
962,-0.12792277383035552,1.613638851519845,-0.1832315464703722,-0.23510237636567338,0.36968628678454296,0.0,0.7071067811865475,1.3494642287191325,27
963,-0.12792277383035552,0.20480778859513823,-0.1832315464703722,-0.23510237636567338,-0.4735933074256388,0.7071067811865475,0.0,-0.25788719110129227,25
964,-0.12792277383035552,0.20480778859513823,3.834193337419991,-0.23510237636567338,-0.05195351032054794,0.7071067811865475,0.0,0.5457885188089201,23
965,-0.12792277383035552,-1.2040232743295685,-0.1832315464703722,-0.23510237636567338,-0.6844132059781843,0.7071067811865475,0.0,-1.0615629010115046,38
967,-0.12792277383035552,1.613638851519845,3.834193337419991,1.8894245151847455,3.1103449679676336,0.7071067811865475,0.0,0.9476263737640264,27
968,-0.12792277383035552,-0.4996077428672151,-0.1832315464703722,-0.23510237636567338,-0.6844132059781843,0.7071067811865475,0.0,-0.6597250460563985,35
969,-0.12792277383035552,1.613638851519845,-0.1832315464703722,-0.23510237636567338,-0.6844132059781843,0.7071067811865475,0.0,1.3494642287191325,22
971,-0.12792277383035552,-0.8518155085983917,-0.1832315464703722,-0.23510237636567338,0.15886638823199753,0.7071067811865475,0.0,-1.0615629010115046,58
973,-0.12792277383035552,-0.14739997713603842,-0.1832315464703722,-0.23510237636567338,-0.6844132059781843,0.0,0.7071067811865475,-1.0615629010115046,57
975,-0.12792277383035552,-0.4996077428672151,-0.1832315464703722,1.8894245151847455,-0.6844132059781843,0.7071067811865475,0.0,0.5457885188089201,21
977,-0.12792277383035552,1.2614310857886681,-0.1832315464703722,-0.23510237636567338,-0.6844132059781843,0.7071067811865475,0.0,0.9476263737640264,22
978,-0.12792277383035552,-0.8518155085983917,-0.1832315464703722,-0.23510237636567338,-0.6844132059781843,0.7071067811865475,0.0,-0.6597250460563985,30
987,-0.12792277383035552,1.2614310857886681,-0.1832315464703722,-0.23510237636567338,1.0021459824421792,0.7071067811865475,0.0,-0.25788719110129227,30
988,-0.12792277383035552,0.5570155543263149,-0.1832315464703722,-0.23510237636567338,1.4237857795472701,0.7071067811865475,0.0,-0.6597250460563985,31
990,-0.12792277383035552,0.5570155543263149,-0.1832315464703722,-0.23510237636567338,-0.4735933074256388,0.7071067811865475,0.0,0.14395066385381394,45
993,-0.12792277383035552,-0.8518155085983917,-0.1832315464703722,-0.23510237636567338,-0.2627734088730934,0.7071067811865475,0.0,-1.0615629010115046,39
995,-0.12792277383035552,1.2614310857886681,-0.1832315464703722,-0.23510237636567338,-0.6844132059781843,0.7071067811865475,0.0,1.7513020836742388,31
996,-0.12792277383035552,-0.14739997713603842,-0.1832315464703722,-0.23510237636567338,-0.4735933074256388,0.7071067811865475,0.0,0.9476263737640264,22
998,-0.12792277383035552,0.9092233200574916,-0.1832315464703722,-0.23510237636567338,2.0562454752049066,0.7071067811865475,0.0,-0.25788719110129227,27
999,-0.12792277383035552,-1.2040232743295685,-0.1832315464703722,-0.23510237636567338,-0.4735933074256388,0.7071067811865475,0.0,-1.0615629010115046,38
1000,-0.12792277383035552,1.9658466172510216,-0.1832315464703722,-0.23510237636567338,4.164444460730361,0.7071067811865475,0.0,2.554977793584451,31
1001,-0.12792277383035552,1.613638851519845,-0.1832315464703722,-0.23510237636567338,3.5319847650727247,0.7071067811865475,0.0,0.5457885188089201,47
1002,-0.12792277383035552,0.9092233200574916,1.8254808954748094,-0.23510237636567338,-0.05195351032054794,0.7071067811865475,0.0,1.3494642287191325,22
1003,-0.12792277383035552,1.613638851519845,-0.1832315464703722,1.8894245151847455,-0.4735933074256388,0.0,0.7071067811865475,-0.25788719110129227,35
1004,-0.12792277383035552,0.5570155543263149,-0.1832315464703722,-0.23510237636567338,-0.2627734088730934,0.0,0.7071067811865475,0.14395066385381394,23
1005,-0.12792277383035552,-0.8518155085983917,-0.1832315464703722,-0.23510237636567338,-0.2627734088730934,0.0,0.7071067811865475,-1.0615629010115046,65
1006,-0.12792277383035552,-0.14739997713603842,-0.1832315464703722,-0.23510237636567338,-0.6844132059781843,0.0,0.7071067811865475,-0.25788719110129227,35
1007,-0.12792277383035552,-0.4996077428672151,-0.1832315464703722,-0.23510237636567338,-0.6844132059781843,0.7071067811865475,0.0,-0.6597250460563985,33
1008,-0.12792277383035552,-1.2040232743295685,-0.1832315464703722,-0.23510237636567338,-0.4735933074256388,0.0,0.7071067811865475,-1.0615629010115046,53
1009,-0.12792277383035552,-1.2040232743295685,-0.1832315464703722,-0.23510237636567338,-0.6844132059781843,0.7071067811865475,0.0,-1.0615629010115046,52
1014,-0.12792277383035552,0.20480778859513823,-0.1832315464703722,-0.23510237636567338,-0.6844132059781843,0.7071067811865475,0.0,1.3494642287191325,21
1015,-0.12792277383035552,-0.14739997713603842,-0.1832315464703722,-0.23510237636567338,1.6346056780998157,0.7071067811865475,0.0,-0.6597250460563985,37
1016,-0.12792277383035552,1.613638851519845,-0.1832315464703722,-0.23510237636567338,0.15886638823199753,0.0,0.7071067811865475,1.7513020836742388,30
1020,-0.12792277383035552,-1.2040232743295685,-0.1832315464703722,-0.23510237636567338,-0.6844132059781843,0.7071067811865475,0.0,-1.0615629010115046,54
1022,-0.12792277383035552,-1.2040232743295685,-0.1832315464703722,-0.23510237636567338,-0.6844132059781843,0.0,0.7071067811865475,-1.0615629010115046,31
1023,-0.12792277383035552,-0.4996077428672151,-0.1832315464703722,-0.23510237636567338,-0.2627734088730934,0.7071067811865475,0.0,-1.0615629010115046,59
1024,-0.12792277383035552,-0.8518155085983917,-0.1832315464703722,-0.23510237636567338,-0.6844132059781843,0.0,0.7071067811865475,-0.6597250460563985,27
1025,-0.12792277383035552,0.9092233200574916,-0.1832315464703722,-0.23510237636567338,-0.6844132059781843,0.0,0.7071067811865475,-0.6597250460563985,36
1026,-0.12792277383035552,1.613638851519845,-0.1832315464703722,-0.23510237636567338,2.8995250694150885,0.7071067811865475,0.0,0.9476263737640264,46
1027,-0.12792277383035552,1.613638851519845,-0.1832315464703722,1.8894245151847455,-0.05195351032054794,0.7071067811865475,0.0,1.7513020836742388,22
1030,-0.12792277383035552,-0.8518155085983917,-0.1832315464703722,-0.23510237636567338,-0.6844132059781843,0.0,0.7071067811865475,-0.6597250460563985,28
1031,-0.12792277383035552,1.613638851519845,-0.1832315464703722,1.8894245151847455,2.4778852723099973,0.7071067811865475,0.0,-0.25788719110129227,34
1032,-0.12792277383035552,1.613638851519845,-0.1832315464703722,-0.23510237636567338,0.7913260838896339,0.7071067811865475,0.0,0.14395066385381394,29
1034,-0.12792277383035552,1.9658466172510216,-0.1832315464703722,1.8894245151847455,-0.2627734088730934,0.0,0.7071067811865475,2.153139938629345,23
1036,-0.12792277383035552,-0.14739997713603842,-0.1832315464703722,-0.23510237636567338,-0.05195351032054794,0.7071067811865475,0.0,-0.25788719110129227,27
1037,-0.12792277383035552,0.5570155543263149,-0.1832315464703722,1.8894245151847455,-0.6844132059781843,0.7071067811865475,0.0,0.9476263737640264,21
1038,-0.12792277383035552,-1.2040232743295685,-0.1832315464703722,-0.23510237636567338,-0.05195351032054794,0.7071067811865475,0.0,-1.0615629010115046,48
1043,-0.12792277383035552,0.9092233200574916,-0.1832315464703722,-0.23510237636567338,0.36968628678454296,0.7071067811865475,0.0,0.14395066385381394,31
1044,-0.12792277383035552,0.20480778859513823,1.8254808954748094,-0.23510237636567338,0.15886638823199753,0.0,0.7071067811865475,-0.6597250460563985,36
1048,-0.12792277383035552,1.2614310857886681,-0.1832315464703722,-0.23510237636567338,2.2670653737574518,0.7071067811865475,0.0,0.5457885188089201,44
1049,-0.12792277383035552,-1.2040232743295685,-0.1832315464703722,-0.23510237636567338,-0.2627734088730934,0.7071067811865475,0.0,-1.0615629010115046,53
1051,-0.12792277383035552,-0.8518155085983917,-0.1832315464703722,-0.23510237636567338,-0.05195351032054794,0.0,0.7071067811865475,-1.0615629010115046,33
1056,-0.12792277383035552,0.20480778859513823,-0.1832315464703722,-0.23510237636567338,-0.2627734088730934,0.7071067811865475,0.0,-1.0615629010115046,47
1057,-0.12792277383035552,0.9092233200574916,-0.1832315464703722,-0.23510237636567338,3.5319847650727247,0.7071067811865475,0.0,-0.6597250460563985,57
1058,-0.12792277383035552,-0.14739997713603842,-0.1832315464703722,-0.23510237636567338,-0.2627734088730934,0.0,0.7071067811865475,-0.6597250460563985,28
1059,-0.12792277383035552,0.5570155543263149,-0.1832315464703722,-0.23510237636567338,-0.4735933074256388,0.0,0.7071067811865475,0.14395066385381394,24
1060,-0.12792277383035552,-1.2040232743295685,-0.1832315464703722,-0.23510237636567338,-0.4735933074256388,0.7071067811865475,0.0,-1.0615629010115046,44
1061,-0.12792277383035552,-1.2040232743295685,-0.1832315464703722,-0.23510237636567338,-0.6844132059781843,0.7071067811865475,0.0,-1.0615629010115046,46
1062,-0.12792277383035552,-0.4996077428672151,-0.1832315464703722,-0.23510237636567338,0.5805061853370884,0.7071067811865475,0.0,0.5457885188089201,37
1063,-0.12792277383035552,0.5570155543263149,-0.1832315464703722,-0.23510237636567338,1.4237857795472701,0.0,0.7071067811865475,0.14395066385381394,26
1065,-0.12792277383035552,1.2614310857886681,1.8254808954748094,-0.23510237636567338,1.4237857795472701,0.7071067811865475,0.0,1.3494642287191325,27
1066,-0.12792277383035552,-0.8518155085983917,-0.1832315464703722,-0.23510237636567338,-0.4735933074256388,0.7071067811865475,0.0,-1.0615629010115046,40
1068,-0.12792277383035552,-0.4996077428672151,-0.1832315464703722,-0.23510237636567338,1.2129658809947248,0.7071067811865475,0.0,-1.0615629010115046,60
1069,-0.12792277383035552,-1.2040232743295685,-0.1832315464703722,-0.23510237636567338,-0.4735933074256388,0.7071067811865475,0.0,-1.0615629010115046,53
1072,-0.12792277383035552,-1.2040232743295685,-0.1832315464703722,-0.23510237636567338,-0.6844132059781843,0.7071067811865475,0.0,-0.25788719110129227,28
1073,-0.12792277383035552,-0.14739997713603842,-0.1832315464703722,-0.23510237636567338,-0.6844132059781843,0.0,0.7071067811865475,0.5457885188089201,23
1076,-0.12792277383035552,1.2614310857886681,-0.1832315464703722,-0.23510237636567338,-0.2627734088730934,0.7071067811865475,0.0,-1.0615629010115046,46
1077,-0.12792277383035552,0.20480778859513823,-0.1832315464703722,-0.23510237636567338,-0.6844132059781843,0.7071067811865475,0.0,0.14395066385381394,23
1082,-0.12792277383035552,1.2614310857886681,-0.1832315464703722,-0.23510237636567338,3.1103449679676336,0.7071067811865475,0.0,0.9476263737640264,50
1084,-0.12792277383035552,-1.2040232743295685,-0.1832315464703722,-0.23510237636567338,-0.6844132059781843,0.0,0.7071067811865475,-1.0615629010115046,45
1086,-0.12792277383035552,0.20480778859513823,-0.1832315464703722,-0.23510237636567338,-0.4735933074256388,0.7071067811865475,0.0,1.3494642287191325,22
1087,-0.12792277383035552,-0.8518155085983917,-0.1832315464703722,-0.23510237636567338,-0.4735933074256388,0.7071067811865475,0.0,-0.25788719110129227,26
1088,-0.12792277383035552,-1.2040232743295685,-0.1832315464703722,-0.23510237636567338,-0.6844132059781843,0.7071067811865475,0.0,-1.0615629010115046,62
1089,-0.12792277383035552,-1.2040232743295685,-0.1832315464703722,-0.23510237636567338,-0.6844132059781843,0.0,0.7071067811865475,-1.0615629010115046,34
1092,-0.12792277383035552,1.9658466172510216,-0.1832315464703722,-0.23510237636567338,-0.4735933074256388,0.7071067811865475,0.0,0.5457885188089201,24
1093,-0.12792277383035552,-0.8518155085983917,-0.1832315464703722,-0.23510237636567338,-0.6844132059781843,0.0,0.7071067811865475,0.5457885188089201,21
1094,-0.12792277383035552,-0.8518155085983917,-0.1832315464703722,-0.23510237636567338,-0.6844132059781843,0.7071067811865475,0.0,-0.25788719110129227,25
1096,-0.12792277383035552,-1.2040232743295685,-0.1832315464703722,-0.23510237636567338,-0.6844132059781843,0.0,0.7071067811865475,-1.0615629010115046,68
1099,-0.12792277383035552,-0.4996077428672151,-0.1832315464703722,-0.23510237636567338,-0.4735933074256388,0.7071067811865475,0.0,0.9476263737640264,21
1101,-0.12792277383035552,-0.4996077428672151,-0.1832315464703722,-0.23510237636567338,-0.4735933074256388,0.7071067811865475,0.0,-1.0615629010115046,37
1103,-0.12792277383035552,1.2614310857886681,-0.1832315464703722,-0.23510237636567338,-0.6844132059781843,0.7071067811865475,0.0,0.5457885188089201,22
1106,-0.12792277383035552,-1.2040232743295685,-0.1832315464703722,-0.23510237636567338,-0.4735933074256388,0.7071067811865475,0.0,-1.0615629010115046,42
1107,-0.12792277383035552,-0.14739997713603842,1.8254808954748094,1.8894245151847455,-0.4735933074256388,0.7071067811865475,0.0,0.9476263737640264,22
1109,-0.12792277383035552,-0.14739997713603842,-0.1832315464703722,-0.23510237636567338,-0.6844132059781843,0.7071067811865475,0.0,-0.6597250460563985,45
1110,-0.12792277383035552,1.9658466172510216,-0.1832315464703722,-0.23510237636567338,0.15886638823199753,0.7071067811865475,0.0,0.9476263737640264,36
1111,-0.12792277383035552,0.5570155543263149,-0.1832315464703722,-0.23510237636567338,-0.2627734088730934,0.7071067811865475,0.0,-1.0615629010115046,48
1119,-0.12792277383035552,1.613638851519845,-0.1832315464703722,1.8894245151847455,0.5805061853370884,0.7071067811865475,0.0,1.7513020836742388,23
1120,-0.12792277383035552,1.2614310857886681,-0.1832315464703722,-0.23510237636567338,-0.6844132059781843,0.7071067811865475,0.0,1.3494642287191325,24
1121,-0.12792277383035552,-0.8518155085983917,-0.1832315464703722,-0.23510237636567338,-0.6844132059781843,0.7071067811865475,0.0,-0.25788719110129227,29
1122,-0.12792277383035552,-0.4996077428672151,-0.1832315464703722,-0.23510237636567338,-0.6844132059781843,0.7071067811865475,0.0,0.14395066385381394,24
1123,-0.12792277383035552,1.613638851519845,-0.1832315464703722,-0.23510237636567338,1.6346056780998157,0.7071067811865475,0.0,0.9476263737640264,50
1125,-0.12792277383035552,0.9092233200574916,1.8254808954748094,-0.23510237636567338,1.4237857795472701,0.7071067811865475,0.0,-0.6597250460563985,34
1127,-0.12792277383035552,-0.8518155085983917,-0.1832315464703722,-0.23510237636567338,-0.6844132059781843,0.7071067811865475,0.0,0.14395066385381394,23
1128,-0.12792277383035552,0.20480778859513823,-0.1832315464703722,-0.23510237636567338,-0.6844132059781843,0.0,0.7071067811865475,0.9476263737640264,22
1129,-0.12792277383035552,-1.2040232743295685,-0.1832315464703722,-0.23510237636567338,-0.6844132059781843,0.7071067811865475,0.0,-1.0615629010115046,36
1130,-0.12792277383035552,0.20480778859513823,-0.1832315464703722,-0.23510237636567338,3.9536245621778154,0.7071067811865475,0.0,0.9476263737640264,30
1131,-0.12792277383035552,1.9658466172510216,-0.1832315464703722,-0.23510237636567338,-0.6844132059781843,0.7071067811865475,0.0,2.153139938629345,21
1132,-0.12792277383035552,-1.2040232743295685,-0.1832315464703722,-0.23510237636567338,-0.6844132059781843,0.7071067811865475,0.0,-1.0615629010115046,53
1136,-0.12792277383035552,0.20480778859513823,1.8254808954748094,1.8894245151847455,0.7913260838896339,0.0,0.7071067811865475,0.5457885188089201,25
1138,-0.12792277383035552,1.613638851519845,-0.1832315464703722,-0.23510237636567338,-0.4735933074256388,0.0,0.7071067811865475,0.5457885188089201,25
1140,-0.12792277383035552,-1.2040232743295685,-0.1832315464703722,-0.23510237636567338,1.0021459824421792,0.7071067811865475,0.0,-0.6597250460563985,71
1141,-0.12792277383035552,1.613638851519845,7.851618221310354,-0.23510237636567338,1.4237857795472701,0.0,0.7071067811865475,-0.25788719110129227,39
1142,-0.12792277383035552,0.20480778859513823,-0.1832315464703722,-0.23510237636567338,-0.6844132059781843,0.7071067811865475,0.0,-0.25788719110129227,37
1143,-0.12792277383035552,0.20480778859513823,-0.1832315464703722,4.013951406735165,-0.6844132059781843,0.7071067811865475,0.0,1.7513020836742388,20
1144,-0.12792277383035552,0.20480778859513823,-0.1832315464703722,-0.23510237636567338,-0.05195351032054794,0.7071067811865475,0.0,0.14395066385381394,29
1145,-0.12792277383035552,0.20480778859513823,-0.1832315464703722,-0.23510237636567338,-0.2627734088730934,0.7071067811865475,0.0,0.5457885188089201,22
1146,-0.12792277383035552,0.9092233200574916,-0.1832315464703722,-0.23510237636567338,0.15886638823199753,0.7071067811865475,0.0,1.3494642287191325,26
1150,-0.12792277383035552,1.9658466172510216,-0.1832315464703722,-0.23510237636567338,3.321164866520179,0.7071067811865475,0.0,-0.6597250460563985,47
1151,-0.12792277383035552,-0.14739997713603842,-0.1832315464703722,-0.23510237636567338,-0.4735933074256388,0.7071067811865475,0.0,0.9476263737640264,21
1152,-0.12792277383035552,1.9658466172510216,-0.1832315464703722,-0.23510237636567338,-0.6844132059781843,0.0,0.7071067811865475,2.554977793584451,23
1153,-0.12792277383035552,1.2614310857886681,-0.1832315464703722,-0.23510237636567338,-0.4735933074256388,0.7071067811865475,0.0,0.9476263737640264,20
1156,-0.12792277383035552,-0.8518155085983917,-0.1832315464703722,-0.23510237636567338,-0.6844132059781843,0.7071067811865475,0.0,-0.25788719110129227,23
1157,-0.12792277383035552,0.9092233200574916,-0.1832315464703722,-0.23510237636567338,-0.05195351032054794,0.0,0.7071067811865475,0.14395066385381394,27
1159,-0.12792277383035552,-1.2040232743295685,-0.1832315464703722,-0.23510237636567338,-0.6844132059781843,0.7071067811865475,0.0,-1.0615629010115046,53
1160,-0.12792277383035552,0.9092233200574916,-0.1832315464703722,-0.23510237636567338,-0.6844132059781843,0.7071067811865475,0.0,1.3494642287191325,23
1162,-0.12792277383035552,0.9092233200574916,-0.1832315464703722,1.8894245151847455,0.36968628678454296,0.7071067811865475,0.0,-0.25788719110129227,26
1163,-0.12792277383035552,0.5570155543263149,-0.1832315464703722,-0.23510237636567338,0.5805061853370884,0.7071067811865475,0.0,0.5457885188089201,25
1165,-0.12792277383035552,-0.14739997713603842,-0.1832315464703722,-0.23510237636567338,-0.2627734088730934,0.0,0.7071067811865475,0.9476263737640264,23
1166,-0.12792277383035552,1.613638851519845,-0.1832315464703722,-0.23510237636567338,0.15886638823199753,0.7071067811865475,0.0,1.3494642287191325,27
1169,-0.12792277383035552,-0.14739997713603842,-0.1832315464703722,-0.23510237636567338,-0.4735933074256388,0.0,0.7071067811865475,-0.25788719110129227,29
1170,-0.12792277383035552,-0.8518155085983917,-0.1832315464703722,-0.23510237636567338,-0.4735933074256388,0.7071067811865475,0.0,0.14395066385381394,27
1171,-0.12792277383035552,-0.8518155085983917,-0.1832315464703722,-0.23510237636567338,-0.6844132059781843,0.7071067811865475,0.0,-0.6597250460563985,28
1172,-0.12792277383035552,-0.8518155085983917,-0.1832315464703722,-0.23510237636567338,-0.6844132059781843,0.0,0.7071067811865475,-1.0615629010115046,31
1173,-0.12792277383035552,0.5570155543263149,-0.1832315464703722,-0.23510237636567338,1.0021459824421792,0.7071067811865475,0.0,-0.25788719110129227,41
1176,-0.12792277383035552,-0.8518155085983917,-0.1832315464703722,-0.23510237636567338,-0.6844132059781843,0.0,0.7071067811865475,-0.25788719110129227,25
1177,-0.12792277383035552,-1.2040232743295685,-0.1832315464703722,-0.23510237636567338,-0.6844132059781843,0.0,0.7071067811865475,-1.0615629010115046,47
1179,-0.12792277383035552,-0.8518155085983917,-0.1832315464703722,-0.23510237636567338,0.15886638823199753,0.7071067811865475,0.0,-1.0615629010115046,37
1181,-0.12792277383035552,0.20480778859513823,-0.1832315464703722,-0.23510237636567338,0.15886638823199753,0.7071067811865475,0.0,-0.25788719110129227,35
1186,-0.12792277383035552,-0.14739997713603842,-0.1832315464703722,-0.23510237636567338,-0.4735933074256388,0.0,0.7071067811865475,0.9476263737640264,24
1187,-0.12792277383035552,1.613638851519845,3.834193337419991,1.8894245151847455,-0.2627734088730934,0.7071067811865475,0.0,1.7513020836742388,21
1191,-0.12792277383035552,-0.14739997713603842,-0.1832315464703722,-0.23510237636567338,-0.6844132059781843,0.7071067811865475,0.0,0.9476263737640264,22
1192,-0.12792277383035552,0.5570155543263149,-0.1832315464703722,-0.23510237636567338,1.6346056780998157,0.7071067811865475,0.0,0.5457885188089201,57
1193,-0.12792277383035552,0.9092233200574916,-0.1832315464703722,-0.23510237636567338,-0.6844132059781843,0.7071067811865475,0.0,0.14395066385381394,48
1194,-0.12792277383035552,-1.2040232743295685,-0.1832315464703722,-0.23510237636567338,-0.6844132059781843,0.7071067811865475,0.0,-1.0615629010115046,36
1195,-0.12792277383035552,0.9092233200574916,-0.1832315464703722,-0.23510237636567338,-0.05195351032054794,0.7071067811865475,0.0,0.14395066385381394,37
1196,-0.12792277383035552,-1.2040232743295685,-0.1832315464703722,-0.23510237636567338,-0.6844132059781843,0.0,0.7071067811865475,-0.6597250460563985,31
1197,-0.12792277383035552,1.613638851519845,1.8254808954748094,-0.23510237636567338,-0.4735933074256388,0.7071067811865475,0.0,2.153139938629345,22
1198,-0.12792277383035552,-0.4996077428672151,-0.1832315464703722,-0.23510237636567338,-0.2627734088730934,0.0,0.7071067811865475,-0.6597250460563985,31
1200,-0.12792277383035552,0.20480778859513823,-0.1832315464703722,-0.23510237636567338,-0.6844132059781843,0.7071067811865475,0.0,0.14395066385381394,24
1202,-0.12792277383035552,1.613638851519845,-0.1832315464703722,1.8894245151847455,3.9536245621778154,0.7071067811865475,0.0,2.554977793584451,32
1204,-0.12792277383035552,-0.14739997713603842,-0.1832315464703722,-0.23510237636567338,-0.6844132059781843,0.0,0.7071067811865475,0.5457885188089201,23
1205,-0.12792277383035552,-1.2040232743295685,-0.1832315464703722,-0.23510237636567338,-0.6844132059781843,0.0,0.7071067811865475,-1.0615629010115046,63
1206,-0.12792277383035552,-1.2040232743295685,-0.1832315464703722,-0.23510237636567338,-0.6844132059781843,0.7071067811865475,0.0,-0.6597250460563985,30
1209,-0.12792277383035552,-0.14739997713603842,-0.1832315464703722,4.013951406735165,-0.6844132059781843,0.7071067811865475,0.0,1.3494642287191325,20
1212,-0.12792277383035552,0.20480778859513823,-0.1832315464703722,-0.23510237636567338,-0.4735933074256388,0.0,0.7071067811865475,0.14395066385381394,24
1213,-0.12792277383035552,-0.8518155085983917,-0.1832315464703722,-0.23510237636567338,-0.4735933074256388,0.0,0.7071067811865475,-0.6597250460563985,36
1215,-0.12792277383035552,-1.2040232743295685,-0.1832315464703722,-0.23510237636567338,-0.6844132059781843,0.0,0.7071067811865475,-1.0615629010115046,83
1216,-0.12792277383035552,0.5570155543263149,-0.1832315464703722,-0.23510237636567338,-0.2627734088730934,0.7071067811865475,0.0,0.9476263737640264,28
1217,-0.12792277383035552,-0.8518155085983917,-0.1832315464703722,-0.23510237636567338,-0.05195351032054794,0.7071067811865475,0.0,-1.0615629010115046,36
1219,-0.12792277383035552,-0.8518155085983917,-0.1832315464703722,-0.23510237636567338,-0.6844132059781843,0.0,0.7071067811865475,-0.6597250460563985,33
1220,-0.12792277383035552,-0.4996077428672151,-0.1832315464703722,-0.23510237636567338,-0.6844132059781843,0.7071067811865475,0.0,-0.6597250460563985,39
1221,-0.12792277383035552,0.9092233200574916,-0.1832315464703722,-0.23510237636567338,-0.05195351032054794,0.0,0.7071067811865475,0.5457885188089201,29
1222,-0.12792277383035552,1.9658466172510216,-0.1832315464703722,-0.23510237636567338,2.8995250694150885,0.7071067811865475,0.0,0.5457885188089201,30
1225,-0.12792277383035552,-1.2040232743295685,-0.1832315464703722,-0.23510237636567338,-0.4735933074256388,0.7071067811865475,0.0,-0.6597250460563985,24
1229,-0.12792277383035552,0.5570155543263149,-0.1832315464703722,-0.23510237636567338,0.7913260838896339,0.7071067811865475,0.0,-0.6597250460563985,35
1230,-0.12792277383035552,-0.4996077428672151,-0.1832315464703722,1.8894245151847455,-0.6844132059781843,0.7071067811865475,0.0,-0.25788719110129227,24
1233,-0.12792277383035552,-0.14739997713603842,-0.1832315464703722,-0.23510237636567338,1.0021459824421792,0.7071067811865475,0.0,0.14395066385381394,26
1235,-0.12792277383035552,0.9092233200574916,-0.1832315464703722,-0.23510237636567338,2.2670653737574518,0.7071067811865475,0.0,1.7513020836742388,28
1237,-0.12792277383035552,0.20480778859513823,-0.1832315464703722,-0.23510237636567338,-0.6844132059781843,0.0,0.7071067811865475,-0.6597250460563985,32
1238,-0.12792277383035552,-0.4996077428672151,-0.1832315464703722,-0.23510237636567338,-0.4735933074256388,0.0,0.7071067811865475,-1.0615629010115046,32
1239,-0.12792277383035552,1.2614310857886681,-0.1832315464703722,-0.23510237636567338,0.36968628678454296,0.0,0.7071067811865475,0.9476263737640264,33
1240,-0.12792277383035552,1.9658466172510216,1.8254808954748094,-0.23510237636567338,2.688705170862543,0.7071067811865475,0.0,1.3494642287191325,29
1241,-0.12792277383035552,-0.4996077428672151,-0.1832315464703722,-0.23510237636567338,-0.4735933074256388,0.0,0.7071067811865475,-0.6597250460563985,34
1242,-0.12792277383035552,-1.2040232743295685,-0.1832315464703722,-0.23510237636567338,-0.6844132059781843,0.0,0.7071067811865475,-1.0615629010115046,37
1243,-0.12792277383035552,-1.2040232743295685,-0.1832315464703722,-0.23510237636567338,-0.6844132059781843,0.0,0.7071067811865475,-1.0615629010115046,43
1244,-0.12792277383035552,-0.14739997713603842,-0.1832315464703722,-0.23510237636567338,-0.2627734088730934,0.7071067811865475,0.0,0.5457885188089201,47
1246,-0.12792277383035552,0.5570155543263149,-0.1832315464703722,-0.23510237636567338,-0.05195351032054794,0.0,0.7071067811865475,0.5457885188089201,25
1247,-0.12792277383035552,-0.4996077428672151,-0.1832315464703722,-0.23510237636567338,-0.4735933074256388,0.7071067811865475,0.0,-0.25788719110129227,23
1248,-0.12792277383035552,-0.8518155085983917,-0.1832315464703722,-0.23510237636567338,-0.2627734088730934,0.0,0.7071067811865475,-0.6597250460563985,39
1250,-0.12792277383035552,1.2614310857886681,-0.1832315464703722,-0.23510237636567338,2.0562454752049066,0.7071067811865475,0.0,1.3494642287191325,35
1252,-0.12792277383035552,-1.2040232743295685,-0.1832315464703722,-0.23510237636567338,-0.6844132059781843,0.7071067811865475,0.0,-0.6597250460563985,33
1253,-0.12792277383035552,-0.4996077428672151,-0.1832315464703722,-0.23510237636567338,-0.6844132059781843,0.7071067811865475,0.0,1.3494642287191325,21
1254,2.0292885925110493,1.2614310857886681,-0.1832315464703722,-0.23510237636567338,3.5319847650727247,0.7071067811865475,0.0,0.14395066385381394,43
1255,-0.12792277383035552,1.2614310857886681,1.8254808954748094,1.8894245151847455,-0.05195351032054794,0.7071067811865475,0.0,2.153139938629345,25
1256,2.0292885925110493,1.9658466172510216,-0.1832315464703722,-0.23510237636567338,4.586084257835452,0.7071067811865475,0.0,2.153139938629345,48
1257,-0.12792277383035552,0.9092233200574916,-0.1832315464703722,1.8894245151847455,-0.4735933074256388,0.0,0.7071067811865475,2.153139938629345,22
1258,2.0292885925110493,1.2614310857886681,-0.1832315464703722,-0.23510237636567338,1.2129658809947248,0.0,0.7071067811865475,-0.6597250460563985,52
1259,-0.12792277383035552,-0.14739997713603842,-0.1832315464703722,-0.23510237636567338,0.36968628678454296,0.7071067811865475,0.0,-0.25788719110129227,26
1260,-0.12792277383035552,0.9092233200574916,-0.1832315464703722,-0.23510237636567338,0.15886638823199753,0.0,0.7071067811865475,1.3494642287191325,67
1261,-0.12792277383035552,-0.8518155085983917,-0.1832315464703722,-0.23510237636567338,0.15886638823199753,0.0,0.7071067811865475,-0.6597250460563985,34
1262,-0.12792277383035552,-1.2040232743295685,-0.1832315464703722,-0.23510237636567338,0.15886638823199753,0.0,0.7071067811865475,-1.0615629010115046,56
1268,-0.12792277383035552,-0.14739997713603842,-0.1832315464703722,-0.23510237636567338,-0.4735933074256388,0.7071067811865475,0.0,0.5457885188089201,28
1269,-0.12792277383035552,-0.14739997713603842,-0.1832315464703722,-0.23510237636567338,-0.2627734088730934,0.0,0.7071067811865475,0.5457885188089201,29
1272,-0.12792277383035552,0.20480778859513823,-0.1832315464703722,-0.23510237636567338,0.5805061853370884,0.7071067811865475,0.0,-0.6597250460563985,37
1274,-0.12792277383035552,-0.8518155085983917,-0.1832315464703722,-0.23510237636567338,-0.05195351032054794,0.7071067811865475,0.0,-0.6597250460563985,43
1275,-0.12792277383035552,-1.2040232743295685,-0.1832315464703722,-0.23510237636567338,-0.6844132059781843,0.7071067811865475,0.0,-1.0615629010115046,51
1276,-0.12792277383035552,0.9092233200574916,-0.1832315464703722,1.8894245151847455,-0.4735933074256388,0.0,0.7071067811865475,1.3494642287191325,20
1280,-0.12792277383035552,0.9092233200574916,-0.1832315464703722,-0.23510237636567338,0.15886638823199753,0.0,0.7071067811865475,0.14395066385381394,26
1281,-0.12792277383035552,-0.8518155085983917,-0.1832315464703722,-0.23510237636567338,-0.4735933074256388,0.0,0.7071067811865475,-1.0615629010115046,39
1282,-0.12792277383035552,1.2614310857886681,-0.1832315464703722,1.8894245151847455,-0.4735933074256388,0.7071067811865475,0.0,1.3494642287191325,21
1283,-0.12792277383035552,1.613638851519845,1.8254808954748094,1.8894245151847455,-0.4735933074256388,0.7071067811865475,0.0,0.9476263737640264,21
1286,-0.12792277383035552,-0.14739997713603842,3.834193337419991,-0.23510237636567338,-0.05195351032054794,0.7071067811865475,0.0,0.14395066385381394,24
1290,-0.12792277383035552,1.2614310857886681,1.8254808954748094,-0.23510237636567338,0.15886638823199753,0.0,0.7071067811865475,2.153139938629345,26
1292,-0.12792277383035552,-0.8518155085983917,-0.1832315464703722,-0.23510237636567338,-0.4735933074256388,0.7071067811865475,0.0,-1.0615629010115046,48
1293,-0.12792277383035552,0.20480778859513823,1.8254808954748094,-0.23510237636567338,0.36968628678454296,0.7071067811865475,0.0,0.14395066385381394,24
1295,-0.12792277383035552,-0.14739997713603842,-0.1832315464703722,-0.23510237636567338,-0.6844132059781843,0.7071067811865475,0.0,-0.25788719110129227,26
1296,-0.12792277383035552,-1.2040232743295685,-0.1832315464703722,-0.23510237636567338,-0.6844132059781843,0.7071067811865475,0.0,-1.0615629010115046,46
1298,-0.12792277383035552,1.613638851519845,1.8254808954748094,1.8894245151847455,0.7913260838896339,0.0,0.7071067811865475,1.3494642287191325,24
1300,-0.12792277383035552,0.20480778859513823,-0.1832315464703722,-0.23510237636567338,-0.6844132059781843,0.0,0.7071067811865475,1.3494642287191325,21
1303,-0.12792277383035552,-0.4996077428672151,-0.1832315464703722,-0.23510237636567338,-0.4735933074256388,0.7071067811865475,0.0,0.5457885188089201,24
1305,-0.12792277383035552,1.2614310857886681,-0.1832315464703722,-0.23510237636567338,1.2129658809947248,0.0,0.7071067811865475,-0.6597250460563985,36
1306,-0.12792277383035552,-0.14739997713603842,-0.1832315464703722,-0.23510237636567338,0.36968628678454296,0.7071067811865475,0.0,-0.25788719110129227,30
1310,-0.12792277383035552,0.5570155543263149,-0.1832315464703722,-0.23510237636567338,-0.4735933074256388,0.7071067811865475,0.0,1.3494642287191325,22
1313,-0.12792277383035552,1.613638851519845,-0.1832315464703722,-0.23510237636567338,-0.6844132059781843,0.7071067811865475,0.0,1.7513020836742388,25
1314,-0.12792277383035552,1.2614310857886681,5.842905779365172,-0.23510237636567338,4.586084257835452,0.0,0.7071067811865475,1.3494642287191325,31
1315,-0.12792277383035552,-0.14739997713603842,-0.1832315464703722,-0.23510237636567338,-0.6844132059781843,0.7071067811865475,0.0,0.5457885188089201,24
1318,-0.12792277383035552,1.2614310857886681,-0.1832315464703722,-0.23510237636567338,2.0562454752049066,0.7071067811865475,0.0,0.9476263737640264,39
1320,-0.12792277383035552,-1.2040232743295685,-0.1832315464703722,-0.23510237636567338,-0.6844132059781843,0.7071067811865475,0.0,-1.0615629010115046,46
1323,-0.12792277383035552,-0.4996077428672151,-0.1832315464703722,-0.23510237636567338,0.15886638823199753,0.7071067811865475,0.0,-0.25788719110129227,30
1324,-0.12792277383035552,-0.8518155085983917,-0.1832315464703722,-0.23510237636567338,-0.6844132059781843,0.7071067811865475,0.0,-1.0615629010115046,40
1325,-0.12792277383035552,-1.2040232743295685,-0.1832315464703722,-0.23510237636567338,-0.6844132059781843,0.7071067811865475,0.0,-1.0615629010115046,52
1326,2.0292885925110493,1.613638851519845,-0.1832315464703722,1.8894245151847455,-0.05195351032054794,0.7071067811865475,0.0,2.554977793584451,23
1328,-0.12792277383035552,-0.8518155085983917,-0.1832315464703722,-0.23510237636567338,-0.4735933074256388,0.0,0.7071067811865475,-0.6597250460563985,26
1329,-0.12792277383035552,1.2614310857886681,1.8254808954748094,-0.23510237636567338,-0.4735933074256388,0.7071067811865475,0.0,0.9476263737640264,22
1330,-0.12792277383035552,-0.14739997713603842,-0.1832315464703722,-0.23510237636567338,-0.05195351032054794,0.7071067811865475,0.0,-0.6597250460563985,42
1331,-0.12792277383035552,1.9658466172510216,5.842905779365172,1.8894245151847455,0.5805061853370884,0.7071067811865475,0.0,0.9476263737640264,23
1332,-0.12792277383035552,-0.4996077428672151,-0.1832315464703722,-0.23510237636567338,0.15886638823199753,0.7071067811865475,0.0,-0.6597250460563985,33
1334,-0.12792277383035552,-0.4996077428672151,-0.1832315464703722,-0.23510237636567338,-0.4735933074256388,0.7071067811865475,0.0,-0.6597250460563985,28
1336,-0.12792277383035552,-1.2040232743295685,-0.1832315464703722,-0.23510237636567338,-0.4735933074256388,0.7071067811865475,0.0,-1.0615629010115046,50
1342,-0.12792277383035552,0.9092233200574916,-0.1832315464703722,-0.23510237636567338,-0.4735933074256388,0.7071067811865475,0.0,-0.6597250460563985,32
1343,-0.12792277383035552,0.5570155543263149,-0.1832315464703722,-0.23510237636567338,-0.05195351032054794,0.7071067811865475,0.0,0.9476263737640264,24
1344,-0.12792277383035552,-0.8518155085983917,-0.1832315464703722,-0.23510237636567338,-0.05195351032054794,0.7071067811865475,0.0,-1.0615629010115046,51
1345,-0.12792277383035552,-0.14739997713603842,-0.1832315464703722,-0.23510237636567338,-0.4735933074256388,0.0,0.7071067811865475,1.3494642287191325,19
1346,-0.12792277383035552,0.20480778859513823,-0.1832315464703722,-0.23510237636567338,0.15886638823199753,0.7071067811865475,0.0,-0.6597250460563985,32
1347,-0.12792277383035552,-0.4996077428672151,-0.1832315464703722,-0.23510237636567338,-0.4735933074256388,0.7071067811865475,0.0,-0.25788719110129227,31
1348,-0.12792277383035552,0.20480778859513823,-0.1832315464703722,-0.23510237636567338,-0.4735933074256388,0.7071067811865475,0.0,0.14395066385381394,29
1349,-0.12792277383035552,-1.2040232743295685,-0.1832315464703722,-0.23510237636567338,-0.6844132059781843,0.0,0.7071067811865475,-1.0615629010115046,43
1351,-0.12792277383035552,0.9092233200574916,-0.1832315464703722,-0.23510237636567338,1.2129658809947248,0.7071067811865475,0.0,1.3494642287191325,26
1352,-0.12792277383035552,1.9658466172510216,-0.1832315464703722,-0.23510237636567338,-0.6844132059781843,0.7071067811865475,0.0,0.5457885188089201,27
1353,-0.12792277383035552,-1.2040232743295685,-0.1832315464703722,-0.23510237636567338,-0.4735933074256388,0.7071067811865475,0.0,-1.0615629010115046,52
1354,-0.12792277383035552,-1.2040232743295685,-0.1832315464703722,-0.23510237636567338,-0.4735933074256388,0.0,0.7071067811865475,-0.6597250460563985,27
1356,-0.12792277383035552,-0.8518155085983917,-0.1832315464703722,-0.23510237636567338,-0.4735933074256388,0.0,0.7071067811865475,-1.0615629010115046,57
1358,-0.12792277383035552,0.5570155543263149,-0.1832315464703722,-0.23510237636567338,-0.05195351032054794,0.0,0.7071067811865475,-0.25788719110129227,28
1360,-0.12792277383035552,-1.2040232743295685,-0.1832315464703722,-0.23510237636567338,-0.05195351032054794,0.7071067811865475,0.0,-0.6597250460563985,32
1361,-0.12792277383035552,-0.4996077428672151,-0.1832315464703722,-0.23510237636567338,0.36968628678454296,0.0,0.7071067811865475,-0.6597250460563985,27
1363,-0.12792277383035552,-1.2040232743295685,-0.1832315464703722,-0.23510237636567338,-0.6844132059781843,0.0,0.7071067811865475,-1.0615629010115046,45
1366,-0.12792277383035552,-1.2040232743295685,-0.1832315464703722,-0.23510237636567338,-0.6844132059781843,0.0,0.7071067811865475,-1.0615629010115046,42
1367,-0.12792277383035552,-0.8518155085983917,-0.1832315464703722,-0.23510237636567338,-0.6844132059781843,0.7071067811865475,0.0,-1.0615629010115046,33
1369,-0.12792277383035552,-0.14739997713603842,-0.1832315464703722,1.8894245151847455,-0.05195351032054794,0.0,0.7071067811865475,-0.25788719110129227,28
1370,-0.12792277383035552,-1.2040232743295685,-0.1832315464703722,-0.23510237636567338,-0.6844132059781843,0.0,0.7071067811865475,-1.0615629010115046,53
1372,-0.12792277383035552,-0.8518155085983917,-0.1832315464703722,-0.23510237636567338,-0.6844132059781843,0.7071067811865475,0.0,-0.25788719110129227,24
1375,-0.12792277383035552,-0.8518155085983917,-0.1832315464703722,-0.23510237636567338,-0.4735933074256388,0.7071067811865475,0.0,-0.6597250460563985,28
1376,-0.12792277383035552,0.20480778859513823,-0.1832315464703722,-0.23510237636567338,-0.4735933074256388,0.7071067811865475,0.0,0.14395066385381394,28
1377,-0.12792277383035552,0.9092233200574916,-0.1832315464703722,1.8894245151847455,0.5805061853370884,0.0,0.7071067811865475,0.14395066385381394,39
1379,-0.12792277383035552,0.9092233200574916,-0.1832315464703722,-0.23510237636567338,-0.4735933074256388,0.7071067811865475,0.0,0.9476263737640264,22
1380,-0.12792277383035552,-0.8518155085983917,-0.1832315464703722,-0.23510237636567338,-0.2627734088730934,0.7071067811865475,0.0,-0.6597250460563985,46
1382,-0.12792277383035552,-0.8518155085983917,-0.1832315464703722,-0.23510237636567338,-0.6844132059781843,0.0,0.7071067811865475,0.14395066385381394,25
1384,-0.12792277383035552,0.20480778859513823,-0.1832315464703722,-0.23510237636567338,-0.4735933074256388,0.7071067811865475,0.0,-0.25788719110129227,52
1385,-0.12792277383035552,-0.8518155085983917,-0.1832315464703722,-0.23510237636567338,0.15886638823199753,0.0,0.7071067811865475,-0.25788719110129227,28
1388,-0.12792277383035552,-1.2040232743295685,-0.1832315464703722,-0.23510237636567338,-0.4735933074256388,0.7071067811865475,0.0,-1.0615629010115046,57
1393,-0.12792277383035552,-1.2040232743295685,-0.1832315464703722,-0.23510237636567338,-0.05195351032054794,0.7071067811865475,0.0,-1.0615629010115046,49
1395,-0.12792277383035552,1.613638851519845,-0.1832315464703722,-0.23510237636567338,-0.2627734088730934,0.7071067811865475,0.0,0.9476263737640264,21
1396,-0.12792277383035552,1.9658466172510216,-0.1832315464703722,-0.23510237636567338,3.321164866520179,0.7071067811865475,0.0,2.554977793584451,32
1397,-0.12792277383035552,1.613638851519845,-0.1832315464703722,-0.23510237636567338,-0.05195351032054794,0.0,0.7071067811865475,-1.0615629010115046,63
1399,-0.12792277383035552,-0.4996077428672151,-0.1832315464703722,-0.23510237636567338,-0.2627734088730934,0.7071067811865475,0.0,-0.25788719110129227,29
1402,-0.12792277383035552,-1.2040232743295685,-0.1832315464703722,-0.23510237636567338,-0.6844132059781843,0.0,0.7071067811865475,-1.0615629010115046,46
1408,-0.12792277383035552,0.9092233200574916,-0.1832315464703722,-0.23510237636567338,1.4237857795472701,0.0,0.7071067811865475,0.5457885188089201,28
1410,-0.12792277383035552,-0.8518155085983917,-0.1832315464703722,-0.23510237636567338,-0.4735933074256388,0.7071067811865475,0.0,-0.25788719110129227,27
1411,-0.12792277383035552,-1.2040232743295685,-0.1832315464703722,-0.23510237636567338,-0.6844132059781843,0.0,0.7071067811865475,-1.0615629010115046,69
1412,-0.12792277383035552,-1.2040232743295685,-0.1832315464703722,-0.23510237636567338,-0.6844132059781843,0.0,0.7071067811865475,-1.0615629010115046,47
1418,-0.12792277383035552,-0.4996077428672151,-0.1832315464703722,-0.23510237636567338,-0.4735933074256388,0.7071067811865475,0.0,-0.25788719110129227,45
1419,-0.12792277383035552,-1.2040232743295685,-0.1832315464703722,-0.23510237636567338,-0.4735933074256388,0.0,0.7071067811865475,-1.0615629010115046,33
1422,-0.12792277383035552,-0.8518155085983917,-0.1832315464703722,-0.23510237636567338,-0.6844132059781843,0.0,0.7071067811865475,-0.6597250460563985,27
1427,-0.12792277383035552,1.613638851519845,-0.1832315464703722,-0.23510237636567338,2.2670653737574518,0.7071067811865475,0.0,0.9476263737640264,32
1428,-0.12792277383035552,0.9092233200574916,-0.1832315464703722,-0.23510237636567338,-0.2627734088730934,0.7071067811865475,0.0,0.5457885188089201,24
1429,-0.12792277383035552,1.9658466172510216,-0.1832315464703722,-0.23510237636567338,0.36968628678454296,0.7071067811865475,0.0,1.7513020836742388,26
1430,-0.12792277383035552,-0.14739997713603842,-0.1832315464703722,-0.23510237636567338,-0.6844132059781843,0.0,0.7071067811865475,-1.0615629010115046,47
1431,-0.12792277383035552,0.20480778859513823,-0.1832315464703722,-0.23510237636567338,-0.4735933074256388,0.7071067811865475,0.0,-0.25788719110129227,25
1433,-0.12792277383035552,1.2614310857886681,-0.1832315464703722,-0.23510237636567338,-0.4735933074256388,0.7071067811865475,0.0,1.3494642287191325,21
1435,-0.12792277383035552,-0.8518155085983917,-0.1832315464703722,-0.23510237636567338,-0.2627734088730934,0.0,0.7071067811865475,-0.25788719110129227,25
1436,2.0292885925110493,0.9092233200574916,1.8254808954748094,-0.23510237636567338,0.5805061853370884,0.7071067811865475,0.0,0.5457885188089201,22
1438,-0.12792277383035552,0.5570155543263149,-0.1832315464703722,-0.23510237636567338,-0.6844132059781843,0.7071067811865475,0.0,0.9476263737640264,26
1439,-0.12792277383035552,-0.14739997713603842,-0.1832315464703722,-0.23510237636567338,-0.6844132059781843,0.7071067811865475,0.0,0.9476263737640264,20
1441,-0.12792277383035552,0.20480778859513823,-0.1832315464703722,-0.23510237636567338,-0.4735933074256388,0.0,0.7071067811865475,-0.25788719110129227,30
1443,-0.12792277383035552,0.20480778859513823,-0.1832315464703722,-0.23510237636567338,-0.6844132059781843,0.7071067811865475,0.0,0.14395066385381394,45
1445,-0.12792277383035552,0.9092233200574916,-0.1832315464703722,-0.23510237636567338,0.7913260838896339,0.7071067811865475,0.0,2.153139938629345,33
1446,-0.12792277383035552,-1.2040232743295685,-0.1832315464703722,-0.23510237636567338,-0.2627734088730934,0.7071067811865475,0.0,-0.6597250460563985,35
1447,-0.12792277383035552,-1.2040232743295685,-0.1832315464703722,-0.23510237636567338,0.36968628678454296,0.7071067811865475,0.0,-1.0615629010115046,41
1448,-0.12792277383035552,-0.4996077428672151,-0.1832315464703722,-0.23510237636567338,-0.6844132059781843,0.0,0.7071067811865475,0.5457885188089201,23
1452,-0.12792277383035552,0.20480778859513823,1.8254808954748094,-0.23510237636567338,-0.6844132059781843,0.0,0.7071067811865475,0.5457885188089201,21
1455,-0.12792277383035552,-1.2040232743295685,-0.1832315464703722,-0.23510237636567338,-0.6844132059781843,0.7071067811865475,0.0,-1.0615629010115046,54
1456,-0.12792277383035552,0.5570155543263149,-0.1832315464703722,-0.23510237636567338,1.4237857795472701,0.7071067811865475,0.0,1.7513020836742388,27
1458,-0.12792277383035552,-0.4996077428672151,-0.1832315464703722,-0.23510237636567338,-0.6844132059781843,0.0,0.7071067811865475,0.5457885188089201,22
1460,-0.12792277383035552,0.9092233200574916,-0.1832315464703722,-0.23510237636567338,-0.6844132059781843,0.0,0.7071067811865475,1.3494642287191325,21
1461,-0.12792277383035552,0.5570155543263149,-0.1832315464703722,-0.23510237636567338,-0.2627734088730934,0.7071067811865475,0.0,0.5457885188089201,23
1462,-0.12792277383035552,-1.2040232743295685,-0.1832315464703722,-0.23510237636567338,-0.4735933074256388,0.0,0.7071067811865475,-0.6597250460563985,30
1463,-0.12792277383035552,1.2614310857886681,-0.1832315464703722,-0.23510237636567338,0.36968628678454296,0.0,0.7071067811865475,-0.25788719110129227,36
1467,-0.12792277383035552,0.9092233200574916,-0.1832315464703722,1.8894245151847455,1.4237857795472701,0.7071067811865475,0.0,0.5457885188089201,29
1470,-0.12792277383035552,0.20480778859513823,-0.1832315464703722,-0.23510237636567338,0.15886638823199753,0.0,0.7071067811865475,0.14395066385381394,54
1471,-0.12792277383035552,0.20480778859513823,-0.1832315464703722,-0.23510237636567338,-0.2627734088730934,0.0,0.7071067811865475,0.9476263737640264,22
1473,-0.12792277383035552,-0.14739997713603842,-0.1832315464703722,-0.23510237636567338,-0.6844132059781843,0.0,0.7071067811865475,-0.25788719110129227,26
1474,-0.12792277383035552,-0.14739997713603842,-0.1832315464703722,-0.23510237636567338,-0.6844132059781843,0.7071067811865475,0.0,0.9476263737640264,20
1479,-0.12792277383035552,-1.2040232743295685,-0.1832315464703722,-0.23510237636567338,0.5805061853370884,0.0,0.7071067811865475,-1.0615629010115046,52
1481,-0.12792277383035552,-1.2040232743295685,-0.1832315464703722,-0.23510237636567338,-0.6844132059781843,0.7071067811865475,0.0,-0.6597250460563985,29
1482,-0.12792277383035552,0.9092233200574916,-0.1832315464703722,-0.23510237636567338,0.5805061853370884,0.0,0.7071067811865475,0.5457885188089201,23
1483,-0.12792277383035552,-1.2040232743295685,-0.1832315464703722,-0.23510237636567338,-0.4735933074256388,0.0,0.7071067811865475,-1.0615629010115046,35
1484,-0.12792277383035552,1.613638851519845,-0.1832315464703722,-0.23510237636567338,1.0021459824421792,0.7071067811865475,0.0,2.554977793584451,32
1485,-0.12792277383035552,0.9092233200574916,-0.1832315464703722,-0.23510237636567338,-0.4735933074256388,0.0,0.7071067811865475,0.9476263737640264,21
1486,-0.12792277383035552,-0.4996077428672151,-0.1832315464703722,-0.23510237636567338,-0.6844132059781843,0.7071067811865475,0.0,0.9476263737640264,25
1490,-0.12792277383035552,-0.14739997713603842,-0.1832315464703722,-0.23510237636567338,0.15886638823199753,0.0,0.7071067811865475,-0.6597250460563985,30
1491,-0.12792277383035552,-0.14739997713603842,-0.1832315464703722,-0.23510237636567338,-0.05195351032054794,0.7071067811865475,0.0,0.14395066385381394,30
1496,-0.12792277383035552,0.9092233200574916,-0.1832315464703722,-0.23510237636567338,-0.2627734088730934,0.7071067811865475,0.0,0.9476263737640264,23
1497,2.0292885925110493,-0.14739997713603842,-0.1832315464703722,-0.23510237636567338,1.0021459824421792,0.7071067811865475,0.0,0.14395066385381394,32
1499,-0.12792277383035552,1.9658466172510216,-0.1832315464703722,-0.23510237636567338,0.5805061853370884,0.7071067811865475,0.0,2.153139938629345,29
1501,-0.12792277383035552,-1.2040232743295685,-0.1832315464703722,-0.23510237636567338,-0.6844132059781843,0.0,0.7071067811865475,-1.0615629010115046,42
1505,-0.12792277383035552,1.2614310857886681,-0.1832315464703722,1.8894245151847455,-0.6844132059781843,0.7071067811865475,0.0,2.153139938629345,21
1508,-0.12792277383035552,-0.4996077428672151,-0.1832315464703722,-0.23510237636567338,-0.6844132059781843,0.0,0.7071067811865475,0.14395066385381394,22
1509,-0.12792277383035552,-1.2040232743295685,-0.1832315464703722,-0.23510237636567338,-0.2627734088730934,0.7071067811865475,0.0,-0.6597250460563985,45
1511,-0.12792277383035552,-0.8518155085983917,-0.1832315464703722,-0.23510237636567338,-0.6844132059781843,0.0,0.7071067811865475,-0.25788719110129227,29
1513,-0.12792277383035552,0.20480778859513823,-0.1832315464703722,-0.23510237636567338,0.5805061853370884,0.7071067811865475,0.0,-0.25788719110129227,30
1515,-0.12792277383035552,-0.14739997713603842,-0.1832315464703722,-0.23510237636567338,2.8995250694150885,0.0,0.7071067811865475,-1.0615629010115046,51
1516,-0.12792277383035552,-0.4996077428672151,-0.1832315464703722,-0.23510237636567338,3.5319847650727247,0.7071067811865475,0.0,-1.0615629010115046,45
1520,-0.12792277383035552,0.5570155543263149,-0.1832315464703722,-0.23510237636567338,-0.2627734088730934,0.7071067811865475,0.0,0.5457885188089201,24
1522,-0.12792277383035552,0.9092233200574916,-0.1832315464703722,-0.23510237636567338,-0.2627734088730934,0.0,0.7071067811865475,0.9476263737640264,23
1526,-0.12792277383035552,-0.14739997713603842,-0.1832315464703722,-0.23510237636567338,0.36968628678454296,0.7071067811865475,0.0,-0.6597250460563985,36
1530,-0.12792277383035552,-1.2040232743295685,-0.1832315464703722,-0.23510237636567338,-0.6844132059781843,0.0,0.7071067811865475,-1.0615629010115046,69
1531,-0.12792277383035552,0.20480778859513823,-0.1832315464703722,1.8894245151847455,-0.4735933074256388,0.7071067811865475,0.0,0.9476263737640264,21
1532,-0.12792277383035552,-1.2040232743295685,-0.1832315464703722,-0.23510237636567338,-0.4735933074256388,0.0,0.7071067811865475,-1.0615629010115046,59
1533,-0.12792277383035552,0.5570155543263149,-0.1832315464703722,-0.23510237636567338,-0.4735933074256388,0.7071067811865475,0.0,-1.0615629010115046,39
1534,-0.12792277383035552,0.5570155543263149,-0.1832315464703722,-0.23510237636567338,-0.2627734088730934,0.7071067811865475,0.0,-0.25788719110129227,29
1535,-0.12792277383035552,0.9092233200574916,-0.1832315464703722,-0.23510237636567338,-0.4735933074256388,0.0,0.7071067811865475,0.5457885188089201,22
1538,-0.12792277383035552,-0.4996077428672151,-0.1832315464703722,-0.23510237636567338,0.5805061853370884,0.7071067811865475,0.0,-1.0615629010115046,44
1540,-0.12792277383035552,0.20480778859513823,-0.1832315464703722,-0.23510237636567338,-0.2627734088730934,0.7071067811865475,0.0,0.9476263737640264,25
1541,-0.12792277383035552,1.9658466172510216,-0.1832315464703722,-0.23510237636567338,-0.6844132059781843,0.7071067811865475,0.0,2.554977793584451,31
1542,-0.12792277383035552,0.9092233200574916,1.8254808954748094,-0.23510237636567338,2.8995250694150885,0.0,0.7071067811865475,-0.6597250460563985,35
1543,-0.12792277383035552,1.9658466172510216,-0.1832315464703722,-0.23510237636567338,1.6346056780998157,0.0,0.7071067811865475,2.153139938629345,27
1545,-0.12792277383035552,0.20480778859513823,-0.1832315464703722,-0.23510237636567338,-0.4735933074256388,0.7071067811865475,0.0,0.14395066385381394,33
1548,-0.12792277383035552,1.613638851519845,-0.1832315464703722,-0.23510237636567338,0.5805061853370884,0.7071067811865475,0.0,0.9476263737640264,28
1550,-0.12792277383035552,-1.2040232743295685,-0.1832315464703722,-0.23510237636567338,-0.4735933074256388,0.7071067811865475,0.0,-1.0615629010115046,60
1551,-0.12792277383035552,-1.2040232743295685,-0.1832315464703722,-0.23510237636567338,-0.6844132059781843,0.0,0.7071067811865475,-1.0615629010115046,53
1553,-0.12792277383035552,-1.2040232743295685,-0.1832315464703722,-0.23510237636567338,-0.6844132059781843,0.7071067811865475,0.0,-1.0615629010115046,51
1557,-0.12792277383035552,-1.2040232743295685,-0.1832315464703722,-0.23510237636567338,-0.6844132059781843,0.7071067811865475,0.0,-1.0615629010115046,54
1559,2.0292885925110493,-0.14739997713603842,3.834193337419991,-0.23510237636567338,-0.05195351032054794,0.0,0.7071067811865475,0.5457885188089201,24
1560,-0.12792277383035552,-0.8518155085983917,-0.1832315464703722,-0.23510237636567338,-0.4735933074256388,0.7071067811865475,0.0,-1.0615629010115046,55
1562,-0.12792277383035552,-0.4996077428672151,-0.1832315464703722,-0.23510237636567338,-0.6844132059781843,0.7071067811865475,0.0,-0.25788719110129227,26
1563,-0.12792277383035552,-1.2040232743295685,-0.1832315464703722,-0.23510237636567338,0.36968628678454296,0.7071067811865475,0.0,-1.0615629010115046,75
1565,-0.12792277383035552,0.20480778859513823,-0.1832315464703722,-0.23510237636567338,2.688705170862543,0.7071067811865475,0.0,-0.25788719110129227,36
1568,-0.12792277383035552,-0.8518155085983917,-0.1832315464703722,-0.23510237636567338,-0.6844132059781843,0.7071067811865475,0.0,-0.6597250460563985,34
1569,-0.12792277383035552,0.9092233200574916,-0.1832315464703722,-0.23510237636567338,0.36968628678454296,0.0,0.7071067811865475,1.3494642287191325,25
1571,-0.12792277383035552,-1.2040232743295685,-0.1832315464703722,-0.23510237636567338,-0.6844132059781843,0.7071067811865475,0.0,-1.0615629010115046,46
1572,-0.12792277383035552,-0.8518155085983917,-0.1832315464703722,-0.23510237636567338,-0.4735933074256388,0.7071067811865475,0.0,0.5457885188089201,27
1575,-0.12792277383035552,-0.4996077428672151,-0.1832315464703722,-0.23510237636567338,-0.05195351032054794,0.0,0.7071067811865475,-0.6597250460563985,28
1576,2.0292885925110493,1.2614310857886681,-0.1832315464703722,1.8894245151847455,2.0562454752049066,0.0,0.7071067811865475,0.9476263737640264,42
1577,-0.12792277383035552,-1.2040232743295685,-0.1832315464703722,-0.23510237636567338,-0.2627734088730934,0.0,0.7071067811865475,-1.0615629010115046,59
1578,-0.12792277383035552,-1.2040232743295685,-0.1832315464703722,-0.23510237636567338,-0.4735933074256388,0.7071067811865475,0.0,-1.0615629010115046,39
1581,-0.12792277383035552,-0.14739997713603842,-0.1832315464703722,-0.23510237636567338,0.36968628678454296,0.0,0.7071067811865475,-1.0615629010115046,46
1584,-0.12792277383035552,-0.8518155085983917,-0.1832315464703722,-0.23510237636567338,-0.4735933074256388,0.7071067811865475,0.0,-0.25788719110129227,25
1587,-0.12792277383035552,-1.2040232743295685,-0.1832315464703722,-0.23510237636567338,-0.2627734088730934,0.7071067811865475,0.0,-1.0615629010115046,55
1588,-0.12792277383035552,1.9658466172510216,-0.1832315464703722,-0.23510237636567338,-0.4735933074256388,0.0,0.7071067811865475,0.5457885188089201,35
1590,-0.12792277383035552,-1.2040232743295685,-0.1832315464703722,-0.23510237636567338,-0.6844132059781843,0.0,0.7071067811865475,-1.0615629010115046,43
1591,-0.12792277383035552,-1.2040232743295685,-0.1832315464703722,-0.23510237636567338,-0.6844132059781843,0.0,0.7071067811865475,-1.0615629010115046,53
1594,-0.12792277383035552,0.20480778859513823,-0.1832315464703722,-0.23510237636567338,-0.6844132059781843,0.0,0.7071067811865475,0.9476263737640264,21
1595,-0.12792277383035552,1.9658466172510216,-0.1832315464703722,-0.23510237636567338,2.8995250694150885,0.7071067811865475,0.0,0.14395066385381394,55
1596,-0.12792277383035552,-0.4996077428672151,-0.1832315464703722,-0.23510237636567338,-0.4735933074256388,0.7071067811865475,0.0,-0.25788719110129227,27
1597,-0.12792277383035552,-1.2040232743295685,-0.1832315464703722,-0.23510237636567338,-0.6844132059781843,0.7071067811865475,0.0,-1.0615629010115046,40
1599,-0.12792277383035552,-1.2040232743295685,-0.1832315464703722,-0.23510237636567338,-0.6844132059781843,0.0,0.7071067811865475,-1.0615629010115046,37
1601,-0.12792277383035552,-0.8518155085983917,-0.1832315464703722,-0.23510237636567338,-0.2627734088730934,0.0,0.7071067811865475,-0.6597250460563985,32
1602,-0.12792277383035552,-0.8518155085983917,-0.1832315464703722,-0.23510237636567338,-0.2627734088730934,0.0,0.7071067811865475,-0.6597250460563985,32
1604,-0.12792277383035552,0.20480778859513823,-0.1832315464703722,-0.23510237636567338,0.15886638823199753,0.0,0.7071067811865475,-0.25788719110129227,36
1605,-0.12792277383035552,-0.4996077428672151,-0.1832315464703722,-0.23510237636567338,-0.6844132059781843,0.0,0.7071067811865475,0.5457885188089201,22
1606,-0.12792277383035552,1.2614310857886681,-0.1832315464703722,-0.23510237636567338,-0.6844132059781843,0.7071067811865475,0.0,0.5457885188089201,31
1607,-0.12792277383035552,0.9092233200574916,-0.1832315464703722,-0.23510237636567338,0.15886638823199753,0.7071067811865475,0.0,0.5457885188089201,26
1608,-0.12792277383035552,0.5570155543263149,-0.1832315464703722,-0.23510237636567338,5.64018375059818,0.0,0.7071067811865475,-0.25788719110129227,50
1611,-0.12792277383035552,-0.4996077428672151,-0.1832315464703722,-0.23510237636567338,0.15886638823199753,0.7071067811865475,0.0,-0.6597250460563985,47
1613,-0.12792277383035552,-0.4996077428672151,-0.1832315464703722,-0.23510237636567338,-0.2627734088730934,0.7071067811865475,0.0,-1.0615629010115046,36
1615,-0.12792277383035552,-1.2040232743295685,-0.1832315464703722,-0.23510237636567338,-0.6844132059781843,0.7071067811865475,0.0,-1.0615629010115046,38
1618,-0.12792277383035552,-1.2040232743295685,-0.1832315464703722,-0.23510237636567338,-0.6844132059781843,0.7071067811865475,0.0,-1.0615629010115046,35
1620,-0.12792277383035552,-1.2040232743295685,-0.1832315464703722,-0.23510237636567338,-0.6844132059781843,0.7071067811865475,0.0,-1.0615629010115046,53
1622,-0.12792277383035552,-0.4996077428672151,-0.1832315464703722,-0.23510237636567338,-0.2627734088730934,0.7071067811865475,0.0,-1.0615629010115046,53
1623,-0.12792277383035552,0.9092233200574916,-0.1832315464703722,-0.23510237636567338,3.321164866520179,0.7071067811865475,0.0,0.14395066385381394,57
1624,-0.12792277383035552,1.2614310857886681,-0.1832315464703722,-0.23510237636567338,0.36968628678454296,0.7071067811865475,0.0,0.5457885188089201,22
1625,-0.12792277383035552,1.9658466172510216,-0.1832315464703722,-0.23510237636567338,-0.6844132059781843,0.7071067811865475,0.0,2.153139938629345,21
1626,-0.12792277383035552,-0.4996077428672151,-0.1832315464703722,-0.23510237636567338,-0.6844132059781843,0.7071067811865475,0.0,-0.25788719110129227,26
1629,-0.12792277383035552,0.20480778859513823,-0.1832315464703722,-0.23510237636567338,-0.2627734088730934,0.7071067811865475,0.0,0.14395066385381394,27
1630,-0.12792277383035552,0.20480778859513823,-0.1832315464703722,-0.23510237636567338,0.15886638823199753,0.7071067811865475,0.0,-1.0615629010115046,49
1631,-0.12792277383035552,-0.4996077428672151,-0.1832315464703722,-0.23510237636567338,-0.4735933074256388,0.7071067811865475,0.0,-1.0615629010115046,47
1632,-0.12792277383035552,1.9658466172510216,-0.1832315464703722,-0.23510237636567338,1.0021459824421792,0.7071067811865475,0.0,0.5457885188089201,30
1634,-0.12792277383035552,-1.2040232743295685,-0.1832315464703722,-0.23510237636567338,-0.05195351032054794,0.7071067811865475,0.0,-1.0615629010115046,44
1637,-0.12792277383035552,-1.2040232743295685,-0.1832315464703722,-0.23510237636567338,-0.4735933074256388,0.7071067811865475,0.0,-1.0615629010115046,34
1638,-0.12792277383035552,-0.4996077428672151,-0.1832315464703722,-0.23510237636567338,1.4237857795472701,0.7071067811865475,0.0,-1.0615629010115046,45
1639,-0.12792277383035552,-0.14739997713603842,-0.1832315464703722,-0.23510237636567338,-0.6844132059781843,0.7071067811865475,0.0,0.5457885188089201,38
1640,-0.12792277383035552,-1.2040232743295685,-0.1832315464703722,-0.23510237636567338,-0.2627734088730934,0.0,0.7071067811865475,-1.0615629010115046,50
1642,-0.12792277383035552,0.5570155543263149,-0.1832315464703722,-0.23510237636567338,-0.4735933074256388,0.0,0.7071067811865475,0.14395066385381394,29
1643,-0.12792277383035552,-0.14739997713603842,-0.1832315464703722,-0.23510237636567338,-0.6844132059781843,0.7071067811865475,0.0,0.14395066385381394,26
1645,-0.12792277383035552,0.5570155543263149,-0.1832315464703722,-0.23510237636567338,-0.4735933074256388,0.7071067811865475,0.0,0.9476263737640264,22
1646,-0.12792277383035552,-1.2040232743295685,-0.1832315464703722,-0.23510237636567338,-0.6844132059781843,0.0,0.7071067811865475,-1.0615629010115046,47
1648,-0.12792277383035552,-1.2040232743295685,-0.1832315464703722,-0.23510237636567338,-0.6844132059781843,0.7071067811865475,0.0,-1.0615629010115046,49
1651,-0.12792277383035552,-0.4996077428672151,-0.1832315464703722,-0.23510237636567338,-0.4735933074256388,0.7071067811865475,0.0,-1.0615629010115046,49
1652,-0.12792277383035552,-1.2040232743295685,-0.1832315464703722,-0.23510237636567338,-0.2627734088730934,0.7071067811865475,0.0,-1.0615629010115046,59
1653,-0.12792277383035552,0.20480778859513823,-0.1832315464703722,-0.23510237636567338,0.5805061853370884,0.0,0.7071067811865475,0.14395066385381394,32
1655,-0.12792277383035552,-0.8518155085983917,-0.1832315464703722,4.013951406735165,-0.4735933074256388,0.0,0.7071067811865475,0.14395066385381394,24
1656,-0.12792277383035552,-0.8518155085983917,-0.1832315464703722,-0.23510237636567338,-0.6844132059781843,0.0,0.7071067811865475,-1.0615629010115046,40
1657,-0.12792277383035552,-1.2040232743295685,-0.1832315464703722,-0.23510237636567338,-0.6844132059781843,0.7071067811865475,0.0,-0.6597250460563985,32
1658,-0.12792277383035552,-1.2040232743295685,-0.1832315464703722,-0.23510237636567338,-0.6844132059781843,0.0,0.7071067811865475,-1.0615629010115046,54
1660,-0.12792277383035552,1.9658466172510216,-0.1832315464703722,1.8894245151847455,1.2129658809947248,0.7071067811865475,0.0,0.5457885188089201,27
1664,-0.12792277383035552,1.2614310857886681,-0.1832315464703722,-0.23510237636567338,-0.2627734088730934,0.0,0.7071067811865475,0.14395066385381394,25
1667,-0.12792277383035552,0.20480778859513823,-0.1832315464703722,-0.23510237636567338,-0.6844132059781843,0.0,0.7071067811865475,0.9476263737640264,20
1668,4.186499958852454,1.613638851519845,-0.1832315464703722,-0.23510237636567338,3.1103449679676336,0.0,0.7071067811865475,2.153139938629345,37
1669,-0.12792277383035552,1.9658466172510216,-0.1832315464703722,-0.23510237636567338,0.36968628678454296,0.7071067811865475,0.0,1.7513020836742388,30
1670,-0.12792277383035552,0.5570155543263149,-0.1832315464703722,-0.23510237636567338,-0.4735933074256388,0.7071067811865475,0.0,0.9476263737640264,23
1672,-0.12792277383035552,1.2614310857886681,-0.1832315464703722,-0.23510237636567338,-0.6844132059781843,0.7071067811865475,0.0,1.3494642287191325,20
1680,-0.12792277383035552,-0.8518155085983917,-0.1832315464703722,-0.23510237636567338,1.0021459824421792,0.7071067811865475,0.0,0.5457885188089201,50
1681,-0.12792277383035552,-0.8518155085983917,-0.1832315464703722,-0.23510237636567338,0.7913260838896339,0.7071067811865475,0.0,-1.0615629010115046,50
1682,-0.12792277383035552,-1.2040232743295685,-0.1832315464703722,-0.23510237636567338,-0.05195351032054794,0.7071067811865475,0.0,-1.0615629010115046,40
1684,-0.12792277383035552,0.9092233200574916,-0.1832315464703722,-0.23510237636567338,-0.2627734088730934,0.7071067811865475,0.0,0.5457885188089201,24
1685,-0.12792277383035552,0.5570155543263149,-0.1832315464703722,-0.23510237636567338,-0.6844132059781843,0.7071067811865475,0.0,0.5457885188089201,24
1686,-0.12792277383035552,0.20480778859513823,-0.1832315464703722,-0.23510237636567338,-0.05195351032054794,0.7071067811865475,0.0,-0.25788719110129227,23
1689,-0.12792277383035552,-1.2040232743295685,-0.1832315464703722,-0.23510237636567338,-0.05195351032054794,0.0,0.7071067811865475,-1.0615629010115046,54
1691,-0.12792277383035552,1.9658466172510216,-0.1832315464703722,4.013951406735165,0.15886638823199753,0.0,0.7071067811865475,1.3494642287191325,25
1692,-0.12792277383035552,-1.2040232743295685,-0.1832315464703722,-0.23510237636567338,-0.4735933074256388,0.0,0.7071067811865475,-1.0615629010115046,46
1697,-0.12792277383035552,0.20480778859513823,-0.1832315464703722,-0.23510237636567338,-0.4735933074256388,0.7071067811865475,0.0,-0.25788719110129227,25
1698,-0.12792277383035552,-0.4996077428672151,-0.1832315464703722,-0.23510237636567338,-0.6844132059781843,0.0,0.7071067811865475,0.14395066385381394,22
1699,-0.12792277383035552,-0.8518155085983917,-0.1832315464703722,-0.23510237636567338,-0.4735933074256388,0.7071067811865475,0.0,-1.0615629010115046,32
1700,-0.12792277383035552,-0.4996077428672151,-0.1832315464703722,-0.23510237636567338,-0.6844132059781843,0.0,0.7071067811865475,0.14395066385381394,25
1702,-0.12792277383035552,1.613638851519845,-0.1832315464703722,-0.23510237636567338,2.688705170862543,0.7071067811865475,0.0,-0.25788719110129227,33
1706,-0.12792277383035552,0.20480778859513823,-0.1832315464703722,-0.23510237636567338,0.15886638823199753,0.0,0.7071067811865475,0.9476263737640264,33
1707,-0.12792277383035552,-0.8518155085983917,-0.1832315464703722,-0.23510237636567338,-0.6844132059781843,0.7071067811865475,0.0,-0.25788719110129227,24
1709,-0.12792277383035552,1.613638851519845,-0.1832315464703722,1.8894245151847455,1.845425576652361,0.0,0.7071067811865475,1.3494642287191325,33
1710,-0.12792277383035552,-0.8518155085983917,-0.1832315464703722,-0.23510237636567338,-0.6844132059781843,0.0,0.7071067811865475,-1.0615629010115046,37
1711,-0.12792277383035552,-1.2040232743295685,-0.1832315464703722,-0.23510237636567338,-0.6844132059781843,0.0,0.7071067811865475,-1.0615629010115046,40
1715,-0.12792277383035552,0.5570155543263149,-0.1832315464703722,-0.23510237636567338,1.2129658809947248,0.7071067811865475,0.0,-0.6597250460563985,43
1717,-0.12792277383035552,0.5570155543263149,-0.1832315464703722,-0.23510237636567338,0.36968628678454296,0.7071067811865475,0.0,1.3494642287191325,35
1718,-0.12792277383035552,1.613638851519845,1.8254808954748094,-0.23510237636567338,1.6346056780998157,0.7071067811865475,0.0,1.7513020836742388,25
1719,-0.12792277383035552,-1.2040232743295685,-0.1832315464703722,-0.23510237636567338,-0.4735933074256388,0.7071067811865475,0.0,-1.0615629010115046,61
1727,-0.12792277383035552,-1.2040232743295685,-0.1832315464703722,-0.23510237636567338,-0.4735933074256388,0.7071067811865475,0.0,-1.0615629010115046,52
1729,-0.12792277383035552,-0.8518155085983917,-0.1832315464703722,-0.23510237636567338,-0.4735933074256388,0.0,0.7071067811865475,-1.0615629010115046,39
1730,-0.12792277383035552,-0.14739997713603842,-0.1832315464703722,-0.23510237636567338,0.36968628678454296,0.7071067811865475,0.0,-1.0615629010115046,47
1733,-0.12792277383035552,0.9092233200574916,-0.1832315464703722,-0.23510237636567338,0.5805061853370884,0.0,0.7071067811865475,-0.6597250460563985,52
1735,-0.12792277383035552,-1.2040232743295685,-0.1832315464703722,-0.23510237636567338,-0.6844132059781843,0.0,0.7071067811865475,-0.6597250460563985,37
1736,-0.12792277383035552,0.9092233200574916,-0.1832315464703722,-0.23510237636567338,-0.6844132059781843,0.7071067811865475,0.0,0.5457885188089201,24
1737,-0.12792277383035552,1.613638851519845,-0.1832315464703722,-0.23510237636567338,2.2670653737574518,0.7071067811865475,0.0,1.7513020836742388,34
1742,-0.12792277383035552,-0.14739997713603842,-0.1832315464703722,-0.23510237636567338,-0.6844132059781843,0.0,0.7071067811865475,1.3494642287191325,20
1746,-0.12792277383035552,-0.4996077428672151,-0.1832315464703722,-0.23510237636567338,-0.4735933074256388,0.0,0.7071067811865475,-0.25788719110129227,25
1749,-0.12792277383035552,-1.2040232743295685,-0.1832315464703722,-0.23510237636567338,-0.6844132059781843,0.0,0.7071067811865475,-1.0615629010115046,62
1750,-0.12792277383035552,-0.4996077428672151,-0.1832315464703722,-0.23510237636567338,-0.6844132059781843,0.7071067811865475,0.0,0.5457885188089201,23
1752,-0.12792277383035552,0.9092233200574916,-0.1832315464703722,-0.23510237636567338,-0.6844132059781843,0.7071067811865475,0.0,-0.25788719110129227,60
1754,-0.12792277383035552,-1.2040232743295685,-0.1832315464703722,-0.23510237636567338,-0.6844132059781843,0.0,0.7071067811865475,-1.0615629010115046,35
1755,-0.12792277383035552,0.9092233200574916,-0.1832315464703722,-0.23510237636567338,-0.6844132059781843,0.7071067811865475,0.0,0.5457885188089201,24
1757,-0.12792277383035552,-1.2040232743295685,-0.1832315464703722,-0.23510237636567338,-0.6844132059781843,0.0,0.7071067811865475,-0.6597250460563985,30
1760,-0.12792277383035552,0.20480778859513823,-0.1832315464703722,-0.23510237636567338,0.15886638823199753,0.7071067811865475,0.0,-0.6597250460563985,35
1764,-0.12792277383035552,-0.14739997713603842,-0.1832315464703722,-0.23510237636567338,-0.6844132059781843,0.0,0.7071067811865475,-0.25788719110129227,28
1768,-0.12792277383035552,-1.2040232743295685,-0.1832315464703722,-0.23510237636567338,-0.6844132059781843,0.7071067811865475,0.0,-1.0615629010115046,56
1770,-0.12792277383035552,-0.8518155085983917,-0.1832315464703722,-0.23510237636567338,-0.2627734088730934,0.7071067811865475,0.0,-0.25788719110129227,23
1771,-0.12792277383035552,-0.4996077428672151,-0.1832315464703722,-0.23510237636567338,-0.6844132059781843,0.7071067811865475,0.0,0.5457885188089201,20
1774,-0.12792277383035552,-0.8518155085983917,1.8254808954748094,-0.23510237636567338,-0.4735933074256388,0.0,0.7071067811865475,0.14395066385381394,23
1776,-0.12792277383035552,1.613638851519845,-0.1832315464703722,-0.23510237636567338,-0.6844132059781843,0.7071067811865475,0.0,2.153139938629345,21
1780,-0.12792277383035552,0.20480778859513823,-0.1832315464703722,-0.23510237636567338,-0.2627734088730934,0.7071067811865475,0.0,-0.6597250460563985,35
1781,-0.12792277383035552,-0.4996077428672151,-0.1832315464703722,-0.23510237636567338,-0.05195351032054794,0.0,0.7071067811865475,-0.25788719110129227,33
1783,-0.12792277383035552,-0.14739997713603842,-0.1832315464703722,-0.23510237636567338,-0.6844132059781843,0.7071067811865475,0.0,0.9476263737640264,21
1786,4.186499958852454,1.613638851519845,1.8254808954748094,-0.23510237636567338,1.2129658809947248,0.0,0.7071067811865475,0.5457885188089201,41
1787,-0.12792277383035552,0.20480778859513823,-0.1832315464703722,-0.23510237636567338,-0.6844132059781843,0.7071067811865475,0.0,1.3494642287191325,24
1788,-0.12792277383035552,1.9658466172510216,-0.1832315464703722,-0.23510237636567338,-0.2627734088730934,0.7071067811865475,0.0,2.554977793584451,20
1791,-0.12792277383035552,1.2614310857886681,-0.1832315464703722,-0.23510237636567338,1.2129658809947248,0.7071067811865475,0.0,0.14395066385381394,28
1792,-0.12792277383035552,1.613638851519845,-0.1832315464703722,-0.23510237636567338,0.7913260838896339,0.7071067811865475,0.0,0.9476263737640264,25
1794,-0.12792277383035552,-0.8518155085983917,-0.1832315464703722,-0.23510237636567338,-0.05195351032054794,0.7071067811865475,0.0,-1.0615629010115046,49
1795,-0.12792277383035552,0.5570155543263149,-0.1832315464703722,-0.23510237636567338,-0.6844132059781843,0.7071067811865475,0.0,0.9476263737640264,22
1796,-0.12792277383035552,-0.4996077428672151,-0.1832315464703722,-0.23510237636567338,-0.6844132059781843,0.7071067811865475,0.0,0.9476263737640264,21
1797,-0.12792277383035552,1.613638851519845,-0.1832315464703722,-0.23510237636567338,-0.05195351032054794,0.7071067811865475,0.0,0.9476263737640264,27
1800,-0.12792277383035552,0.20480778859513823,-0.1832315464703722,-0.23510237636567338,0.15886638823199753,0.0,0.7071067811865475,-0.6597250460563985,50
1801,-0.12792277383035552,-0.4996077428672151,-0.1832315464703722,-0.23510237636567338,-0.6844132059781843,0.0,0.7071067811865475,-0.25788719110129227,23
1803,-0.12792277383035552,-0.14739997713603842,-0.1832315464703722,-0.23510237636567338,-0.6844132059781843,0.0,0.7071067811865475,-0.6597250460563985,34
1805,-0.12792277383035552,0.20480778859513823,-0.1832315464703722,1.8894245151847455,0.15886638823199753,0.7071067811865475,0.0,0.14395066385381394,25
1806,-0.12792277383035552,0.20480778859513823,-0.1832315464703722,-0.23510237636567338,-0.2627734088730934,0.7071067811865475,0.0,-0.6597250460563985,33
1809,-0.12792277383035552,-0.14739997713603842,-0.1832315464703722,-0.23510237636567338,-0.4735933074256388,0.0,0.7071067811865475,0.9476263737640264,25
1810,-0.12792277383035552,-1.2040232743295685,-0.1832315464703722,-0.23510237636567338,-0.6844132059781843,0.0,0.7071067811865475,-1.0615629010115046,30
1815,-0.12792277383035552,-0.8518155085983917,-0.1832315464703722,-0.23510237636567338,-0.6844132059781843,0.0,0.7071067811865475,-1.0615629010115046,42
1816,-0.12792277383035552,1.9658466172510216,-0.1832315464703722,-0.23510237636567338,1.6346056780998157,0.7071067811865475,0.0,0.5457885188089201,29
1817,-0.12792277383035552,-0.14739997713603842,-0.1832315464703722,-0.23510237636567338,0.5805061853370884,0.7071067811865475,0.0,0.5457885188089201,32
1819,-0.12792277383035552,0.5570155543263149,-0.1832315464703722,-0.23510237636567338,0.36968628678454296,0.7071067811865475,0.0,0.5457885188089201,24
1820,-0.12792277383035552,-1.2040232743295685,-0.1832315464703722,-0.23510237636567338,-0.05195351032054794,0.7071067811865475,0.0,-0.6597250460563985,52
1821,-0.12792277383035552,-0.4996077428672151,-0.1832315464703722,-0.23510237636567338,-0.05195351032054794,0.0,0.7071067811865475,-0.25788719110129227,26
1822,-0.12792277383035552,-0.4996077428672151,-0.1832315464703722,-0.23510237636567338,-0.2627734088730934,0.7071067811865475,0.0,-0.6597250460563985,31
1823,-0.12792277383035552,-1.2040232743295685,-0.1832315464703722,-0.23510237636567338,-0.6844132059781843,0.7071067811865475,0.0,-1.0615629010115046,38
1829,-0.12792277383035552,0.20480778859513823,-0.1832315464703722,-0.23510237636567338,-0.6844132059781843,0.7071067811865475,0.0,-0.6597250460563985,30
1830,-0.12792277383035552,1.9658466172510216,-0.1832315464703722,-0.23510237636567338,-0.6844132059781843,0.0,0.7071067811865475,2.554977793584451,20
1833,-0.12792277383035552,-0.4996077428672151,-0.1832315464703722,-0.23510237636567338,-0.6844132059781843,0.7071067811865475,0.0,0.14395066385381394,24
1834,-0.12792277383035552,-0.14739997713603842,-0.1832315464703722,-0.23510237636567338,-0.6844132059781843,0.7071067811865475,0.0,0.5457885188089201,31
1841,-0.12792277383035552,-0.4996077428672151,-0.1832315464703722,-0.23510237636567338,-0.4735933074256388,0.0,0.7071067811865475,-0.6597250460563985,37
1843,-0.12792277383035552,-0.8518155085983917,-0.1832315464703722,-0.23510237636567338,-0.6844132059781843,0.0,0.7071067811865475,-1.0615629010115046,43
1844,-0.12792277383035552,0.5570155543263149,-0.1832315464703722,-0.23510237636567338,1.0021459824421792,0.7071067811865475,0.0,-0.6597250460563985,49
1845,-0.12792277383035552,-0.8518155085983917,-0.1832315464703722,-0.23510237636567338,-0.4735933074256388,0.7071067811865475,0.0,-0.6597250460563985,33
1847,-0.12792277383035552,-1.2040232743295685,-0.1832315464703722,-0.23510237636567338,-0.6844132059781843,0.0,0.7071067811865475,-1.0615629010115046,42
1848,-0.12792277383035552,-0.8518155085983917,-0.1832315464703722,-0.23510237636567338,-0.6844132059781843,0.7071067811865475,0.0,-0.25788719110129227,44
1849,-0.12792277383035552,0.5570155543263149,-0.1832315464703722,-0.23510237636567338,0.36968628678454296,0.7071067811865475,0.0,0.5457885188089201,28
1850,-0.12792277383035552,0.5570155543263149,-0.1832315464703722,-0.23510237636567338,0.15886638823199753,0.7071067811865475,0.0,1.3494642287191325,32
1852,-0.12792277383035552,0.9092233200574916,-0.1832315464703722,-0.23510237636567338,0.7913260838896339,0.7071067811865475,0.0,0.9476263737640264,28
1853,-0.12792277383035552,-0.14739997713603842,-0.1832315464703722,-0.23510237636567338,-0.6844132059781843,0.7071067811865475,0.0,-0.6597250460563985,38
1854,-0.12792277383035552,-0.14739997713603842,-0.1832315464703722,-0.23510237636567338,-0.05195351032054794,0.7071067811865475,0.0,-1.0615629010115046,38
1859,-0.12792277383035552,-0.4996077428672151,-0.1832315464703722,-0.23510237636567338,-0.6844132059781843,0.0,0.7071067811865475,-0.6597250460563985,34
1860,-0.12792277383035552,0.5570155543263149,-0.1832315464703722,-0.23510237636567338,-0.4735933074256388,0.7071067811865475,0.0,0.9476263737640264,21
1861,-0.12792277383035552,1.2614310857886681,-0.1832315464703722,-0.23510237636567338,-0.4735933074256388,0.7071067811865475,0.0,0.14395066385381394,36
1862,-0.12792277383035552,-0.8518155085983917,-0.1832315464703722,-0.23510237636567338,-0.6844132059781843,0.0,0.7071067811865475,-0.6597250460563985,29
1863,-0.12792277383035552,0.5570155543263149,-0.1832315464703722,1.8894245151847455,-0.05195351032054794,0.7071067811865475,0.0,-0.25788719110129227,34
1864,-0.12792277383035552,-0.8518155085983917,-0.1832315464703722,-0.23510237636567338,-0.4735933074256388,0.0,0.7071067811865475,-0.6597250460563985,38
1865,-0.12792277383035552,-1.2040232743295685,-0.1832315464703722,-0.23510237636567338,-0.6844132059781843,0.7071067811865475,0.0,-1.0615629010115046,36
1866,-0.12792277383035552,-0.8518155085983917,-0.1832315464703722,-0.23510237636567338,-0.6844132059781843,0.0,0.7071067811865475,-0.6597250460563985,32
1868,-0.12792277383035552,1.613638851519845,-0.1832315464703722,-0.23510237636567338,-0.6844132059781843,0.0,0.7071067811865475,1.7513020836742388,23
1869,-0.12792277383035552,-1.2040232743295685,-0.1832315464703722,-0.23510237636567338,-0.6844132059781843,0.0,0.7071067811865475,-1.0615629010115046,47
1870,-0.12792277383035552,-0.4996077428672151,-0.1832315464703722,-0.23510237636567338,-0.6844132059781843,0.7071067811865475,0.0,0.9476263737640264,20
1871,-0.12792277383035552,1.2614310857886681,-0.1832315464703722,-0.23510237636567338,-0.2627734088730934,0.7071067811865475,0.0,1.7513020836742388,25
1872,-0.12792277383035552,-1.2040232743295685,-0.1832315464703722,-0.23510237636567338,-0.6844132059781843,0.0,0.7071067811865475,-1.0615629010115046,35
1874,-0.12792277383035552,-0.14739997713603842,-0.1832315464703722,-0.23510237636567338,-0.4735933074256388,0.0,0.7071067811865475,0.14395066385381394,28
1877,-0.12792277383035552,0.20480778859513823,-0.1832315464703722,-0.23510237636567338,-0.2627734088730934,0.0,0.7071067811865475,0.5457885188089201,24
1879,-0.12792277383035552,1.613638851519845,-0.1832315464703722,-0.23510237636567338,-0.6844132059781843,0.7071067811865475,0.0,2.153139938629345,22
1880,-0.12792277383035552,1.9658466172510216,15.88646798909108,1.8894245151847455,1.0021459824421792,0.7071067811865475,0.0,1.7513020836742388,20
1883,-0.12792277383035552,-1.2040232743295685,-0.1832315464703722,-0.23510237636567338,-0.6844132059781843,0.0,0.7071067811865475,-1.0615629010115046,40
1884,-0.12792277383035552,-0.14739997713603842,-0.1832315464703722,-0.23510237636567338,-0.4735933074256388,0.7071067811865475,0.0,0.14395066385381394,27
1886,-0.12792277383035552,-0.4996077428672151,-0.1832315464703722,-0.23510237636567338,1.845425576652361,0.7071067811865475,0.0,-1.0615629010115046,60
1888,-0.12792277383035552,0.20480778859513823,-0.1832315464703722,-0.23510237636567338,0.5805061853370884,0.0,0.7071067811865475,0.14395066385381394,33
1890,-0.12792277383035552,-0.14739997713603842,-0.1832315464703722,-0.23510237636567338,-0.2627734088730934,0.0,0.7071067811865475,-0.25788719110129227,34
1893,-0.12792277383035552,1.2614310857886681,-0.1832315464703722,-0.23510237636567338,0.15886638823199753,0.0,0.7071067811865475,0.14395066385381394,24
1894,-0.12792277383035552,-0.8518155085983917,-0.1832315464703722,-0.23510237636567338,-0.6844132059781843,0.0,0.7071067811865475,-0.25788719110129227,27
1895,2.0292885925110493,1.9658466172510216,1.8254808954748094,1.8894245151847455,0.15886638823199753,0.7071067811865475,0.0,2.153139938629345,29
1897,2.0292885925110493,0.9092233200574916,-0.1832315464703722,1.8894245151847455,-0.4735933074256388,0.7071067811865475,0.0,1.7513020836742388,21
1899,-0.12792277383035552,-1.2040232743295685,-0.1832315464703722,-0.23510237636567338,-0.6844132059781843,0.0,0.7071067811865475,-1.0615629010115046,32
1901,-0.12792277383035552,-1.2040232743295685,-0.1832315464703722,-0.23510237636567338,-0.6844132059781843,0.7071067811865475,0.0,-1.0615629010115046,42
1904,-0.12792277383035552,-0.14739997713603842,-0.1832315464703722,-0.23510237636567338,-0.4735933074256388,0.7071067811865475,0.0,-0.25788719110129227,32
1905,-0.12792277383035552,-1.2040232743295685,-0.1832315464703722,-0.23510237636567338,-0.6844132059781843,0.7071067811865475,0.0,-0.6597250460563985,27
1906,-0.12792277383035552,-0.14739997713603842,-0.1832315464703722,-0.23510237636567338,-0.05195351032054794,0.0,0.7071067811865475,-0.25788719110129227,30
1907,-0.12792277383035552,-0.4996077428672151,-0.1832315464703722,-0.23510237636567338,-0.4735933074256388,0.7071067811865475,0.0,0.5457885188089201,22
1908,-0.12792277383035552,1.9658466172510216,-0.1832315464703722,-0.23510237636567338,-0.6844132059781843,0.0,0.7071067811865475,2.153139938629345,20
1909,-0.12792277383035552,-0.8518155085983917,-0.1832315464703722,-0.23510237636567338,-0.6844132059781843,0.0,0.7071067811865475,-0.6597250460563985,57
1910,-0.12792277383035552,-1.2040232743295685,-0.1832315464703722,-0.23510237636567338,-0.05195351032054794,0.7071067811865475,0.0,-1.0615629010115046,51
1913,-0.12792277383035552,-0.14739997713603842,-0.1832315464703722,-0.23510237636567338,-0.6844132059781843,0.7071067811865475,0.0,0.9476263737640264,21
1914,-0.12792277383035552,0.20480778859513823,-0.1832315464703722,-0.23510237636567338,-0.6844132059781843,0.7071067811865475,0.0,1.3494642287191325,22
1915,-0.12792277383035552,1.2614310857886681,-0.1832315464703722,-0.23510237636567338,0.15886638823199753,0.7071067811865475,0.0,-0.25788719110129227,35
1917,-0.12792277383035552,-0.4996077428672151,-0.1832315464703722,-0.23510237636567338,-0.2627734088730934,0.7071067811865475,0.0,-0.6597250460563985,58
1919,-0.12792277383035552,-1.2040232743295685,-0.1832315464703722,-0.23510237636567338,-0.6844132059781843,0.7071067811865475,0.0,-0.6597250460563985,32
1923,-0.12792277383035552,0.5570155543263149,-0.1832315464703722,-0.23510237636567338,1.2129658809947248,0.0,0.7071067811865475,0.5457885188089201,30
1924,-0.12792277383035552,1.9658466172510216,-0.1832315464703722,-0.23510237636567338,-0.6844132059781843,0.7071067811865475,0.0,2.554977793584451,20
1925,-0.12792277383035552,-1.2040232743295685,-0.1832315464703722,-0.23510237636567338,-0.6844132059781843,0.0,0.7071067811865475,-1.0615629010115046,40
1926,-0.12792277383035552,-0.8518155085983917,-0.1832315464703722,-0.23510237636567338,0.36968628678454296,0.0,0.7071067811865475,-0.6597250460563985,45
1927,-0.12792277383035552,-0.4996077428672151,-0.1832315464703722,-0.23510237636567338,0.15886638823199753,0.7071067811865475,0.0,0.14395066385381394,31
1928,-0.12792277383035552,1.613638851519845,-0.1832315464703722,-0.23510237636567338,0.15886638823199753,0.7071067811865475,0.0,1.7513020836742388,23
1929,-0.12792277383035552,0.20480778859513823,-0.1832315464703722,-0.23510237636567338,-0.6844132059781843,0.0,0.7071067811865475,0.5457885188089201,26
1930,-0.12792277383035552,-0.4996077428672151,-0.1832315464703722,-0.23510237636567338,-0.4735933074256388,0.0,0.7071067811865475,-1.0615629010115046,53
1931,-0.12792277383035552,-1.2040232743295685,-0.1832315464703722,-0.23510237636567338,-0.6844132059781843,0.0,0.7071067811865475,-1.0615629010115046,44
1938,-0.12792277383035552,0.20480778859513823,-0.1832315464703722,-0.23510237636567338,-0.4735933074256388,0.0,0.7071067811865475,-0.6597250460563985,44
1939,-0.12792277383035552,-0.8518155085983917,-0.1832315464703722,-0.23510237636567338,-0.6844132059781843,0.7071067811865475,0.0,0.5457885188089201,21
1941,-0.12792277383035552,-1.2040232743295685,-0.1832315464703722,-0.23510237636567338,-0.6844132059781843,0.0,0.7071067811865475,-0.6597250460563985,28
1942,-0.12792277383035552,-1.2040232743295685,-0.1832315464703722,-0.23510237636567338,-0.2627734088730934,0.0,0.7071067811865475,-0.6597250460563985,28
1943,-0.12792277383035552,-0.4996077428672151,-0.1832315464703722,-0.23510237636567338,-0.6844132059781843,0.7071067811865475,0.0,0.14395066385381394,24
1945,-0.12792277383035552,-0.8518155085983917,-0.1832315464703722,-0.23510237636567338,-0.6844132059781843,0.7071067811865475,0.0,-0.25788719110129227,28
1948,-0.12792277383035552,-1.2040232743295685,-0.1832315464703722,-0.23510237636567338,0.15886638823199753,0.7071067811865475,0.0,-1.0615629010115046,53
1949,-0.12792277383035552,0.20480778859513823,-0.1832315464703722,-0.23510237636567338,-0.4735933074256388,0.7071067811865475,0.0,-0.25788719110129227,47
1951,-0.12792277383035552,-0.4996077428672151,-0.1832315464703722,-0.23510237636567338,-0.4735933074256388,0.7071067811865475,0.0,0.5457885188089201,20
1952,-0.12792277383035552,0.5570155543263149,-0.1832315464703722,-0.23510237636567338,-0.6844132059781843,0.0,0.7071067811865475,0.9476263737640264,21
1953,-0.12792277383035552,-0.8518155085983917,-0.1832315464703722,-0.23510237636567338,-0.4735933074256388,0.7071067811865475,0.0,-0.25788719110129227,30
1954,-0.12792277383035552,-1.2040232743295685,-0.1832315464703722,-0.23510237636567338,-0.4735933074256388,0.0,0.7071067811865475,-1.0615629010115046,37
1955,-0.12792277383035552,-1.2040232743295685,-0.1832315464703722,-0.23510237636567338,-0.4735933074256388,0.7071067811865475,0.0,-1.0615629010115046,60
1956,-0.12792277383035552,-0.8518155085983917,-0.1832315464703722,-0.23510237636567338,-0.4735933074256388,0.0,0.7071067811865475,-0.25788719110129227,26
1957,-0.12792277383035552,-1.2040232743295685,-0.1832315464703722,-0.23510237636567338,-0.6844132059781843,0.0,0.7071067811865475,-0.6597250460563985,30
1961,-0.12792277383035552,1.2614310857886681,-0.1832315464703722,-0.23510237636567338,-0.2627734088730934,0.7071067811865475,0.0,0.14395066385381394,26
1965,-0.12792277383035552,1.613638851519845,-0.1832315464703722,-0.23510237636567338,0.36968628678454296,0.7071067811865475,0.0,0.9476263737640264,26
1966,-0.12792277383035552,0.20480778859513823,-0.1832315464703722,-0.23510237636567338,-0.6844132059781843,0.7071067811865475,0.0,0.5457885188089201,21
1967,-0.12792277383035552,-0.8518155085983917,-0.1832315464703722,-0.23510237636567338,-0.4735933074256388,0.7071067811865475,0.0,-1.0615629010115046,39
1968,-0.12792277383035552,-0.8518155085983917,-0.1832315464703722,-0.23510237636567338,-0.6844132059781843,0.7071067811865475,0.0,-0.6597250460563985,30
1971,-0.12792277383035552,0.20480778859513823,-0.1832315464703722,-0.23510237636567338,-0.2627734088730934,0.7071067811865475,0.0,-0.6597250460563985,44
1972,-0.12792277383035552,-0.8518155085983917,-0.1832315464703722,-0.23510237636567338,-0.6844132059781843,0.0,0.7071067811865475,-0.6597250460563985,45
1974,-0.12792277383035552,-1.2040232743295685,-0.1832315464703722,-0.23510237636567338,-0.4735933074256388,0.7071067811865475,0.0,-0.6597250460563985,30
1975,-0.12792277383035552,-1.2040232743295685,-0.1832315464703722,-0.23510237636567338,-0.2627734088730934,0.7071067811865475,0.0,-1.0615629010115046,38
1976,-0.12792277383035552,0.20480778859513823,-0.1832315464703722,-0.23510237636567338,0.5805061853370884,0.7071067811865475,0.0,0.14395066385381394,23
1982,-0.12792277383035552,-1.2040232743295685,-0.1832315464703722,-0.23510237636567338,-0.6844132059781843,0.0,0.7071067811865475,-1.0615629010115046,46
1983,-0.12792277383035552,-1.2040232743295685,-0.1832315464703722,-0.23510237636567338,-0.6844132059781843,0.7071067811865475,0.0,-1.0615629010115046,42
1987,-0.12792277383035552,-0.8518155085983917,-0.1832315464703722,-0.23510237636567338,0.15886638823199753,0.0,0.7071067811865475,-1.0615629010115046,54
1990,-0.12792277383035552,-1.2040232743295685,-0.1832315464703722,-0.23510237636567338,0.7913260838896339,0.7071067811865475,0.0,-1.0615629010115046,47
1993,-0.12792277383035552,0.9092233200574916,-0.1832315464703722,-0.23510237636567338,-0.6844132059781843,0.7071067811865475,0.0,-0.25788719110129227,26
1994,-0.12792277383035552,1.9658466172510216,-0.1832315464703722,-0.23510237636567338,0.7913260838896339,0.0,0.7071067811865475,1.3494642287191325,29
1995,-0.12792277383035552,-1.2040232743295685,-0.1832315464703722,-0.23510237636567338,0.7913260838896339,0.7071067811865475,0.0,-1.0615629010115046,51
1999,-0.12792277383035552,-1.2040232743295685,-0.1832315464703722,-0.23510237636567338,-0.6844132059781843,0.0,0.7071067811865475,-1.0615629010115046,44
2002,-0.12792277383035552,0.20480778859513823,-0.1832315464703722,-0.23510237636567338,1.845425576652361,0.0,0.7071067811865475,-1.0615629010115046,49
2006,-0.12792277383035552,1.2614310857886681,-0.1832315464703722,-0.23510237636567338,-0.6844132059781843,0.7071067811865475,0.0,2.153139938629345,22
2009,-0.12792277383035552,-0.14739997713603842,-0.1832315464703722,-0.23510237636567338,0.15886638823199753,0.0,0.7071067811865475,-0.6597250460563985,32
2010,-0.12792277383035552,-0.4996077428672151,-0.1832315464703722,-0.23510237636567338,-0.6844132059781843,0.0,0.7071067811865475,-0.25788719110129227,27
2014,-0.12792277383035552,-0.8518155085983917,-0.1832315464703722,-0.23510237636567338,-0.6844132059781843,0.0,0.7071067811865475,-1.0615629010115046,30
2020,-0.12792277383035552,0.9092233200574916,-0.1832315464703722,-0.23510237636567338,1.6346056780998157,0.0,0.7071067811865475,1.3494642287191325,28
2021,-0.12792277383035552,-1.2040232743295685,-0.1832315464703722,-0.23510237636567338,-0.6844132059781843,0.0,0.7071067811865475,-1.0615629010115046,45
2024,-0.12792277383035552,0.20480778859513823,-0.1832315464703722,-0.23510237636567338,0.36968628678454296,0.7071067811865475,0.0,-0.6597250460563985,51
2026,-0.12792277383035552,-0.8518155085983917,-0.1832315464703722,-0.23510237636567338,0.15886638823199753,0.7071067811865475,0.0,-0.6597250460563985,27
2027,-0.12792277383035552,0.9092233200574916,-0.1832315464703722,-0.23510237636567338,-0.6844132059781843,0.7071067811865475,0.0,-0.25788719110129227,32
2029,-0.12792277383035552,-0.4996077428672151,-0.1832315464703722,-0.23510237636567338,-0.2627734088730934,0.7071067811865475,0.0,-1.0615629010115046,43
2034,-0.12792277383035552,-0.8518155085983917,-0.1832315464703722,-0.23510237636567338,-0.2627734088730934,0.7071067811865475,0.0,-1.0615629010115046,37
2035,-0.12792277383035552,-0.14739997713603842,-0.1832315464703722,-0.23510237636567338,-0.6844132059781843,0.7071067811865475,0.0,-0.25788719110129227,26
2037,-0.12792277383035552,-0.8518155085983917,-0.1832315464703722,-0.23510237636567338,-0.6844132059781843,0.0,0.7071067811865475,-0.25788719110129227,26
2038,-0.12792277383035552,-0.4996077428672151,-0.1832315464703722,-0.23510237636567338,0.15886638823199753,0.7071067811865475,0.0,-0.6597250460563985,32
2040,-0.12792277383035552,-0.14739997713603842,-0.1832315464703722,-0.23510237636567338,-0.05195351032054794,0.7071067811865475,0.0,-1.0615629010115046,39
2042,-0.12792277383035552,-1.2040232743295685,-0.1832315464703722,-0.23510237636567338,0.15886638823199753,0.7071067811865475,0.0,-1.0615629010115046,58
2044,-0.12792277383035552,-0.8518155085983917,-0.1832315464703722,-0.23510237636567338,-0.6844132059781843,0.0,0.7071067811865475,-0.25788719110129227,33
2045,-0.12792277383035552,-0.4996077428672151,-0.1832315464703722,1.8894245151847455,-0.4735933074256388,0.0,0.7071067811865475,0.14395066385381394,22
2048,4.186499958852454,1.9658466172510216,-0.1832315464703722,1.8894245151847455,-0.2627734088730934,0.7071067811865475,0.0,2.153139938629345,21
2051,-0.12792277383035552,0.9092233200574916,-0.1832315464703722,-0.23510237636567338,-0.6844132059781843,0.7071067811865475,0.0,0.14395066385381394,31
2052,-0.12792277383035552,-1.2040232743295685,-0.1832315464703722,-0.23510237636567338,-0.2627734088730934,0.7071067811865475,0.0,-1.0615629010115046,43
2053,-0.12792277383035552,0.9092233200574916,-0.1832315464703722,-0.23510237636567338,-0.6844132059781843,0.0,0.7071067811865475,0.9476263737640264,23
2054,-0.12792277383035552,-0.8518155085983917,-0.1832315464703722,-0.23510237636567338,-0.6844132059781843,0.7071067811865475,0.0,0.14395066385381394,25
2055,-0.12792277383035552,1.613638851519845,-0.1832315464703722,-0.23510237636567338,0.5805061853370884,0.7071067811865475,0.0,2.153139938629345,22
2056,-0.12792277383035552,-0.14739997713603842,-0.1832315464703722,-0.23510237636567338,0.5805061853370884,0.7071067811865475,0.0,0.14395066385381394,30
2057,-0.12792277383035552,1.613638851519845,5.842905779365172,1.8894245151847455,2.4778852723099973,0.7071067811865475,0.0,1.3494642287191325,25
2058,-0.12792277383035552,0.9092233200574916,-0.1832315464703722,1.8894245151847455,-0.6844132059781843,0.7071067811865475,0.0,0.9476263737640264,20
2059,-0.12792277383035552,-1.2040232743295685,-0.1832315464703722,-0.23510237636567338,-0.6844132059781843,0.7071067811865475,0.0,-1.0615629010115046,39
2061,-0.12792277383035552,-0.8518155085983917,-0.1832315464703722,-0.23510237636567338,-0.4735933074256388,0.7071067811865475,0.0,-0.6597250460563985,33
2062,-0.12792277383035552,-0.14739997713603842,-0.1832315464703722,-0.23510237636567338,-0.4735933074256388,0.7071067811865475,0.0,-1.0615629010115046,59
2063,-0.12792277383035552,1.613638851519845,-0.1832315464703722,4.013951406735165,-0.4735933074256388,0.7071067811865475,0.0,1.7513020836742388,21
2064,-0.12792277383035552,0.5570155543263149,-0.1832315464703722,-0.23510237636567338,1.0021459824421792,0.7071067811865475,0.0,-1.0615629010115046,53
2065,-0.12792277383035552,-0.8518155085983917,-0.1832315464703722,-0.23510237636567338,-0.2627734088730934,0.0,0.7071067811865475,-0.6597250460563985,34
2066,-0.12792277383035552,-0.14739997713603842,-0.1832315464703722,-0.23510237636567338,0.5805061853370884,0.7071067811865475,0.0,-0.6597250460563985,36
2069,-0.12792277383035552,-0.4996077428672151,-0.1832315464703722,-0.23510237636567338,-0.6844132059781843,0.7071067811865475,0.0,0.5457885188089201,23
2070,-0.12792277383035552,1.2614310857886681,-0.1832315464703722,-0.23510237636567338,-0.2627734088730934,0.0,0.7071067811865475,0.5457885188089201,32
2071,-0.12792277383035552,1.613638851519845,-0.1832315464703722,-0.23510237636567338,1.6346056780998157,0.0,0.7071067811865475,0.5457885188089201,32
2074,-0.12792277383035552,-1.2040232743295685,-0.1832315464703722,-0.23510237636567338,-0.6844132059781843,0.0,0.7071067811865475,-1.0615629010115046,66
2075,-0.12792277383035552,0.5570155543263149,-0.1832315464703722,-0.23510237636567338,-0.6844132059781843,0.0,0.7071067811865475,0.14395066385381394,24
2076,-0.12792277383035552,1.9658466172510216,-0.1832315464703722,-0.23510237636567338,0.7913260838896339,0.7071067811865475,0.0,1.3494642287191325,30
2077,-0.12792277383035552,0.9092233200574916,-0.1832315464703722,-0.23510237636567338,-0.4735933074256388,0.0,0.7071067811865475,-0.25788719110129227,28
2078,-0.12792277383035552,0.20480778859513823,-0.1832315464703722,-0.23510237636567338,0.15886638823199753,0.7071067811865475,0.0,-0.6597250460563985,43
2079,-0.12792277383035552,-0.8518155085983917,-0.1832315464703722,-0.23510237636567338,-0.05195351032054794,0.0,0.7071067811865475,-0.6597250460563985,35
2083,6.343711325193859,1.2614310857886681,-0.1832315464703722,-0.23510237636567338,-0.2627734088730934,0.7071067811865475,0.0,2.153139938629345,19
2087,-0.12792277383035552,0.5570155543263149,-0.1832315464703722,-0.23510237636567338,-0.4735933074256388,0.0,0.7071067811865475,1.3494642287191325,22
2089,-0.12792277383035552,-1.2040232743295685,-0.1832315464703722,-0.23510237636567338,-0.6844132059781843,0.7071067811865475,0.0,-0.6597250460563985,29
2090,-0.12792277383035552,-0.14739997713603842,-0.1832315464703722,-0.23510237636567338,-0.6844132059781843,0.0,0.7071067811865475,0.5457885188089201,23
2093,-0.12792277383035552,-0.8518155085983917,-0.1832315464703722,-0.23510237636567338,-0.6844132059781843,0.0,0.7071067811865475,-1.0615629010115046,33
2094,-0.12792277383035552,-0.14739997713603842,-0.1832315464703722,-0.23510237636567338,-0.4735933074256388,0.0,0.7071067811865475,-0.6597250460563985,35
2095,-0.12792277383035552,-1.2040232743295685,-0.1832315464703722,-0.23510237636567338,-0.6844132059781843,0.7071067811865475,0.0,-1.0615629010115046,53
2096,-0.12792277383035552,0.5570155543263149,-0.1832315464703722,-0.23510237636567338,2.8995250694150885,0.7071067811865475,0.0,-1.0615629010115046,59
2098,-0.12792277383035552,-1.2040232743295685,-0.1832315464703722,-0.23510237636567338,-0.6844132059781843,0.0,0.7071067811865475,-1.0615629010115046,48
2099,-0.12792277383035552,-0.8518155085983917,-0.1832315464703722,-0.23510237636567338,-0.4735933074256388,0.7071067811865475,0.0,-1.0615629010115046,33
2100,-0.12792277383035552,-1.2040232743295685,-0.1832315464703722,-0.23510237636567338,-0.6844132059781843,0.0,0.7071067811865475,-1.0615629010115046,44
2101,-0.12792277383035552,-0.8518155085983917,-0.1832315464703722,-0.23510237636567338,1.4237857795472701,0.7071067811865475,0.0,-0.6597250460563985,31
2103,-0.12792277383035552,-0.14739997713603842,-0.1832315464703722,1.8894245151847455,-0.2627734088730934,0.7071067811865475,0.0,0.5457885188089201,28
2105,-0.12792277383035552,-1.2040232743295685,-0.1832315464703722,-0.23510237636567338,-0.4735933074256388,0.7071067811865475,0.0,-1.0615629010115046,51
2107,-0.12792277383035552,0.9092233200574916,-0.1832315464703722,-0.23510237636567338,-0.6844132059781843,0.7071067811865475,0.0,0.5457885188089201,23
2108,-0.12792277383035552,0.9092233200574916,-0.1832315464703722,-0.23510237636567338,-0.6844132059781843,0.7071067811865475,0.0,0.9476263737640264,21
2109,-0.12792277383035552,0.20480778859513823,-0.1832315464703722,-0.23510237636567338,-0.6844132059781843,0.7071067811865475,0.0,0.14395066385381394,26
2110,-0.12792277383035552,1.613638851519845,5.842905779365172,-0.23510237636567338,-0.05195351032054794,0.7071067811865475,0.0,2.554977793584451,22
2111,-0.12792277383035552,-0.8518155085983917,-0.1832315464703722,-0.23510237636567338,-0.6844132059781843,0.0,0.7071067811865475,-0.25788719110129227,29
2113,-0.12792277383035552,1.613638851519845,1.8254808954748094,1.8894245151847455,-0.2627734088730934,0.7071067811865475,0.0,1.3494642287191325,20
2115,-0.12792277383035552,-1.2040232743295685,-0.1832315464703722,-0.23510237636567338,-0.6844132059781843,0.0,0.7071067811865475,-1.0615629010115046,44
2116,-0.12792277383035552,0.20480778859513823,-0.1832315464703722,-0.23510237636567338,-0.2627734088730934,0.7071067811865475,0.0,-0.25788719110129227,41
2121,-0.12792277383035552,-0.14739997713603842,-0.1832315464703722,1.8894245151847455,0.15886638823199753,0.7071067811865475,0.0,-0.25788719110129227,28
2123,-0.12792277383035552,0.5570155543263149,-0.1832315464703722,-0.23510237636567338,-0.4735933074256388,0.0,0.7071067811865475,0.5457885188089201,27
2125,-0.12792277383035552,-0.4996077428672151,-0.1832315464703722,-0.23510237636567338,0.7913260838896339,0.0,0.7071067811865475,-0.6597250460563985,31
2128,-0.12792277383035552,-0.4996077428672151,-0.1832315464703722,-0.23510237636567338,-0.05195351032054794,0.7071067811865475,0.0,-0.25788719110129227,26
2129,-0.12792277383035552,-0.14739997713603842,-0.1832315464703722,4.013951406735165,-0.6844132059781843,0.7071067811865475,0.0,1.3494642287191325,20
2130,-0.12792277383035552,-1.2040232743295685,-0.1832315464703722,-0.23510237636567338,-0.2627734088730934,0.0,0.7071067811865475,-1.0615629010115046,55
2131,-0.12792277383035552,1.2614310857886681,-0.1832315464703722,-0.23510237636567338,-0.6844132059781843,0.7071067811865475,0.0,-0.6597250460563985,36
2132,-0.12792277383035552,-1.2040232743295685,-0.1832315464703722,-0.23510237636567338,0.15886638823199753,0.7071067811865475,0.0,-1.0615629010115046,48
2133,-0.12792277383035552,-0.14739997713603842,-0.1832315464703722,-0.23510237636567338,0.36968628678454296,0.7071067811865475,0.0,0.5457885188089201,22
2134,2.0292885925110493,1.613638851519845,-0.1832315464703722,-0.23510237636567338,-0.4735933074256388,0.0,0.7071067811865475,2.153139938629345,23
2138,-0.12792277383035552,1.9658466172510216,3.834193337419991,1.8894245151847455,3.321164866520179,0.7071067811865475,0.0,0.9476263737640264,34
2140,-0.12792277383035552,-1.2040232743295685,-0.1832315464703722,-0.23510237636567338,-0.4735933074256388,0.7071067811865475,0.0,-1.0615629010115046,59
2141,-0.12792277383035552,-0.8518155085983917,-0.1832315464703722,-0.23510237636567338,-0.6844132059781843,0.7071067811865475,0.0,-1.0615629010115046,37
2143,-0.12792277383035552,-0.14739997713603842,-0.1832315464703722,-0.23510237636567338,-0.6844132059781843,0.7071067811865475,0.0,-0.25788719110129227,28
2147,-0.12792277383035552,-0.8518155085983917,-0.1832315464703722,-0.23510237636567338,-0.6844132059781843,0.7071067811865475,0.0,0.14395066385381394,31
2148,-0.12792277383035552,1.9658466172510216,-0.1832315464703722,-0.23510237636567338,2.2670653737574518,0.7071067811865475,0.0,-0.25788719110129227,38
2149,-0.12792277383035552,-1.2040232743295685,-0.1832315464703722,-0.23510237636567338,-0.6844132059781843,0.7071067811865475,0.0,-0.6597250460563985,33
2150,-0.12792277383035552,1.2614310857886681,-0.1832315464703722,-0.23510237636567338,-0.05195351032054794,0.7071067811865475,0.0,0.9476263737640264,27
2151,-0.12792277383035552,-0.14739997713603842,-0.1832315464703722,-0.23510237636567338,-0.2627734088730934,0.0,0.7071067811865475,-0.25788719110129227,25
2152,-0.12792277383035552,-0.8518155085983917,-0.1832315464703722,-0.23510237636567338,-0.2627734088730934,0.7071067811865475,0.0,-1.0615629010115046,42
2153,-0.12792277383035552,1.2614310857886681,-0.1832315464703722,-0.23510237636567338,-0.05195351032054794,0.7071067811865475,0.0,0.5457885188089201,22
2154,-0.12792277383035552,0.5570155543263149,-0.1832315464703722,-0.23510237636567338,-0.6844132059781843,0.7071067811865475,0.0,1.7513020836742388,21
2156,-0.12792277383035552,0.20480778859513823,-0.1832315464703722,-0.23510237636567338,-0.4735933074256388,0.7071067811865475,0.0,-0.25788719110129227,45
2157,-0.12792277383035552,-0.4996077428672151,-0.1832315464703722,-0.23510237636567338,-0.4735933074256388,0.0,0.7071067811865475,0.14395066385381394,21
2159,-0.12792277383035552,-1.2040232743295685,-0.1832315464703722,-0.23510237636567338,-0.2627734088730934,0.0,0.7071067811865475,-1.0615629010115046,52
2161,-0.12792277383035552,-0.4996077428672151,-0.1832315464703722,-0.23510237636567338,-0.6844132059781843,0.0,0.7071067811865475,-0.25788719110129227,29
2162,-0.12792277383035552,-0.14739997713603842,-0.1832315464703722,-0.23510237636567338,-0.6844132059781843,0.0,0.7071067811865475,-0.25788719110129227,37
2163,-0.12792277383035552,-0.8518155085983917,-0.1832315464703722,1.8894245151847455,-0.6844132059781843,0.7071067811865475,0.0,-1.0615629010115046,34
2165,-0.12792277383035552,-1.2040232743295685,-0.1832315464703722,-0.23510237636567338,-0.6844132059781843,0.0,0.7071067811865475,-1.0615629010115046,53
2166,-0.12792277383035552,1.2614310857886681,-0.1832315464703722,-0.23510237636567338,1.0021459824421792,0.7071067811865475,0.0,-0.25788719110129227,30
2168,-0.12792277383035552,-0.4996077428672151,-0.1832315464703722,-0.23510237636567338,-0.6844132059781843,0.0,0.7071067811865475,-0.6597250460563985,35
2169,-0.12792277383035552,-0.14739997713603842,-0.1832315464703722,-0.23510237636567338,-0.4735933074256388,0.7071067811865475,0.0,-0.6597250460563985,28
2170,-0.12792277383035552,1.2614310857886681,-0.1832315464703722,-0.23510237636567338,-0.4735933074256388,0.7071067811865475,0.0,2.153139938629345,21
2171,-0.12792277383035552,0.9092233200574916,-0.1832315464703722,-0.23510237636567338,-0.4735933074256388,0.7071067811865475,0.0,0.9476263737640264,22
2176,-0.12792277383035552,-0.4996077428672151,-0.1832315464703722,-0.23510237636567338,-0.4735933074256388,0.0,0.7071067811865475,-0.6597250460563985,42
2178,-0.12792277383035552,-0.14739997713603842,-0.1832315464703722,-0.23510237636567338,-0.05195351032054794,0.7071067811865475,0.0,-0.6597250460563985,26
2179,-0.12792277383035552,-1.2040232743295685,-0.1832315464703722,-0.23510237636567338,1.2129658809947248,0.0,0.7071067811865475,-1.0615629010115046,54
2180,-0.12792277383035552,-0.8518155085983917,-0.1832315464703722,-0.23510237636567338,-0.4735933074256388,0.7071067811865475,0.0,-1.0615629010115046,39
2181,4.186499958852454,1.613638851519845,-0.1832315464703722,-0.23510237636567338,3.5319847650727247,0.7071067811865475,0.0,0.5457885188089201,30
2182,-0.12792277383035552,0.5570155543263149,-0.1832315464703722,-0.23510237636567338,-0.4735933074256388,0.7071067811865475,0.0,0.14395066385381394,26
2183,-0.12792277383035552,-1.2040232743295685,-0.1832315464703722,-0.23510237636567338,-0.6844132059781843,0.0,0.7071067811865475,-1.0615629010115046,41
2184,2.0292885925110493,0.20480778859513823,-0.1832315464703722,1.8894245151847455,0.36968628678454296,0.0,0.7071067811865475,0.14395066385381394,23
2186,-0.12792277383035552,-0.8518155085983917,-0.1832315464703722,-0.23510237636567338,-0.4735933074256388,0.7071067811865475,0.0,-1.0615629010115046,43
2188,-0.12792277383035552,-0.4996077428672151,-0.1832315464703722,-0.23510237636567338,-0.6844132059781843,0.0,0.7071067811865475,0.5457885188089201,22
2193,-0.12792277383035552,-0.4996077428672151,-0.1832315464703722,-0.23510237636567338,0.5805061853370884,0.7071067811865475,0.0,-0.25788719110129227,27
2194,-0.12792277383035552,-0.4996077428672151,-0.1832315464703722,-0.23510237636567338,-0.2627734088730934,0.0,0.7071067811865475,-1.0615629010115046,42
2195,-0.12792277383035552,0.5570155543263149,-0.1832315464703722,-0.23510237636567338,1.0021459824421792,0.7071067811865475,0.0,0.5457885188089201,25
2196,-0.12792277383035552,-0.8518155085983917,-0.1832315464703722,-0.23510237636567338,0.15886638823199753,0.0,0.7071067811865475,-1.0615629010115046,49
2198,-0.12792277383035552,-1.2040232743295685,-0.1832315464703722,-0.23510237636567338,-0.4735933074256388,0.7071067811865475,0.0,-1.0615629010115046,52
2201,-0.12792277383035552,-1.2040232743295685,-0.1832315464703722,-0.23510237636567338,-0.2627734088730934,0.7071067811865475,0.0,-1.0615629010115046,60
2205,-0.12792277383035552,0.5570155543263149,-0.1832315464703722,-0.23510237636567338,-0.6844132059781843,0.0,0.7071067811865475,0.9476263737640264,23
2206,-0.12792277383035552,0.9092233200574916,-0.1832315464703722,-0.23510237636567338,-0.2627734088730934,0.0,0.7071067811865475,0.9476263737640264,30
2207,-0.12792277383035552,0.5570155543263149,-0.1832315464703722,-0.23510237636567338,1.2129658809947248,0.7071067811865475,0.0,0.5457885188089201,48
2208,-0.12792277383035552,0.9092233200574916,-0.1832315464703722,-0.23510237636567338,-0.2627734088730934,0.7071067811865475,0.0,0.5457885188089201,32
2209,-0.12792277383035552,-0.4996077428672151,-0.1832315464703722,1.8894245151847455,-0.05195351032054794,0.7071067811865475,0.0,-0.25788719110129227,28
2211,-0.12792277383035552,0.9092233200574916,-0.1832315464703722,-0.23510237636567338,0.36968628678454296,0.7071067811865475,0.0,0.14395066385381394,24
2215,-0.12792277383035552,0.20480778859513823,-0.1832315464703722,-0.23510237636567338,-0.05195351032054794,0.7071067811865475,0.0,1.7513020836742388,22
2216,-0.12792277383035552,-0.8518155085983917,-0.1832315464703722,-0.23510237636567338,-0.2627734088730934,0.7071067811865475,0.0,-1.0615629010115046,44
2217,-0.12792277383035552,-0.14739997713603842,-0.1832315464703722,-0.23510237636567338,-0.05195351032054794,0.7071067811865475,0.0,0.14395066385381394,32
2218,-0.12792277383035552,-0.8518155085983917,-0.1832315464703722,-0.23510237636567338,-0.4735933074256388,0.0,0.7071067811865475,-0.6597250460563985,27
2220,-0.12792277383035552,-0.14739997713603842,-0.1832315464703722,-0.23510237636567338,2.4778852723099973,0.0,0.7071067811865475,-0.25788719110129227,52
2221,-0.12792277383035552,-0.8518155085983917,-0.1832315464703722,-0.23510237636567338,-0.05195351032054794,0.0,0.7071067811865475,-1.0615629010115046,61
2222,-0.12792277383035552,-1.2040232743295685,-0.1832315464703722,-0.23510237636567338,-0.05195351032054794,0.0,0.7071067811865475,-0.6597250460563985,69
2223,-0.12792277383035552,-1.2040232743295685,-0.1832315464703722,-0.23510237636567338,-0.2627734088730934,0.7071067811865475,0.0,-1.0615629010115046,51
2224,-0.12792277383035552,0.5570155543263149,-0.1832315464703722,-0.23510237636567338,-0.4735933074256388,0.7071067811865475,0.0,0.9476263737640264,21
2226,2.0292885925110493,0.5570155543263149,-0.1832315464703722,-0.23510237636567338,-0.2627734088730934,0.0,0.7071067811865475,0.9476263737640264,31
2228,-0.12792277383035552,-0.14739997713603842,3.834193337419991,-0.23510237636567338,-0.05195351032054794,0.7071067811865475,0.0,1.3494642287191325,19
2231,-0.12792277383035552,1.613638851519845,9.860330663255535,-0.23510237636567338,1.845425576652361,0.0,0.7071067811865475,2.153139938629345,24
2233,-0.12792277383035552,1.2614310857886681,-0.1832315464703722,-0.23510237636567338,-0.05195351032054794,0.7071067811865475,0.0,0.9476263737640264,24
2234,-0.12792277383035552,-1.2040232743295685,-0.1832315464703722,-0.23510237636567338,-0.05195351032054794,0.7071067811865475,0.0,-1.0615629010115046,57
2235,-0.12792277383035552,0.9092233200574916,-0.1832315464703722,-0.23510237636567338,0.5805061853370884,0.7071067811865475,0.0,1.7513020836742388,30
2236,-0.12792277383035552,-1.2040232743295685,-0.1832315464703722,-0.23510237636567338,0.15886638823199753,0.7071067811865475,0.0,-1.0615629010115046,43
2237,-0.12792277383035552,0.9092233200574916,-0.1832315464703722,1.8894245151847455,0.15886638823199753,0.7071067811865475,0.0,0.14395066385381394,24
2239,-0.12792277383035552,0.9092233200574916,-0.1832315464703722,-0.23510237636567338,0.7913260838896339,0.0,0.7071067811865475,-0.25788719110129227,30
2240,-0.12792277383035552,1.613638851519845,-0.1832315464703722,-0.23510237636567338,0.36968628678454296,0.7071067811865475,0.0,1.3494642287191325,25
2245,-0.12792277383035552,1.2614310857886681,-0.1832315464703722,-0.23510237636567338,-0.4735933074256388,0.7071067811865475,0.0,-0.25788719110129227,56
2246,-0.12792277383035552,1.2614310857886681,-0.1832315464703722,-0.23510237636567338,-0.4735933074256388,0.7071067811865475,0.0,1.7513020836742388,21
2247,6.343711325193859,1.9658466172510216,-0.1832315464703722,-0.23510237636567338,0.5805061853370884,0.7071067811865475,0.0,0.9476263737640264,31
2248,-0.12792277383035552,1.613638851519845,-0.1832315464703722,-0.23510237636567338,-0.4735933074256388,0.7071067811865475,0.0,1.7513020836742388,23
2250,2.0292885925110493,1.9658466172510216,-0.1832315464703722,4.013951406735165,2.4778852723099973,0.7071067811865475,0.0,1.7513020836742388,30
2252,-0.12792277383035552,-1.2040232743295685,-0.1832315464703722,-0.23510237636567338,-0.4735933074256388,0.0,0.7071067811865475,-1.0615629010115046,42
2256,-0.12792277383035552,-0.4996077428672151,-0.1832315464703722,-0.23510237636567338,-0.6844132059781843,0.7071067811865475,0.0,-0.6597250460563985,64
2258,-0.12792277383035552,0.5570155543263149,-0.1832315464703722,-0.23510237636567338,-0.6844132059781843,0.7071067811865475,0.0,0.9476263737640264,21
2259,-0.12792277383035552,-0.4996077428672151,-0.1832315464703722,-0.23510237636567338,0.36968628678454296,0.7071067811865475,0.0,-0.6597250460563985,36
2261,-0.12792277383035552,-1.2040232743295685,-0.1832315464703722,-0.23510237636567338,-0.4735933074256388,0.7071067811865475,0.0,-1.0615629010115046,50
2262,-0.12792277383035552,-0.4996077428672151,-0.1832315464703722,-0.23510237636567338,-0.6844132059781843,0.0,0.7071067811865475,0.14395066385381394,23
2263,-0.12792277383035552,-0.4996077428672151,-0.1832315464703722,-0.23510237636567338,-0.2627734088730934,0.7071067811865475,0.0,0.14395066385381394,28
2268,-0.12792277383035552,0.9092233200574916,-0.1832315464703722,-0.23510237636567338,0.36968628678454296,0.7071067811865475,0.0,0.14395066385381394,25
2274,-0.12792277383035552,-0.14739997713603842,-0.1832315464703722,-0.23510237636567338,2.2670653737574518,0.0,0.7071067811865475,-0.25788719110129227,54
2276,-0.12792277383035552,-1.2040232743295685,-0.1832315464703722,-0.23510237636567338,0.5805061853370884,0.0,0.7071067811865475,-0.6597250460563985,37
2277,-0.12792277383035552,1.613638851519845,-0.1832315464703722,1.8894245151847455,0.36968628678454296,0.0,0.7071067811865475,1.7513020836742388,25
2278,-0.12792277383035552,-1.2040232743295685,-0.1832315464703722,-0.23510237636567338,-0.6844132059781843,0.0,0.7071067811865475,-1.0615629010115046,63
2279,-0.12792277383035552,0.9092233200574916,-0.1832315464703722,-0.23510237636567338,-0.2627734088730934,0.0,0.7071067811865475,0.14395066385381394,35
2281,-0.12792277383035552,-1.2040232743295685,-0.1832315464703722,-0.23510237636567338,-0.6844132059781843,0.0,0.7071067811865475,-0.25788719110129227,26
2283,-0.12792277383035552,1.9658466172510216,-0.1832315464703722,-0.23510237636567338,1.0021459824421792,0.0,0.7071067811865475,2.554977793584451,25
2284,-0.12792277383035552,-1.2040232743295685,-0.1832315464703722,-0.23510237636567338,-0.6844132059781843,0.0,0.7071067811865475,-1.0615629010115046,33
2285,-0.12792277383035552,-0.4996077428672151,-0.1832315464703722,-0.23510237636567338,0.7913260838896339,0.7071067811865475,0.0,0.14395066385381394,29
2286,-0.12792277383035552,-0.14739997713603842,-0.1832315464703722,-0.23510237636567338,-0.2627734088730934,0.0,0.7071067811865475,-0.25788719110129227,27
2287,2.0292885925110493,1.613638851519845,-0.1832315464703722,1.8894245151847455,1.845425576652361,0.0,0.7071067811865475,2.554977793584451,37
2289,-0.12792277383035552,1.9658466172510216,3.834193337419991,1.8894245151847455,-0.05195351032054794,0.0,0.7071067811865475,1.7513020836742388,20
2290,-0.12792277383035552,-0.8518155085983917,-0.1832315464703722,-0.23510237636567338,-0.4735933074256388,0.7071067811865475,0.0,-0.6597250460563985,32
2291,-0.12792277383035552,-1.2040232743295685,-0.1832315464703722,-0.23510237636567338,-0.4735933074256388,0.0,0.7071067811865475,-1.0615629010115046,72
2292,-0.12792277383035552,-1.2040232743295685,-0.1832315464703722,-0.23510237636567338,-0.6844132059781843,0.7071067811865475,0.0,-1.0615629010115046,38
2293,-0.12792277383035552,-0.8518155085983917,-0.1832315464703722,-0.23510237636567338,-0.6844132059781843,0.7071067811865475,0.0,-1.0615629010115046,40
2294,-0.12792277383035552,-0.4996077428672151,-0.1832315464703722,-0.23510237636567338,-0.6844132059781843,0.7071067811865475,0.0,0.14395066385381394,23
2297,-0.12792277383035552,1.2614310857886681,-0.1832315464703722,-0.23510237636567338,0.36968628678454296,0.7071067811865475,0.0,1.7513020836742388,21
2299,-0.12792277383035552,0.9092233200574916,-0.1832315464703722,-0.23510237636567338,0.15886638823199753,0.7071067811865475,0.0,0.14395066385381394,27
2300,-0.12792277383035552,0.5570155543263149,-0.1832315464703722,-0.23510237636567338,2.0562454752049066,0.7071067811865475,0.0,1.3494642287191325,55
2303,-0.12792277383035552,-1.2040232743295685,-0.1832315464703722,-0.23510237636567338,-0.6844132059781843,0.0,0.7071067811865475,-1.0615629010115046,41
2306,-0.12792277383035552,-1.2040232743295685,-0.1832315464703722,-0.23510237636567338,-0.4735933074256388,0.0,0.7071067811865475,-1.0615629010115046,56
2307,-0.12792277383035552,0.9092233200574916,-0.1832315464703722,-0.23510237636567338,1.6346056780998157,0.0,0.7071067811865475,-0.25788719110129227,55
2309,-0.12792277383035552,0.5570155543263149,-0.1832315464703722,-0.23510237636567338,-0.6844132059781843,0.7071067811865475,0.0,0.5457885188089201,23
2310,-0.12792277383035552,-0.8518155085983917,-0.1832315464703722,-0.23510237636567338,-0.05195351032054794,0.7071067811865475,0.0,-0.6597250460563985,28
2311,-0.12792277383035552,-0.8518155085983917,-0.1832315464703722,-0.23510237636567338,-0.2627734088730934,0.7071067811865475,0.0,0.14395066385381394,31
2316,-0.12792277383035552,-1.2040232743295685,-0.1832315464703722,-0.23510237636567338,-0.6844132059781843,0.0,0.7071067811865475,-1.0615629010115046,53
2317,-0.12792277383035552,0.20480778859513823,-0.1832315464703722,-0.23510237636567338,0.5805061853370884,0.7071067811865475,0.0,0.14395066385381394,27
2318,-0.12792277383035552,0.20480778859513823,-0.1832315464703722,-0.23510237636567338,-0.6844132059781843,0.7071067811865475,0.0,0.9476263737640264,22
2320,-0.12792277383035552,-0.14739997713603842,-0.1832315464703722,1.8894245151847455,-0.6844132059781843,0.7071067811865475,0.0,0.14395066385381394,22
2321,-0.12792277383035552,0.5570155543263149,-0.1832315464703722,-0.23510237636567338,0.7913260838896339,0.0,0.7071067811865475,1.3494642287191325,33
2322,-0.12792277383035552,0.9092233200574916,-0.1832315464703722,-0.23510237636567338,2.4778852723099973,0.7071067811865475,0.0,1.3494642287191325,34
2324,-0.12792277383035552,-0.4996077428672151,-0.1832315464703722,-0.23510237636567338,-0.6844132059781843,0.0,0.7071067811865475,0.5457885188089201,22
2326,-0.12792277383035552,1.2614310857886681,-0.1832315464703722,-0.23510237636567338,1.845425576652361,0.7071067811865475,0.0,0.9476263737640264,32
2327,8.500922691535264,1.613638851519845,-0.1832315464703722,1.8894245151847455,2.2670653737574518,0.7071067811865475,0.0,0.14395066385381394,47
2328,-0.12792277383035552,-0.8518155085983917,-0.1832315464703722,-0.23510237636567338,-0.6844132059781843,0.0,0.7071067811865475,-0.25788719110129227,24
2329,-0.12792277383035552,1.9658466172510216,7.851618221310354,8.263005189836003,2.2670653737574518,0.7071067811865475,0.0,1.3494642287191325,25
2332,-0.12792277383035552,-1.2040232743295685,-0.1832315464703722,-0.23510237636567338,-0.6844132059781843,0.7071067811865475,0.0,-1.0615629010115046,56
2334,-0.12792277383035552,-0.14739997713603842,-0.1832315464703722,-0.23510237636567338,-0.4735933074256388,0.7071067811865475,0.0,0.14395066385381394,36
2335,-0.12792277383035552,0.5570155543263149,-0.1832315464703722,-0.23510237636567338,0.15886638823199753,0.7071067811865475,0.0,0.5457885188089201,28
2336,4.186499958852454,1.613638851519845,-0.1832315464703722,-0.23510237636567338,-0.2627734088730934,0.7071067811865475,0.0,1.3494642287191325,20
2338,-0.12792277383035552,-1.2040232743295685,-0.1832315464703722,-0.23510237636567338,-0.6844132059781843,0.0,0.7071067811865475,-1.0615629010115046,59
2342,-0.12792277383035552,1.2614310857886681,-0.1832315464703722,-0.23510237636567338,1.6346056780998157,0.7071067811865475,0.0,0.5457885188089201,29
2343,-0.12792277383035552,-1.2040232743295685,-0.1832315464703722,-0.23510237636567338,-0.05195351032054794,0.7071067811865475,0.0,-1.0615629010115046,72
2344,-0.12792277383035552,0.9092233200574916,-0.1832315464703722,-0.23510237636567338,-0.2627734088730934,0.0,0.7071067811865475,1.7513020836742388,24
2349,-0.12792277383035552,1.613638851519845,-0.1832315464703722,-0.23510237636567338,-0.05195351032054794,0.7071067811865475,0.0,-1.0615629010115046,45
2350,-0.12792277383035552,1.9658466172510216,-0.1832315464703722,-0.23510237636567338,0.7913260838896339,0.0,0.7071067811865475,2.554977793584451,30
2352,-0.12792277383035552,-1.2040232743295685,-0.1832315464703722,-0.23510237636567338,-0.6844132059781843,0.0,0.7071067811865475,-1.0615629010115046,45
2353,-0.12792277383035552,-1.2040232743295685,-0.1832315464703722,-0.23510237636567338,-0.6844132059781843,0.0,0.7071067811865475,-1.0615629010115046,47
2354,-0.12792277383035552,-0.4996077428672151,-0.1832315464703722,-0.23510237636567338,-0.6844132059781843,0.7071067811865475,0.0,0.14395066385381394,24
2355,-0.12792277383035552,-0.4996077428672151,-0.1832315464703722,-0.23510237636567338,-0.6844132059781843,0.0,0.7071067811865475,0.9476263737640264,20
2356,-0.12792277383035552,-1.2040232743295685,-0.1832315464703722,-0.23510237636567338,0.5805061853370884,0.7071067811865475,0.0,-1.0615629010115046,51
2361,-0.12792277383035552,-0.8518155085983917,-0.1832315464703722,-0.23510237636567338,-0.2627734088730934,0.0,0.7071067811865475,-1.0615629010115046,49
2363,-0.12792277383035552,-1.2040232743295685,-0.1832315464703722,-0.23510237636567338,0.36968628678454296,0.7071067811865475,0.0,-1.0615629010115046,41
2365,-0.12792277383035552,-0.4996077428672151,-0.1832315464703722,-0.23510237636567338,-0.4735933074256388,0.7071067811865475,0.0,-1.0615629010115046,49
2366,-0.12792277383035552,-1.2040232743295685,-0.1832315464703722,-0.23510237636567338,-0.6844132059781843,0.0,0.7071067811865475,-0.6597250460563985,26
2370,-0.12792277383035552,-0.4996077428672151,-0.1832315464703722,-0.23510237636567338,-0.6844132059781843,0.0,0.7071067811865475,-0.25788719110129227,28
2371,-0.12792277383035552,-0.8518155085983917,-0.1832315464703722,-0.23510237636567338,-0.2627734088730934,0.0,0.7071067811865475,-0.6597250460563985,33
2372,-0.12792277383035552,0.9092233200574916,-0.1832315464703722,-0.23510237636567338,-0.6844132059781843,0.7071067811865475,0.0,0.14395066385381394,46
2374,-0.12792277383035552,-0.14739997713603842,-0.1832315464703722,-0.23510237636567338,-0.6844132059781843,0.0,0.7071067811865475,0.9476263737640264,21
2376,-0.12792277383035552,1.613638851519845,1.8254808954748094,6.138478298285584,2.2670653737574518,0.7071067811865475,0.0,1.7513020836742388,26
2381,-0.12792277383035552,-1.2040232743295685,-0.1832315464703722,-0.23510237636567338,-0.4735933074256388,0.7071067811865475,0.0,-1.0615629010115046,48
2382,-0.12792277383035552,0.5570155543263149,-0.1832315464703722,-0.23510237636567338,4.375264359282906,0.7071067811865475,0.0,-1.0615629010115046,58
2383,-0.12792277383035552,-1.2040232743295685,-0.1832315464703722,-0.23510237636567338,-0.6844132059781843,0.7071067811865475,0.0,-0.6597250460563985,29
2385,-0.12792277383035552,1.9658466172510216,-0.1832315464703722,6.138478298285584,-0.2627734088730934,0.7071067811865475,0.0,2.153139938629345,20
2386,-0.12792277383035552,-0.14739997713603842,-0.1832315464703722,-0.23510237636567338,-0.6844132059781843,0.0,0.7071067811865475,-0.25788719110129227,28
2387,-0.12792277383035552,1.2614310857886681,-0.1832315464703722,-0.23510237636567338,-0.6844132059781843,0.7071067811865475,0.0,2.554977793584451,21
2388,-0.12792277383035552,0.9092233200574916,-0.1832315464703722,-0.23510237636567338,-0.6844132059781843,0.7071067811865475,0.0,0.5457885188089201,26
2389,-0.12792277383035552,-1.2040232743295685,-0.1832315464703722,-0.23510237636567338,-0.05195351032054794,0.0,0.7071067811865475,-1.0615629010115046,34
2390,4.186499958852454,1.2614310857886681,-0.1832315464703722,-0.23510237636567338,2.4778852723099973,0.7071067811865475,0.0,0.5457885188089201,32
2392,-0.12792277383035552,-0.14739997713603842,-0.1832315464703722,1.8894245151847455,1.4237857795472701,0.7071067811865475,0.0,-0.25788719110129227,38
2393,-0.12792277383035552,-0.4996077428672151,-0.1832315464703722,-0.23510237636567338,-0.6844132059781843,0.7071067811865475,0.0,0.5457885188089201,22
2394,-0.12792277383035552,0.20480778859513823,-0.1832315464703722,-0.23510237636567338,-0.2627734088730934,0.7071067811865475,0.0,-0.25788719110129227,42
2396,-0.12792277383035552,-0.14739997713603842,-0.1832315464703722,-0.23510237636567338,-0.6844132059781843,0.0,0.7071067811865475,-1.0615629010115046,57
2398,-0.12792277383035552,-1.2040232743295685,-0.1832315464703722,-0.23510237636567338,-0.4735933074256388,0.7071067811865475,0.0,-1.0615629010115046,56
2399,-0.12792277383035552,0.20480778859513823,-0.1832315464703722,-0.23510237636567338,-0.2627734088730934,0.0,0.7071067811865475,-0.6597250460563985,32
2400,-0.12792277383035552,1.2614310857886681,3.834193337419991,4.013951406735165,1.6346056780998157,0.7071067811865475,0.0,-0.25788719110129227,30
2401,-0.12792277383035552,-1.2040232743295685,-0.1832315464703722,-0.23510237636567338,-0.2627734088730934,0.0,0.7071067811865475,-1.0615629010115046,29
2402,-0.12792277383035552,0.9092233200574916,-0.1832315464703722,1.8894245151847455,2.4778852723099973,0.7071067811865475,0.0,-1.0615629010115046,46
2405,-0.12792277383035552,-0.4996077428672151,-0.1832315464703722,-0.23510237636567338,-0.6844132059781843,0.7071067811865475,0.0,0.14395066385381394,24
2406,-0.12792277383035552,-1.2040232743295685,-0.1832315464703722,-0.23510237636567338,-0.4735933074256388,0.7071067811865475,0.0,-1.0615629010115046,70
2407,-0.12792277383035552,0.5570155543263149,-0.1832315464703722,-0.23510237636567338,-0.6844132059781843,0.7071067811865475,0.0,0.9476263737640264,21
2408,-0.12792277383035552,-1.2040232743295685,-0.1832315464703722,-0.23510237636567338,-0.4735933074256388,0.0,0.7071067811865475,-1.0615629010115046,45
2410,-0.12792277383035552,-0.14739997713603842,-0.1832315464703722,-0.23510237636567338,-0.2627734088730934,0.0,0.7071067811865475,-0.6597250460563985,33
2411,-0.12792277383035552,0.20480778859513823,1.8254808954748094,-0.23510237636567338,0.5805061853370884,0.7071067811865475,0.0,-0.6597250460563985,39
2412,-0.12792277383035552,-0.14739997713603842,1.8254808954748094,-0.23510237636567338,0.5805061853370884,0.7071067811865475,0.0,-0.25788719110129227,25
2415,-0.12792277383035552,-1.2040232743295685,-0.1832315464703722,-0.23510237636567338,-0.4735933074256388,0.0,0.7071067811865475,-1.0615629010115046,48
2418,-0.12792277383035552,-1.2040232743295685,-0.1832315464703722,-0.23510237636567338,-0.6844132059781843,0.7071067811865475,0.0,-1.0615629010115046,46
2420,-0.12792277383035552,-0.8518155085983917,-0.1832315464703722,-0.23510237636567338,-0.6844132059781843,0.0,0.7071067811865475,-0.25788719110129227,28
2422,-0.12792277383035552,-0.8518155085983917,-0.1832315464703722,-0.23510237636567338,-0.4735933074256388,0.7071067811865475,0.0,-0.6597250460563985,27
2425,-0.12792277383035552,0.9092233200574916,-0.1832315464703722,-0.23510237636567338,1.6346056780998157,0.7071067811865475,0.0,0.14395066385381394,43
2427,-0.12792277383035552,1.9658466172510216,-0.1832315464703722,-0.23510237636567338,1.2129658809947248,0.7071067811865475,0.0,1.3494642287191325,30
2429,-0.12792277383035552,-0.4996077428672151,-0.1832315464703722,-0.23510237636567338,-0.4735933074256388,0.7071067811865475,0.0,-0.6597250460563985,29
2430,-0.12792277383035552,-1.2040232743295685,-0.1832315464703722,-0.23510237636567338,1.0021459824421792,0.7071067811865475,0.0,-1.0615629010115046,54
2431,-0.12792277383035552,-0.14739997713603842,-0.1832315464703722,-0.23510237636567338,-0.6844132059781843,0.7071067811865475,0.0,0.9476263737640264,20
2432,-0.12792277383035552,-1.2040232743295685,-0.1832315464703722,-0.23510237636567338,-0.6844132059781843,0.7071067811865475,0.0,-0.6597250460563985,29
2438,-0.12792277383035552,-1.2040232743295685,-0.1832315464703722,-0.23510237636567338,-0.6844132059781843,0.0,0.7071067811865475,-1.0615629010115046,67
2441,-0.12792277383035552,-0.8518155085983917,-0.1832315464703722,-0.23510237636567338,-0.6844132059781843,0.7071067811865475,0.0,-0.25788719110129227,25
2442,-0.12792277383035552,1.613638851519845,3.834193337419991,1.8894245151847455,1.0021459824421792,0.7071067811865475,0.0,2.153139938629345,24
2443,-0.12792277383035552,0.5570155543263149,-0.1832315464703722,-0.23510237636567338,-0.05195351032054794,0.7071067811865475,0.0,-0.6597250460563985,29
2444,-0.12792277383035552,0.5570155543263149,-0.1832315464703722,-0.23510237636567338,-0.2627734088730934,0.0,0.7071067811865475,-0.6597250460563985,45
2445,-0.12792277383035552,0.20480778859513823,-0.1832315464703722,-0.23510237636567338,0.36968628678454296,0.7071067811865475,0.0,-0.6597250460563985,31
2446,-0.12792277383035552,-0.4996077428672151,-0.1832315464703722,-0.23510237636567338,-0.6844132059781843,0.7071067811865475,0.0,0.14395066385381394,23
2448,-0.12792277383035552,1.2614310857886681,-0.1832315464703722,-0.23510237636567338,-0.6844132059781843,0.7071067811865475,0.0,2.153139938629345,21
2451,-0.12792277383035552,-1.2040232743295685,-0.1832315464703722,-0.23510237636567338,-0.6844132059781843,0.0,0.7071067811865475,-1.0615629010115046,61
2453,-0.12792277383035552,0.9092233200574916,-0.1832315464703722,-0.23510237636567338,0.36968628678454296,0.0,0.7071067811865475,-1.0615629010115046,51
2454,-0.12792277383035552,-1.2040232743295685,-0.1832315464703722,-0.23510237636567338,-0.4735933074256388,0.7071067811865475,0.0,-1.0615629010115046,32
2456,-0.12792277383035552,0.5570155543263149,-0.1832315464703722,-0.23510237636567338,1.2129658809947248,0.7071067811865475,0.0,-1.0615629010115046,43
2457,-0.12792277383035552,-1.2040232743295685,-0.1832315464703722,-0.23510237636567338,-0.6844132059781843,0.0,0.7071067811865475,-1.0615629010115046,32
2459,-0.12792277383035552,0.20480778859513823,-0.1832315464703722,-0.23510237636567338,-0.6844132059781843,0.7071067811865475,0.0,-0.6597250460563985,36
2460,-0.12792277383035552,-0.14739997713603842,-0.1832315464703722,-0.23510237636567338,-0.05195351032054794,0.7071067811865475,0.0,-1.0615629010115046,58
2464,-0.12792277383035552,1.613638851519845,-0.1832315464703722,-0.23510237636567338,1.845425576652361,0.7071067811865475,0.0,0.9476263737640264,57
2465,-0.12792277383035552,0.9092233200574916,-0.1832315464703722,-0.23510237636567338,-0.2627734088730934,0.7071067811865475,0.0,0.9476263737640264,37
2467,-0.12792277383035552,0.5570155543263149,-0.1832315464703722,-0.23510237636567338,0.5805061853370884,0.7071067811865475,0.0,-0.6597250460563985,44
2474,-0.12792277383035552,0.9092233200574916,-0.1832315464703722,-0.23510237636567338,1.0021459824421792,0.7071067811865475,0.0,0.14395066385381394,45
2475,-0.12792277383035552,-1.2040232743295685,-0.1832315464703722,-0.23510237636567338,-0.4735933074256388,0.7071067811865475,0.0,-1.0615629010115046,48
2476,-0.12792277383035552,1.2614310857886681,1.8254808954748094,1.8894245151847455,2.0562454752049066,0.7071067811865475,0.0,0.14395066385381394,26
2477,2.0292885925110493,0.5570155543263149,-0.1832315464703722,-0.23510237636567338,1.2129658809947248,0.7071067811865475,0.0,0.5457885188089201,34
2478,-0.12792277383035552,-0.4996077428672151,-0.1832315464703722,-0.23510237636567338,-0.6844132059781843,0.7071067811865475,0.0,0.14395066385381394,25
2479,-0.12792277383035552,0.9092233200574916,-0.1832315464703722,-0.23510237636567338,1.0021459824421792,0.0,0.7071067811865475,0.14395066385381394,31
2480,-0.12792277383035552,-1.2040232743295685,-0.1832315464703722,-0.23510237636567338,-0.4735933074256388,0.7071067811865475,0.0,-1.0615629010115046,43
2482,-0.12792277383035552,-1.2040232743295685,-0.1832315464703722,-0.23510237636567338,-0.6844132059781843,0.0,0.7071067811865475,-1.0615629010115046,30
2484,-0.12792277383035552,-1.2040232743295685,-0.1832315464703722,-0.23510237636567338,-0.6844132059781843,0.0,0.7071067811865475,-1.0615629010115046,50
2485,-0.12792277383035552,-0.8518155085983917,-0.1832315464703722,-0.23510237636567338,-0.2627734088730934,0.7071067811865475,0.0,-0.6597250460563985,31
2486,-0.12792277383035552,0.5570155543263149,-0.1832315464703722,-0.23510237636567338,0.7913260838896339,0.0,0.7071067811865475,-0.6597250460563985,33
2487,-0.12792277383035552,0.20480778859513823,-0.1832315464703722,-0.23510237636567338,-0.4735933074256388,0.7071067811865475,0.0,0.5457885188089201,32
2488,-0.12792277383035552,-1.2040232743295685,-0.1832315464703722,-0.23510237636567338,-0.6844132059781843,0.0,0.7071067811865475,-1.0615629010115046,46
2489,-0.12792277383035552,0.5570155543263149,-0.1832315464703722,-0.23510237636567338,-0.6844132059781843,0.7071067811865475,0.0,1.3494642287191325,22
2490,-0.12792277383035552,0.20480778859513823,-0.1832315464703722,-0.23510237636567338,1.0021459824421792,0.7071067811865475,0.0,-1.0615629010115046,37
2493,-0.12792277383035552,0.5570155543263149,-0.1832315464703722,-0.23510237636567338,0.5805061853370884,0.7071067811865475,0.0,-0.6597250460563985,32
2494,-0.12792277383035552,0.9092233200574916,-0.1832315464703722,-0.23510237636567338,-0.2627734088730934,0.7071067811865475,0.0,0.5457885188089201,23
2495,-0.12792277383035552,0.20480778859513823,-0.1832315464703722,-0.23510237636567338,-0.6844132059781843,0.7071067811865475,0.0,1.3494642287191325,21
2497,-0.12792277383035552,-1.2040232743295685,-0.1832315464703722,-0.23510237636567338,-0.2627734088730934,0.7071067811865475,0.0,-1.0615629010115046,52
2498,-0.12792277383035552,-0.8518155085983917,-0.1832315464703722,-0.23510237636567338,-0.2627734088730934,0.0,0.7071067811865475,-1.0615629010115046,49
2499,-0.12792277383035552,0.9092233200574916,-0.1832315464703722,-0.23510237636567338,-0.05195351032054794,0.7071067811865475,0.0,-0.6597250460563985,55
2501,-0.12792277383035552,-0.8518155085983917,-0.1832315464703722,-0.23510237636567338,-0.6844132059781843,0.7071067811865475,0.0,0.14395066385381394,22
2502,-0.12792277383035552,-1.2040232743295685,-0.1832315464703722,-0.23510237636567338,-0.6844132059781843,0.7071067811865475,0.0,-1.0615629010115046,45
2503,-0.12792277383035552,0.20480778859513823,-0.1832315464703722,-0.23510237636567338,0.7913260838896339,0.7071067811865475,0.0,-0.6597250460563985,31
2504,-0.12792277383035552,-0.8518155085983917,-0.1832315464703722,1.8894245151847455,-0.6844132059781843,0.0,0.7071067811865475,0.14395066385381394,22
2507,-0.12792277383035552,0.5570155543263149,-0.1832315464703722,-0.23510237636567338,0.36968628678454296,0.0,0.7071067811865475,-0.6597250460563985,28
2509,-0.12792277383035552,0.20480778859513823,-0.1832315464703722,-0.23510237636567338,-0.4735933074256388,0.7071067811865475,0.0,1.7513020836742388,21
2511,-0.12792277383035552,-0.4996077428672151,-0.1832315464703722,1.8894245151847455,-0.2627734088730934,0.0,0.7071067811865475,-0.25788719110129227,37
2512,-0.12792277383035552,0.9092233200574916,3.834193337419991,-0.23510237636567338,3.7428046636252703,0.7071067811865475,0.0,-0.25788719110129227,30
2513,-0.12792277383035552,1.9658466172510216,-0.1832315464703722,1.8894245151847455,2.0562454752049066,0.7071067811865475,0.0,2.153139938629345,22
2514,-0.12792277383035552,1.613638851519845,1.8254808954748094,-0.23510237636567338,4.164444460730361,0.7071067811865475,0.0,0.9476263737640264,35
2515,4.186499958852454,1.9658466172510216,1.8254808954748094,-0.23510237636567338,1.6346056780998157,0.7071067811865475,0.0,0.5457885188089201,28
2516,-0.12792277383035552,-0.4996077428672151,-0.1832315464703722,-0.23510237636567338,-0.4735933074256388,0.7071067811865475,0.0,0.9476263737640264,24
2519,2.0292885925110493,0.9092233200574916,5.842905779365172,-0.23510237636567338,4.375264359282906,0.7071067811865475,0.0,0.9476263737640264,32
2521,-0.12792277383035552,0.20480778859513823,-0.1832315464703722,-0.23510237636567338,-0.4735933074256388,0.7071067811865475,0.0,0.14395066385381394,24
2523,-0.12792277383035552,-0.4996077428672151,-0.1832315464703722,-0.23510237636567338,3.321164866520179,0.7071067811865475,0.0,-1.0615629010115046,57
2524,-0.12792277383035552,0.5570155543263149,-0.1832315464703722,-0.23510237636567338,-0.6844132059781843,0.0,0.7071067811865475,1.3494642287191325,21
2525,-0.12792277383035552,-0.8518155085983917,-0.1832315464703722,-0.23510237636567338,-0.6844132059781843,0.7071067811865475,0.0,-0.6597250460563985,28
2526,-0.12792277383035552,-1.2040232743295685,-0.1832315464703722,-0.23510237636567338,-0.6844132059781843,0.0,0.7071067811865475,-1.0615629010115046,51
2529,-0.12792277383035552,-0.8518155085983917,-0.1832315464703722,-0.23510237636567338,-0.6844132059781843,0.0,0.7071067811865475,-0.6597250460563985,26
2530,-0.12792277383035552,0.5570155543263149,-0.1832315464703722,6.138478298285584,-0.6844132059781843,0.7071067811865475,0.0,1.7513020836742388,20
2532,-0.12792277383035552,0.9092233200574916,1.8254808954748094,-0.23510237636567338,0.5805061853370884,0.0,0.7071067811865475,0.5457885188089201,25
2533,-0.12792277383035552,0.5570155543263149,-0.1832315464703722,-0.23510237636567338,-0.6844132059781843,0.0,0.7071067811865475,2.153139938629345,19
2534,-0.12792277383035552,-1.2040232743295685,-0.1832315464703722,-0.23510237636567338,-0.4735933074256388,0.7071067811865475,0.0,-1.0615629010115046,49
2536,-0.12792277383035552,1.9658466172510216,-0.1832315464703722,-0.23510237636567338,5.007724054940543,0.0,0.7071067811865475,2.153139938629345,57
2537,-0.12792277383035552,-0.8518155085983917,-0.1832315464703722,-0.23510237636567338,-0.6844132059781843,0.0,0.7071067811865475,-0.25788719110129227,27
2538,-0.12792277383035552,-1.2040232743295685,-0.1832315464703722,-0.23510237636567338,-0.4735933074256388,0.0,0.7071067811865475,-1.0615629010115046,66
2540,-0.12792277383035552,-0.4996077428672151,-0.1832315464703722,-0.23510237636567338,-0.6844132059781843,0.7071067811865475,0.0,0.9476263737640264,21
2541,-0.12792277383035552,-0.8518155085983917,-0.1832315464703722,-0.23510237636567338,-0.4735933074256388,0.7071067811865475,0.0,-1.0615629010115046,45
2543,4.186499958852454,1.2614310857886681,5.842905779365172,-0.23510237636567338,4.375264359282906,0.7071067811865475,0.0,0.14395066385381394,37
2544,-0.12792277383035552,1.613638851519845,-0.1832315464703722,-0.23510237636567338,2.0562454752049066,0.7071067811865475,0.0,1.7513020836742388,44
2546,-0.12792277383035552,-0.14739997713603842,-0.1832315464703722,-0.23510237636567338,-0.6844132059781843,0.7071067811865475,0.0,-1.0615629010115046,64
2548,-0.12792277383035552,0.5570155543263149,-0.1832315464703722,-0.23510237636567338,-0.4735933074256388,0.7071067811865475,0.0,0.14395066385381394,30
2549,-0.12792277383035552,-1.2040232743295685,-0.1832315464703722,-0.23510237636567338,-0.4735933074256388,0.0,0.7071067811865475,-1.0615629010115046,61
2554,-0.12792277383035552,-0.8518155085983917,-0.1832315464703722,-0.23510237636567338,1.0021459824421792,0.7071067811865475,0.0,-1.0615629010115046,49
2556,-0.12792277383035552,0.9092233200574916,-0.1832315464703722,-0.23510237636567338,-0.6844132059781843,0.7071067811865475,0.0,0.5457885188089201,23
2560,-0.12792277383035552,1.613638851519845,-0.1832315464703722,-0.23510237636567338,-0.6844132059781843,0.7071067811865475,0.0,0.9476263737640264,21
2561,-0.12792277383035552,1.9658466172510216,-0.1832315464703722,-0.23510237636567338,-0.2627734088730934,0.7071067811865475,0.0,0.14395066385381394,30
2562,-0.12792277383035552,-0.14739997713603842,-0.1832315464703722,1.8894245151847455,0.7913260838896339,0.0,0.7071067811865475,0.14395066385381394,26
2564,-0.12792277383035552,-1.2040232743295685,-0.1832315464703722,-0.23510237636567338,-0.05195351032054794,0.0,0.7071067811865475,-0.6597250460563985,35
2566,-0.12792277383035552,1.613638851519845,-0.1832315464703722,1.8894245151847455,-0.2627734088730934,0.0,0.7071067811865475,0.14395066385381394,27
2567,-0.12792277383035552,0.5570155543263149,-0.1832315464703722,-0.23510237636567338,-0.4735933074256388,0.0,0.7071067811865475,-0.25788719110129227,38
2568,-0.12792277383035552,1.613638851519845,-0.1832315464703722,-0.23510237636567338,2.2670653737574518,0.7071067811865475,0.0,-0.25788719110129227,48
2569,-0.12792277383035552,-0.8518155085983917,-0.1832315464703722,-0.23510237636567338,-0.6844132059781843,0.0,0.7071067811865475,-0.25788719110129227,26
2571,-0.12792277383035552,1.2614310857886681,1.8254808954748094,-0.23510237636567338,0.15886638823199753,0.7071067811865475,0.0,0.5457885188089201,24
2572,-0.12792277383035552,0.20480778859513823,-0.1832315464703722,-0.23510237636567338,-0.2627734088730934,0.7071067811865475,0.0,-0.25788719110129227,28
2573,-0.12792277383035552,0.5570155543263149,-0.1832315464703722,-0.23510237636567338,0.15886638823199753,0.7071067811865475,0.0,-0.6597250460563985,44
2574,-0.12792277383035552,0.9092233200574916,-0.1832315464703722,1.8894245151847455,-0.2627734088730934,0.7071067811865475,0.0,0.9476263737640264,23
2575,-0.12792277383035552,0.5570155543263149,-0.1832315464703722,-0.23510237636567338,-0.4735933074256388,0.7071067811865475,0.0,-0.6597250460563985,34
2576,-0.12792277383035552,0.20480778859513823,1.8254808954748094,-0.23510237636567338,-0.4735933074256388,0.7071067811865475,0.0,1.3494642287191325,20
2578,-0.12792277383035552,-0.14739997713603842,-0.1832315464703722,-0.23510237636567338,4.164444460730361,0.7071067811865475,0.0,-0.6597250460563985,63
2579,-0.12792277383035552,-1.2040232743295685,-0.1832315464703722,-0.23510237636567338,-0.6844132059781843,0.0,0.7071067811865475,-1.0615629010115046,36
2580,-0.12792277383035552,-1.2040232743295685,-0.1832315464703722,-0.23510237636567338,-0.4735933074256388,0.7071067811865475,0.0,-1.0615629010115046,58
2583,-0.12792277383035552,-0.4996077428672151,-0.1832315464703722,-0.23510237636567338,0.15886638823199753,0.7071067811865475,0.0,0.14395066385381394,35
2584,-0.12792277383035552,0.9092233200574916,-0.1832315464703722,-0.23510237636567338,-0.05195351032054794,0.7071067811865475,0.0,0.5457885188089201,23
2586,-0.12792277383035552,-1.2040232743295685,-0.1832315464703722,-0.23510237636567338,-0.4735933074256388,0.7071067811865475,0.0,-1.0615629010115046,40
2588,-0.12792277383035552,-0.4996077428672151,-0.1832315464703722,-0.23510237636567338,-0.05195351032054794,0.7071067811865475,0.0,-0.25788719110129227,31
2589,-0.12792277383035552,-0.14739997713603842,-0.1832315464703722,-0.23510237636567338,0.36968628678454296,0.7071067811865475,0.0,-0.6597250460563985,34
2591,-0.12792277383035552,0.5570155543263149,-0.1832315464703722,-0.23510237636567338,-0.05195351032054794,0.0,0.7071067811865475,0.14395066385381394,23
2592,-0.12792277383035552,-0.4996077428672151,-0.1832315464703722,-0.23510237636567338,-0.6844132059781843,0.0,0.7071067811865475,-0.6597250460563985,27
2593,-0.12792277383035552,0.20480778859513823,-0.1832315464703722,-0.23510237636567338,-0.05195351032054794,0.7071067811865475,0.0,-0.25788719110129227,26
2594,-0.12792277383035552,-1.2040232743295685,-0.1832315464703722,-0.23510237636567338,-0.4735933074256388,0.7071067811865475,0.0,-1.0615629010115046,49
2595,-0.12792277383035552,-1.2040232743295685,-0.1832315464703722,-0.23510237636567338,-0.6844132059781843,0.0,0.7071067811865475,-1.0615629010115046,47
2602,-0.12792277383035552,-0.8518155085983917,-0.1832315464703722,-0.23510237636567338,0.5805061853370884,0.7071067811865475,0.0,-1.0615629010115046,47
2604,-0.12792277383035552,0.5570155543263149,-0.1832315464703722,-0.23510237636567338,0.7913260838896339,0.7071067811865475,0.0,-0.6597250460563985,34
2606,-0.12792277383035552,1.613638851519845,-0.1832315464703722,-0.23510237636567338,1.4237857795472701,0.7071067811865475,0.0,1.7513020836742388,27
2607,-0.12792277383035552,-1.2040232743295685,-0.1832315464703722,-0.23510237636567338,-0.6844132059781843,0.0,0.7071067811865475,-1.0615629010115046,52
2608,-0.12792277383035552,-0.4996077428672151,-0.1832315464703722,-0.23510237636567338,-0.6844132059781843,0.0,0.7071067811865475,-0.25788719110129227,26
2609,-0.12792277383035552,0.9092233200574916,-0.1832315464703722,1.8894245151847455,1.2129658809947248,0.7071067811865475,0.0,0.14395066385381394,25
2610,-0.12792277383035552,-0.8518155085983917,-0.1832315464703722,-0.23510237636567338,-0.4735933074256388,0.7071067811865475,0.0,-0.6597250460563985,51
2611,-0.12792277383035552,-0.8518155085983917,-0.1832315464703722,-0.23510237636567338,-0.4735933074256388,0.0,0.7071067811865475,-0.6597250460563985,29
2613,-0.12792277383035552,-1.2040232743295685,-0.1832315464703722,-0.23510237636567338,-0.6844132059781843,0.7071067811865475,0.0,-1.0615629010115046,46
2614,-0.12792277383035552,-0.14739997713603842,-0.1832315464703722,-0.23510237636567338,0.5805061853370884,0.7071067811865475,0.0,-0.25788719110129227,28
2615,-0.12792277383035552,-1.2040232743295685,-0.1832315464703722,-0.23510237636567338,-0.6844132059781843,0.7071067811865475,0.0,-1.0615629010115046,57
2616,-0.12792277383035552,0.20480778859513823,-0.1832315464703722,-0.23510237636567338,-0.2627734088730934,0.7071067811865475,0.0,0.5457885188089201,23
2618,-0.12792277383035552,1.613638851519845,-0.1832315464703722,-0.23510237636567338,5.007724054940543,0.7071067811865475,0.0,1.3494642287191325,34
2619,-0.12792277383035552,-0.4996077428672151,-0.1832315464703722,-0.23510237636567338,-0.05195351032054794,0.7071067811865475,0.0,-0.6597250460563985,27
2620,-0.12792277383035552,1.613638851519845,-0.1832315464703722,1.8894245151847455,0.7913260838896339,0.0,0.7071067811865475,0.9476263737640264,25
2621,-0.12792277383035552,0.9092233200574916,-0.1832315464703722,-0.23510237636567338,-0.4735933074256388,0.7071067811865475,0.0,-0.6597250460563985,31
2623,-0.12792277383035552,-0.8518155085983917,-0.1832315464703722,-0.23510237636567338,1.0021459824421792,0.7071067811865475,0.0,-1.0615629010115046,37
2624,-0.12792277383035552,-0.8518155085983917,-0.1832315464703722,-0.23510237636567338,-0.6844132059781843,0.7071067811865475,0.0,-1.0615629010115046,51
2630,-0.12792277383035552,0.5570155543263149,1.8254808954748094,-0.23510237636567338,1.0021459824421792,0.7071067811865475,0.0,0.9476263737640264,28
2632,-0.12792277383035552,-1.2040232743295685,-0.1832315464703722,-0.23510237636567338,0.15886638823199753,0.7071067811865475,0.0,-1.0615629010115046,56
2633,-0.12792277383035552,1.613638851519845,-0.1832315464703722,-0.23510237636567338,2.4778852723099973,0.7071067811865475,0.0,1.3494642287191325,45
2634,-0.12792277383035552,0.5570155543263149,-0.1832315464703722,-0.23510237636567338,0.7913260838896339,0.7071067811865475,0.0,0.14395066385381394,26
2637,-0.12792277383035552,1.2614310857886681,-0.1832315464703722,-0.23510237636567338,0.7913260838896339,0.7071067811865475,0.0,-0.6597250460563985,33
2638,-0.12792277383035552,-0.14739997713603842,-0.1832315464703722,6.138478298285584,-0.6844132059781843,0.0,0.7071067811865475,-0.25788719110129227,23
2639,-0.12792277383035552,-0.8518155085983917,-0.1832315464703722,-0.23510237636567338,-0.6844132059781843,0.0,0.7071067811865475,-0.6597250460563985,31
2641,-0.12792277383035552,-0.4996077428672151,-0.1832315464703722,-0.23510237636567338,-0.6844132059781843,0.0,0.7071067811865475,-0.25788719110129227,31
2642,2.0292885925110493,1.613638851519845,-0.1832315464703722,-0.23510237636567338,-0.4735933074256388,0.7071067811865475,0.0,2.554977793584451,19
2643,-0.12792277383035552,-1.2040232743295685,-0.1832315464703722,-0.23510237636567338,-0.6844132059781843,0.7071067811865475,0.0,-1.0615629010115046,32
2644,-0.12792277383035552,-0.4996077428672151,-0.1832315464703722,-0.23510237636567338,-0.4735933074256388,0.0,0.7071067811865475,-0.6597250460563985,30
2649,-0.12792277383035552,-1.2040232743295685,-0.1832315464703722,-0.23510237636567338,-0.4735933074256388,0.7071067811865475,0.0,-1.0615629010115046,66
2650,-0.12792277383035552,-1.2040232743295685,-0.1832315464703722,-0.23510237636567338,-0.6844132059781843,0.7071067811865475,0.0,-1.0615629010115046,40
2651,-0.12792277383035552,-0.8518155085983917,-0.1832315464703722,-0.23510237636567338,0.15886638823199753,0.0,0.7071067811865475,-0.6597250460563985,59
2654,-0.12792277383035552,0.9092233200574916,-0.1832315464703722,-0.23510237636567338,-0.05195351032054794,0.0,0.7071067811865475,-0.25788719110129227,27
2655,-0.12792277383035552,-0.4996077428672151,-0.1832315464703722,-0.23510237636567338,-0.6844132059781843,0.7071067811865475,0.0,0.9476263737640264,22
2656,-0.12792277383035552,-1.2040232743295685,-0.1832315464703722,-0.23510237636567338,-0.4735933074256388,0.7071067811865475,0.0,-1.0615629010115046,58
2658,-0.12792277383035552,-0.4996077428672151,-0.1832315464703722,-0.23510237636567338,-0.2627734088730934,0.7071067811865475,0.0,-0.6597250460563985,29
2664,-0.12792277383035552,1.2614310857886681,-0.1832315464703722,-0.23510237636567338,-0.6844132059781843,0.7071067811865475,0.0,1.3494642287191325,27
2667,-0.12792277383035552,0.20480778859513823,-0.1832315464703722,-0.23510237636567338,-0.6844132059781843,0.7071067811865475,0.0,0.14395066385381394,24
2668,-0.12792277383035552,-0.14739997713603842,1.8254808954748094,-0.23510237636567338,-0.05195351032054794,0.7071067811865475,0.0,-0.6597250460563985,35
2671,-0.12792277383035552,1.2614310857886681,3.834193337419991,1.8894245151847455,0.7913260838896339,0.7071067811865475,0.0,1.3494642287191325,29
2672,2.0292885925110493,1.613638851519845,-0.1832315464703722,-0.23510237636567338,0.36968628678454296,0.7071067811865475,0.0,0.9476263737640264,30
2673,-0.12792277383035552,-0.8518155085983917,1.8254808954748094,1.8894245151847455,-0.4735933074256388,0.7071067811865475,0.0,0.14395066385381394,23
2676,-0.12792277383035552,-0.14739997713603842,-0.1832315464703722,-0.23510237636567338,-0.2627734088730934,0.7071067811865475,0.0,-1.0615629010115046,32
2677,-0.12792277383035552,0.20480778859513823,-0.1832315464703722,-0.23510237636567338,-0.2627734088730934,0.7071067811865475,0.0,0.5457885188089201,22
2678,-0.12792277383035552,-0.4996077428672151,-0.1832315464703722,-0.23510237636567338,-0.6844132059781843,0.0,0.7071067811865475,0.5457885188089201,21
2679,-0.12792277383035552,-0.8518155085983917,-0.1832315464703722,-0.23510237636567338,-0.6844132059781843,0.0,0.7071067811865475,-1.0615629010115046,43
2680,-0.12792277383035552,1.2614310857886681,-0.1832315464703722,-0.23510237636567338,-0.6844132059781843,0.7071067811865475,0.0,0.14395066385381394,29
2681,-0.12792277383035552,-0.4996077428672151,-0.1832315464703722,-0.23510237636567338,-0.4735933074256388,0.7071067811865475,0.0,-0.25788719110129227,43
2682,-0.12792277383035552,-0.8518155085983917,-0.1832315464703722,-0.23510237636567338,-0.4735933074256388,0.7071067811865475,0.0,-0.25788719110129227,25
2683,-0.12792277383035552,-1.2040232743295685,-0.1832315464703722,-0.23510237636567338,-0.6844132059781843,0.0,0.7071067811865475,-1.0615629010115046,47
2685,-0.12792277383035552,0.20480778859513823,-0.1832315464703722,-0.23510237636567338,-0.6844132059781843,0.7071067811865475,0.0,0.9476263737640264,21
2687,-0.12792277383035552,-1.2040232743295685,-0.1832315464703722,-0.23510237636567338,-0.6844132059781843,0.0,0.7071067811865475,-1.0615629010115046,54
2688,-0.12792277383035552,-1.2040232743295685,-0.1832315464703722,1.8894245151847455,-0.05195351032054794,0.7071067811865475,0.0,-1.0615629010115046,34
2689,-0.12792277383035552,-0.8518155085983917,-0.1832315464703722,-0.23510237636567338,-0.2627734088730934,0.0,0.7071067811865475,-0.6597250460563985,28
2690,-0.12792277383035552,-1.2040232743295685,-0.1832315464703722,-0.23510237636567338,0.15886638823199753,0.7071067811865475,0.0,-1.0615629010115046,53
2691,-0.12792277383035552,-1.2040232743295685,-0.1832315464703722,-0.23510237636567338,-0.6844132059781843,0.0,0.7071067811865475,-1.0615629010115046,54
2692,-0.12792277383035552,-1.2040232743295685,-0.1832315464703722,-0.23510237636567338,-0.05195351032054794,0.7071067811865475,0.0,-0.6597250460563985,37
2696,-0.12792277383035552,-0.14739997713603842,-0.1832315464703722,-0.23510237636567338,-0.2627734088730934,0.7071067811865475,0.0,-1.0615629010115046,34
2698,-0.12792277383035552,-1.2040232743295685,-0.1832315464703722,-0.23510237636567338,-0.6844132059781843,0.7071067811865475,0.0,-1.0615629010115046,60
2700,-0.12792277383035552,-0.14739997713603842,-0.1832315464703722,-0.23510237636567338,-0.6844132059781843,0.7071067811865475,0.0,0.5457885188089201,22
2703,-0.12792277383035552,0.9092233200574916,-0.1832315464703722,-0.23510237636567338,-0.05195351032054794,0.7071067811865475,0.0,0.14395066385381394,51
2704,-0.12792277383035552,-0.8518155085983917,-0.1832315464703722,-0.23510237636567338,-0.6844132059781843,0.7071067811865475,0.0,-0.6597250460563985,29
2708,-0.12792277383035552,0.5570155543263149,-0.1832315464703722,1.8894245151847455,0.36968628678454296,0.0,0.7071067811865475,0.5457885188089201,28
2711,-0.12792277383035552,-1.2040232743295685,-0.1832315464703722,-0.23510237636567338,-0.6844132059781843,0.7071067811865475,0.0,-1.0615629010115046,33
2713,-0.12792277383035552,-0.8518155085983917,-0.1832315464703722,-0.23510237636567338,0.15886638823199753,0.0,0.7071067811865475,0.14395066385381394,43
2714,-0.12792277383035552,0.5570155543263149,-0.1832315464703722,-0.23510237636567338,-0.4735933074256388,0.0,0.7071067811865475,-0.25788719110129227,45
2716,-0.12792277383035552,0.20480778859513823,-0.1832315464703722,-0.23510237636567338,0.36968628678454296,0.7071067811865475,0.0,1.3494642287191325,32
2718,-0.12792277383035552,-0.4996077428672151,-0.1832315464703722,-0.23510237636567338,-0.6844132059781843,0.7071067811865475,0.0,-0.6597250460563985,35
2719,-0.12792277383035552,-0.14739997713603842,-0.1832315464703722,-0.23510237636567338,-0.4735933074256388,0.7071067811865475,0.0,-0.25788719110129227,23
2720,-0.12792277383035552,-1.2040232743295685,-0.1832315464703722,-0.23510237636567338,-0.4735933074256388,0.0,0.7071067811865475,-1.0615629010115046,41
2721,43.016304552997745,1.9658466172510216,-0.1832315464703722,-0.23510237636567338,4.375264359282906,0.7071067811865475,0.0,0.9476263737640264,25
2722,-0.12792277383035552,1.613638851519845,1.8254808954748094,-0.23510237636567338,1.845425576652361,0.7071067811865475,0.0,0.9476263737640264,35
2723,-0.12792277383035552,0.5570155543263149,-0.1832315464703722,-0.23510237636567338,0.15886638823199753,0.7071067811865475,0.0,0.5457885188089201,25
2724,-0.12792277383035552,-0.8518155085983917,-0.1832315464703722,-0.23510237636567338,0.5805061853370884,0.7071067811865475,0.0,-1.0615629010115046,69
2728,-0.12792277383035552,-0.4996077428672151,-0.1832315464703722,-0.23510237636567338,-0.6844132059781843,0.0,0.7071067811865475,0.14395066385381394,24
2731,-0.12792277383035552,-0.14739997713603842,-0.1832315464703722,-0.23510237636567338,-0.6844132059781843,0.7071067811865475,0.0,0.14395066385381394,28
2732,-0.12792277383035552,0.9092233200574916,-0.1832315464703722,-0.23510237636567338,4.164444460730361,0.7071067811865475,0.0,0.5457885188089201,47
2735,-0.12792277383035552,1.9658466172510216,1.8254808954748094,-0.23510237636567338,2.0562454752049066,0.7071067811865475,0.0,2.554977793584451,29
2737,-0.12792277383035552,1.2614310857886681,-0.1832315464703722,-0.23510237636567338,1.2129658809947248,0.7071067811865475,0.0,1.3494642287191325,26
2738,-0.12792277383035552,-1.2040232743295685,-0.1832315464703722,-0.23510237636567338,-0.6844132059781843,0.0,0.7071067811865475,-1.0615629010115046,31
2745,-0.12792277383035552,0.9092233200574916,-0.1832315464703722,-0.23510237636567338,-0.6844132059781843,0.7071067811865475,0.0,-0.25788719110129227,28
2746,-0.12792277383035552,-1.2040232743295685,-0.1832315464703722,-0.23510237636567338,-0.4735933074256388,0.0,0.7071067811865475,-1.0615629010115046,48
2748,-0.12792277383035552,-1.2040232743295685,-0.1832315464703722,-0.23510237636567338,-0.6844132059781843,0.0,0.7071067811865475,-1.0615629010115046,44
2749,-0.12792277383035552,0.20480778859513823,-0.1832315464703722,-0.23510237636567338,0.7913260838896339,0.0,0.7071067811865475,-0.25788719110129227,42
2750,-0.12792277383035552,0.9092233200574916,-0.1832315464703722,-0.23510237636567338,0.36968628678454296,0.7071067811865475,0.0,0.14395066385381394,39
2751,-0.12792277383035552,-1.2040232743295685,-0.1832315464703722,-0.23510237636567338,-0.2627734088730934,0.7071067811865475,0.0,-1.0615629010115046,46
2752,-0.12792277383035552,0.20480778859513823,-0.1832315464703722,-0.23510237636567338,-0.6844132059781843,0.0,0.7071067811865475,-0.25788719110129227,55
2753,-0.12792277383035552,1.613638851519845,-0.1832315464703722,-0.23510237636567338,0.36968628678454296,0.7071067811865475,0.0,0.14395066385381394,27
2754,-0.12792277383035552,1.613638851519845,-0.1832315464703722,-0.23510237636567338,-0.6844132059781843,0.0,0.7071067811865475,0.5457885188089201,31
2758,-0.12792277383035552,-0.8518155085983917,-0.1832315464703722,-0.23510237636567338,-0.6844132059781843,0.7071067811865475,0.0,0.14395066385381394,25
2759,-0.12792277383035552,0.9092233200574916,-0.1832315464703722,4.013951406735165,0.5805061853370884,0.0,0.7071067811865475,0.14395066385381394,32
2760,-0.12792277383035552,0.20480778859513823,-0.1832315464703722,-0.23510237636567338,-0.2627734088730934,0.7071067811865475,0.0,0.14395066385381394,36
2762,-0.12792277383035552,0.9092233200574916,-0.1832315464703722,-0.23510237636567338,-0.05195351032054794,0.7071067811865475,0.0,0.9476263737640264,21
2764,-0.12792277383035552,-0.14739997713603842,-0.1832315464703722,-0.23510237636567338,-0.2627734088730934,0.0,0.7071067811865475,-0.6597250460563985,39
2765,-0.12792277383035552,-0.8518155085983917,-0.1832315464703722,-0.23510237636567338,-0.6844132059781843,0.0,0.7071067811865475,-0.6597250460563985,26
2766,-0.12792277383035552,1.2614310857886681,-0.1832315464703722,-0.23510237636567338,1.0021459824421792,0.7071067811865475,0.0,1.3494642287191325,28
2767,-0.12792277383035552,-1.2040232743295685,-0.1832315464703722,-0.23510237636567338,-0.2627734088730934,0.0,0.7071067811865475,-1.0615629010115046,67
2770,-0.12792277383035552,-0.14739997713603842,-0.1832315464703722,-0.23510237636567338,-0.6844132059781843,0.7071067811865475,0.0,0.5457885188089201,22
2771,-0.12792277383035552,-1.2040232743295685,-0.1832315464703722,-0.23510237636567338,-0.05195351032054794,0.0,0.7071067811865475,-1.0615629010115046,37
2772,-0.12792277383035552,1.2614310857886681,-0.1832315464703722,-0.23510237636567338,-0.2627734088730934,0.0,0.7071067811865475,1.7513020836742388,23
2773,-0.12792277383035552,0.9092233200574916,-0.1832315464703722,-0.23510237636567338,2.2670653737574518,0.0,0.7071067811865475,-0.25788719110129227,49
2775,-0.12792277383035552,0.9092233200574916,-0.1832315464703722,-0.23510237636567338,1.2129658809947248,0.0,0.7071067811865475,0.14395066385381394,32
2776,-0.12792277383035552,0.5570155543263149,-0.1832315464703722,-0.23510237636567338,1.2129658809947248,0.0,0.7071067811865475,-0.6597250460563985,41
2777,-0.12792277383035552,-0.4996077428672151,-0.1832315464703722,-0.23510237636567338,-0.4735933074256388,0.0,0.7071067811865475,-0.25788719110129227,25
2780,-0.12792277383035552,-1.2040232743295685,-0.1832315464703722,-0.23510237636567338,-0.6844132059781843,0.0,0.7071067811865475,-1.0615629010115046,58
2782,4.186499958852454,1.613638851519845,-0.1832315464703722,-0.23510237636567338,3.321164866520179,0.0,0.7071067811865475,0.9476263737640264,44
2786,-0.12792277383035552,-0.14739997713603842,-0.1832315464703722,-0.23510237636567338,-0.4735933074256388,0.7071067811865475,0.0,0.5457885188089201,28
2787,-0.12792277383035552,0.20480778859513823,-0.1832315464703722,-0.23510237636567338,-0.6844132059781843,0.7071067811865475,0.0,-0.6597250460563985,39
2788,-0.12792277383035552,-1.2040232743295685,-0.1832315464703722,-0.23510237636567338,-0.6844132059781843,0.7071067811865475,0.0,-1.0615629010115046,54
2790,-0.12792277383035552,-0.14739997713603842,-0.1832315464703722,-0.23510237636567338,-0.6844132059781843,0.0,0.7071067811865475,-1.0615629010115046,43
2792,-0.12792277383035552,1.9658466172510216,-0.1832315464703722,-0.23510237636567338,0.36968628678454296,0.0,0.7071067811865475,2.554977793584451,31
2793,8.500922691535264,1.9658466172510216,1.8254808954748094,-0.23510237636567338,1.6346056780998157,0.7071067811865475,0.0,2.153139938629345,30
2794,-0.12792277383035552,-0.14739997713603842,1.8254808954748094,6.138478298285584,0.15886638823199753,0.0,0.7071067811865475,0.9476263737640264,27
2797,-0.12792277383035552,-0.8518155085983917,-0.1832315464703722,-0.23510237636567338,-0.6844132059781843,0.0,0.7071067811865475,-0.6597250460563985,28
2800,-0.12792277383035552,0.9092233200574916,-0.1832315464703722,-0.23510237636567338,-0.6844132059781843,0.0,0.7071067811865475,0.14395066385381394,24
2802,-0.12792277383035552,-1.2040232743295685,-0.1832315464703722,-0.23510237636567338,-0.6844132059781843,0.0,0.7071067811865475,-1.0615629010115046,43
2804,-0.12792277383035552,-0.14739997713603842,-0.1832315464703722,-0.23510237636567338,1.4237857795472701,0.0,0.7071067811865475,-0.6597250460563985,44
2807,-0.12792277383035552,1.9658466172510216,-0.1832315464703722,-0.23510237636567338,1.6346056780998157,0.7071067811865475,0.0,1.7513020836742388,24
2809,-0.12792277383035552,-0.4996077428672151,-0.1832315464703722,-0.23510237636567338,-0.6844132059781843,0.7071067811865475,0.0,0.14395066385381394,23
2814,-0.12792277383035552,-0.4996077428672151,-0.1832315464703722,-0.23510237636567338,0.36968628678454296,0.0,0.7071067811865475,-0.6597250460563985,36
2817,-0.12792277383035552,1.613638851519845,-0.1832315464703722,-0.23510237636567338,-0.4735933074256388,0.7071067811865475,0.0,1.3494642287191325,27
2819,-0.12792277383035552,1.9658466172510216,-0.1832315464703722,-0.23510237636567338,-0.6844132059781843,0.7071067811865475,0.0,2.153139938629345,24
2820,-0.12792277383035552,-1.2040232743295685,-0.1832315464703722,-0.23510237636567338,-0.6844132059781843,0.0,0.7071067811865475,-1.0615629010115046,66
2821,-0.12792277383035552,-0.14739997713603842,-0.1832315464703722,1.8894245151847455,-0.05195351032054794,0.7071067811865475,0.0,-1.0615629010115046,36
2824,-0.12792277383035552,1.2614310857886681,-0.1832315464703722,-0.23510237636567338,1.2129658809947248,0.7071067811865475,0.0,0.5457885188089201,53
2825,-0.12792277383035552,-0.4996077428672151,-0.1832315464703722,-0.23510237636567338,-0.4735933074256388,0.7071067811865475,0.0,0.14395066385381394,23
2828,-0.12792277383035552,0.9092233200574916,-0.1832315464703722,-0.23510237636567338,-0.6844132059781843,0.0,0.7071067811865475,0.5457885188089201,22
2829,-0.12792277383035552,-0.4996077428672151,-0.1832315464703722,1.8894245151847455,-0.4735933074256388,0.7071067811865475,0.0,-0.25788719110129227,25
2830,-0.12792277383035552,-1.2040232743295685,-0.1832315464703722,-0.23510237636567338,0.15886638823199753,0.7071067811865475,0.0,-1.0615629010115046,56
2836,-0.12792277383035552,-1.2040232743295685,-0.1832315464703722,-0.23510237636567338,-0.4735933074256388,0.7071067811865475,0.0,-1.0615629010115046,51
2837,-0.12792277383035552,-1.2040232743295685,-0.1832315464703722,-0.23510237636567338,-0.05195351032054794,0.0,0.7071067811865475,-1.0615629010115046,58
2841,-0.12792277383035552,0.20480778859513823,1.8254808954748094,4.013951406735165,-0.05195351032054794,0.0,0.7071067811865475,0.9476263737640264,24
2842,-0.12792277383035552,-0.4996077428672151,-0.1832315464703722,-0.23510237636567338,-0.6844132059781843,0.7071067811865475,0.0,0.9476263737640264,22
2843,-0.12792277383035552,-1.2040232743295685,-0.1832315464703722,-0.23510237636567338,-0.6844132059781843,0.0,0.7071067811865475,-1.0615629010115046,39
2844,-0.12792277383035552,1.9658466172510216,-0.1832315464703722,-0.23510237636567338,-0.05195351032054794,0.7071067811865475,0.0,2.554977793584451,20
2845,-0.12792277383035552,0.9092233200574916,-0.1832315464703722,-0.23510237636567338,1.4237857795472701,0.7071067811865475,0.0,0.5457885188089201,46
2846,-0.12792277383035552,-1.2040232743295685,-0.1832315464703722,-0.23510237636567338,-0.4735933074256388,0.7071067811865475,0.0,-1.0615629010115046,38
2848,-0.12792277383035552,1.2614310857886681,-0.1832315464703722,-0.23510237636567338,-0.6844132059781843,0.0,0.7071067811865475,2.153139938629345,23
2851,-0.12792277383035552,0.20480778859513823,-0.1832315464703722,-0.23510237636567338,0.5805061853370884,0.7071067811865475,0.0,-1.0615629010115046,39
2852,-0.12792277383035552,1.2614310857886681,-0.1832315464703722,-0.23510237636567338,-0.6844132059781843,0.7071067811865475,0.0,0.9476263737640264,25
2854,-0.12792277383035552,1.613638851519845,-0.1832315464703722,-0.23510237636567338,3.321164866520179,0.7071067811865475,0.0,2.153139938629345,31
2855,-0.12792277383035552,-0.4996077428672151,-0.1832315464703722,-0.23510237636567338,-0.4735933074256388,0.0,0.7071067811865475,-0.25788719110129227,25
2856,-0.12792277383035552,0.5570155543263149,-0.1832315464703722,-0.23510237636567338,0.5805061853370884,0.7071067811865475,0.0,0.9476263737640264,26
2857,-0.12792277383035552,1.613638851519845,-0.1832315464703722,1.8894245151847455,-0.2627734088730934,0.7071067811865475,0.0,1.7513020836742388,25
2859,-0.12792277383035552,1.2614310857886681,-0.1832315464703722,-0.23510237636567338,1.6346056780998157,0.7071067811865475,0.0,-0.6597250460563985,37
2860,-0.12792277383035552,-1.2040232743295685,-0.1832315464703722,-0.23510237636567338,-0.6844132059781843,0.7071067811865475,0.0,-1.0615629010115046,36
2862,-0.12792277383035552,0.5570155543263149,-0.1832315464703722,-0.23510237636567338,-0.4735933074256388,0.7071067811865475,0.0,1.3494642287191325,26
2863,-0.12792277383035552,-0.8518155085983917,3.834193337419991,-0.23510237636567338,-0.05195351032054794,0.7071067811865475,0.0,0.14395066385381394,21
2864,-0.12792277383035552,-0.14739997713603842,-0.1832315464703722,-0.23510237636567338,0.7913260838896339,0.7071067811865475,0.0,-0.6597250460563985,35
2865,-0.12792277383035552,-0.14739997713603842,-0.1832315464703722,-0.23510237636567338,-0.2627734088730934,0.7071067811865475,0.0,0.9476263737640264,22
2867,-0.12792277383035552,-0.8518155085983917,-0.1832315464703722,-0.23510237636567338,-0.6844132059781843,0.7071067811865475,0.0,-0.25788719110129227,25
2869,-0.12792277383035552,-1.2040232743295685,-0.1832315464703722,-0.23510237636567338,-0.6844132059781843,0.0,0.7071067811865475,-1.0615629010115046,36
2870,-0.12792277383035552,0.9092233200574916,-0.1832315464703722,-0.23510237636567338,-0.2627734088730934,0.0,0.7071067811865475,1.3494642287191325,24
2871,-0.12792277383035552,1.613638851519845,-0.1832315464703722,1.8894245151847455,-0.6844132059781843,0.7071067811865475,0.0,2.153139938629345,21
2873,4.186499958852454,1.613638851519845,-0.1832315464703722,1.8894245151847455,2.4778852723099973,0.7071067811865475,0.0,0.9476263737640264,32
2874,-0.12792277383035552,-0.8518155085983917,-0.1832315464703722,-0.23510237636567338,-0.2627734088730934,0.0,0.7071067811865475,-0.6597250460563985,33
2875,-0.12792277383035552,1.613638851519845,-0.1832315464703722,-0.23510237636567338,1.4237857795472701,0.7071067811865475,0.0,0.9476263737640264,33
2879,-0.12792277383035552,-0.4996077428672151,-0.1832315464703722,-0.23510237636567338,-0.6844132059781843,0.0,0.7071067811865475,-1.0615629010115046,29
2880,-0.12792277383035552,-0.4996077428672151,-0.1832315464703722,-0.23510237636567338,1.0021459824421792,0.7071067811865475,0.0,-0.6597250460563985,50
2883,-0.12792277383035552,1.2614310857886681,-0.1832315464703722,-0.23510237636567338,2.2670653737574518,0.7071067811865475,0.0,0.5457885188089201,33
2885,-0.12792277383035552,1.2614310857886681,1.8254808954748094,-0.23510237636567338,2.0562454752049066,0.7071067811865475,0.0,2.153139938629345,37
2886,-0.12792277383035552,0.9092233200574916,-0.1832315464703722,-0.23510237636567338,1.2129658809947248,0.7071067811865475,0.0,0.5457885188089201,27
2887,-0.12792277383035552,-1.2040232743295685,-0.1832315464703722,-0.23510237636567338,-0.6844132059781843,0.0,0.7071067811865475,-0.6597250460563985,27
2891,-0.12792277383035552,0.20480778859513823,-0.1832315464703722,-0.23510237636567338,-0.4735933074256388,0.0,0.7071067811865475,0.5457885188089201,21
2892,-0.12792277383035552,-1.2040232743295685,-0.1832315464703722,-0.23510237636567338,-0.4735933074256388,0.7071067811865475,0.0,-1.0615629010115046,58
2893,-0.12792277383035552,1.2614310857886681,-0.1832315464703722,-0.23510237636567338,0.15886638823199753,0.7071067811865475,0.0,0.5457885188089201,27
2897,-0.12792277383035552,0.9092233200574916,-0.1832315464703722,-0.23510237636567338,-0.4735933074256388,0.7071067811865475,0.0,0.14395066385381394,28
2898,-0.12792277383035552,-0.4996077428672151,-0.1832315464703722,-0.23510237636567338,-0.6844132059781843,0.0,0.7071067811865475,-0.6597250460563985,31
2900,-0.12792277383035552,0.9092233200574916,-0.1832315464703722,-0.23510237636567338,-0.05195351032054794,0.0,0.7071067811865475,1.3494642287191325,24
2901,-0.12792277383035552,1.613638851519845,-0.1832315464703722,-0.23510237636567338,0.5805061853370884,0.7071067811865475,0.0,2.153139938629345,26
2902,-0.12792277383035552,-1.2040232743295685,-0.1832315464703722,-0.23510237636567338,-0.6844132059781843,0.0,0.7071067811865475,-1.0615629010115046,43
2907,-0.12792277383035552,0.5570155543263149,-0.1832315464703722,-0.23510237636567338,-0.05195351032054794,0.7071067811865475,0.0,0.5457885188089201,22
2908,-0.12792277383035552,0.20480778859513823,-0.1832315464703722,-0.23510237636567338,-0.6844132059781843,0.7071067811865475,0.0,0.9476263737640264,23
2910,-0.12792277383035552,-0.14739997713603842,-0.1832315464703722,-0.23510237636567338,-0.6844132059781843,0.0,0.7071067811865475,-1.0615629010115046,42
2913,-0.12792277383035552,1.9658466172510216,5.842905779365172,-0.23510237636567338,3.1103449679676336,0.0,0.7071067811865475,1.7513020836742388,30
2914,-0.12792277383035552,1.613638851519845,-0.1832315464703722,-0.23510237636567338,-0.4735933074256388,0.7071067811865475,0.0,1.3494642287191325,29
2915,-0.12792277383035552,-0.14739997713603842,-0.1832315464703722,-0.23510237636567338,-0.2627734088730934,0.7071067811865475,0.0,-0.6597250460563985,38
2917,-0.12792277383035552,-0.14739997713603842,-0.1832315464703722,1.8894245151847455,-0.05195351032054794,0.0,0.7071067811865475,0.14395066385381394,26
2922,-0.12792277383035552,0.9092233200574916,-0.1832315464703722,-0.23510237636567338,0.36968628678454296,0.0,0.7071067811865475,0.5457885188089201,51
2923,-0.12792277383035552,-1.2040232743295685,-0.1832315464703722,-0.23510237636567338,-0.6844132059781843,0.0,0.7071067811865475,-1.0615629010115046,36
2925,-0.12792277383035552,-1.2040232743295685,-0.1832315464703722,-0.23510237636567338,-0.6844132059781843,0.0,0.7071067811865475,-1.0615629010115046,62
2926,-0.12792277383035552,-0.4996077428672151,-0.1832315464703722,-0.23510237636567338,-0.6844132059781843,0.7071067811865475,0.0,0.14395066385381394,23
2927,-0.12792277383035552,0.20480778859513823,-0.1832315464703722,-0.23510237636567338,0.7913260838896339,0.7071067811865475,0.0,-0.25788719110129227,34
2928,-0.12792277383035552,-0.8518155085983917,-0.1832315464703722,-0.23510237636567338,-0.4735933074256388,0.0,0.7071067811865475,-1.0615629010115046,35
2929,-0.12792277383035552,-0.4996077428672151,-0.1832315464703722,-0.23510237636567338,-0.6844132059781843,0.7071067811865475,0.0,0.5457885188089201,22
2930,-0.12792277383035552,1.9658466172510216,-0.1832315464703722,-0.23510237636567338,1.4237857795472701,0.0,0.7071067811865475,1.7513020836742388,29
2931,-0.12792277383035552,-0.8518155085983917,-0.1832315464703722,-0.23510237636567338,-0.6844132059781843,0.7071067811865475,0.0,-1.0615629010115046,40
2932,-0.12792277383035552,-0.8518155085983917,-0.1832315464703722,-0.23510237636567338,-0.2627734088730934,0.7071067811865475,0.0,-1.0615629010115046,36
2933,-0.12792277383035552,1.2614310857886681,-0.1832315464703722,-0.23510237636567338,1.0021459824421792,0.7071067811865475,0.0,0.5457885188089201,26
2934,-0.12792277383035552,-0.4996077428672151,-0.1832315464703722,-0.23510237636567338,-0.4735933074256388,0.7071067811865475,0.0,0.14395066385381394,25
2935,-0.12792277383035552,-1.2040232743295685,-0.1832315464703722,-0.23510237636567338,-0.6844132059781843,0.0,0.7071067811865475,-1.0615629010115046,69
2936,-0.12792277383035552,-0.14739997713603842,1.8254808954748094,-0.23510237636567338,-0.4735933074256388,0.7071067811865475,0.0,-0.25788719110129227,27
2937,-0.12792277383035552,0.20480778859513823,-0.1832315464703722,-0.23510237636567338,-0.6844132059781843,0.7071067811865475,0.0,2.153139938629345,20
2938,-0.12792277383035552,-1.2040232743295685,-0.1832315464703722,-0.23510237636567338,-0.4735933074256388,0.7071067811865475,0.0,-0.6597250460563985,27
2939,-0.12792277383035552,0.5570155543263149,-0.1832315464703722,-0.23510237636567338,0.5805061853370884,0.0,0.7071067811865475,1.3494642287191325,24
2943,-0.12792277383035552,-1.2040232743295685,-0.1832315464703722,-0.23510237636567338,-0.6844132059781843,0.7071067811865475,0.0,-1.0615629010115046,42
2946,-0.12792277383035552,-0.4996077428672151,-0.1832315464703722,-0.23510237636567338,-0.4735933074256388,0.7071067811865475,0.0,-0.6597250460563985,25
2951,-0.12792277383035552,-0.14739997713603842,-0.1832315464703722,-0.23510237636567338,-0.6844132059781843,0.7071067811865475,0.0,0.14395066385381394,25
2952,-0.12792277383035552,-0.4996077428672151,-0.1832315464703722,-0.23510237636567338,-0.6844132059781843,0.7071067811865475,0.0,0.5457885188089201,22
2954,-0.12792277383035552,-0.14739997713603842,-0.1832315464703722,-0.23510237636567338,-0.6844132059781843,0.7071067811865475,0.0,1.3494642287191325,21
2955,-0.12792277383035552,-0.8518155085983917,-0.1832315464703722,-0.23510237636567338,-0.4735933074256388,0.0,0.7071067811865475,-0.25788719110129227,30
2956,-0.12792277383035552,0.20480778859513823,-0.1832315464703722,-0.23510237636567338,1.2129658809947248,0.0,0.7071067811865475,-0.6597250460563985,46
2959,-0.12792277383035552,0.9092233200574916,-0.1832315464703722,-0.23510237636567338,-0.2627734088730934,0.0,0.7071067811865475,1.3494642287191325,26
2961,-0.12792277383035552,0.20480778859513823,-0.1832315464703722,-0.23510237636567338,-0.6844132059781843,0.7071067811865475,0.0,0.9476263737640264,33
2962,-0.12792277383035552,-1.2040232743295685,-0.1832315464703722,-0.23510237636567338,-0.4735933074256388,0.0,0.7071067811865475,-0.6597250460563985,40
2963,-0.12792277383035552,-0.14739997713603842,-0.1832315464703722,-0.23510237636567338,-0.6844132059781843,0.7071067811865475,0.0,-0.25788719110129227,34
2964,-0.12792277383035552,-0.8518155085983917,-0.1832315464703722,-0.23510237636567338,-0.4735933074256388,0.7071067811865475,0.0,-0.25788719110129227,22
2965,-0.12792277383035552,0.20480778859513823,-0.1832315464703722,-0.23510237636567338,-0.05195351032054794,0.0,0.7071067811865475,0.5457885188089201,28
2968,-0.12792277383035552,-0.4996077428672151,-0.1832315464703722,-0.23510237636567338,0.15886638823199753,0.0,0.7071067811865475,-0.6597250460563985,31
2969,-0.12792277383035552,-1.2040232743295685,-0.1832315464703722,-0.23510237636567338,-0.05195351032054794,0.0,0.7071067811865475,-1.0615629010115046,59
2970,-0.12792277383035552,-0.8518155085983917,-0.1832315464703722,-0.23510237636567338,-0.6844132059781843,0.7071067811865475,0.0,-1.0615629010115046,37
2972,-0.12792277383035552,-1.2040232743295685,-0.1832315464703722,-0.23510237636567338,-0.6844132059781843,0.7071067811865475,0.0,-1.0615629010115046,50
2974,-0.12792277383035552,0.20480778859513823,-0.1832315464703722,-0.23510237636567338,1.0021459824421792,0.7071067811865475,0.0,-0.6597250460563985,57
2976,-0.12792277383035552,0.20480778859513823,-0.1832315464703722,-0.23510237636567338,0.36968628678454296,0.0,0.7071067811865475,0.5457885188089201,31
2979,-0.12792277383035552,1.2614310857886681,-0.1832315464703722,-0.23510237636567338,1.2129658809947248,0.7071067811865475,0.0,0.9476263737640264,44
2982,-0.12792277383035552,1.613638851519845,-0.1832315464703722,-0.23510237636567338,0.36968628678454296,0.7071067811865475,0.0,-0.6597250460563985,48
2983,-0.12792277383035552,-0.14739997713603842,-0.1832315464703722,-0.23510237636567338,-0.6844132059781843,0.7071067811865475,0.0,-0.25788719110129227,25
2984,-0.12792277383035552,-0.4996077428672151,-0.1832315464703722,-0.23510237636567338,0.36968628678454296,0.0,0.7071067811865475,-0.25788719110129227,51
2985,-0.12792277383035552,-1.2040232743295685,-0.1832315464703722,-0.23510237636567338,-0.6844132059781843,0.7071067811865475,0.0,-1.0615629010115046,50
2988,-0.12792277383035552,-1.2040232743295685,-0.1832315464703722,-0.23510237636567338,-0.2627734088730934,0.7071067811865475,0.0,-1.0615629010115046,57
2990,-0.12792277383035552,-1.2040232743295685,-0.1832315464703722,-0.23510237636567338,-0.6844132059781843,0.0,0.7071067811865475,-1.0615629010115046,55
2991,-0.12792277383035552,-0.4996077428672151,-0.1832315464703722,-0.23510237636567338,0.15886638823199753,0.7071067811865475,0.0,-1.0615629010115046,59
2992,-0.12792277383035552,-1.2040232743295685,-0.1832315464703722,-0.23510237636567338,-0.6844132059781843,0.7071067811865475,0.0,-1.0615629010115046,42
2993,4.186499958852454,1.2614310857886681,-0.1832315464703722,-0.23510237636567338,-0.2627734088730934,0.7071067811865475,0.0,2.153139938629345,20
2996,-0.12792277383035552,-0.14739997713603842,-0.1832315464703722,-0.23510237636567338,-0.6844132059781843,0.7071067811865475,0.0,0.5457885188089201,21
2997,-0.12792277383035552,1.613638851519845,-0.1832315464703722,-0.23510237636567338,3.7428046636252703,0.7071067811865475,0.0,1.7513020836742388,32
2998,-0.12792277383035552,-0.14739997713603842,-0.1832315464703722,-0.23510237636567338,-0.6844132059781843,0.0,0.7071067811865475,0.14395066385381394,24
3003,-0.12792277383035552,-0.14739997713603842,-0.1832315464703722,-0.23510237636567338,-0.4735933074256388,0.7071067811865475,0.0,-0.6597250460563985,42
3004,-0.12792277383035552,1.2614310857886681,-0.1832315464703722,-0.23510237636567338,1.0021459824421792,0.7071067811865475,0.0,0.14395066385381394,29
3005,-0.12792277383035552,0.5570155543263149,-0.1832315464703722,-0.23510237636567338,-0.4735933074256388,0.7071067811865475,0.0,0.9476263737640264,21
3010,-0.12792277383035552,-1.2040232743295685,-0.1832315464703722,-0.23510237636567338,-0.6844132059781843,0.0,0.7071067811865475,-1.0615629010115046,58
3014,-0.12792277383035552,0.9092233200574916,-0.1832315464703722,1.8894245151847455,-0.4735933074256388,0.7071067811865475,0.0,1.7513020836742388,22
3015,-0.12792277383035552,-1.2040232743295685,-0.1832315464703722,-0.23510237636567338,-0.4735933074256388,0.0,0.7071067811865475,-1.0615629010115046,46
3019,-0.12792277383035552,-0.8518155085983917,-0.1832315464703722,-0.23510237636567338,-0.6844132059781843,0.0,0.7071067811865475,-1.0615629010115046,50
3020,-0.12792277383035552,1.613638851519845,-0.1832315464703722,-0.23510237636567338,-0.2627734088730934,0.7071067811865475,0.0,0.14395066385381394,46
3021,-0.12792277383035552,1.2614310857886681,1.8254808954748094,-0.23510237636567338,1.6346056780998157,0.7071067811865475,0.0,0.5457885188089201,44
3022,-0.12792277383035552,0.20480778859513823,-0.1832315464703722,-0.23510237636567338,0.15886638823199753,0.0,0.7071067811865475,0.9476263737640264,35
3023,-0.12792277383035552,1.613638851519845,1.8254808954748094,-0.23510237636567338,2.2670653737574518,0.7071067811865475,0.0,1.3494642287191325,30
3025,-0.12792277383035552,0.20480778859513823,-0.1832315464703722,-0.23510237636567338,-0.2627734088730934,0.7071067811865475,0.0,0.14395066385381394,42
3027,-0.12792277383035552,-1.2040232743295685,-0.1832315464703722,-0.23510237636567338,0.36968628678454296,0.7071067811865475,0.0,-1.0615629010115046,46
3029,-0.12792277383035552,1.9658466172510216,-0.1832315464703722,-0.23510237636567338,-0.6844132059781843,0.7071067811865475,0.0,0.9476263737640264,42
3031,-0.12792277383035552,1.9658466172510216,-0.1832315464703722,-0.23510237636567338,0.7913260838896339,0.7071067811865475,0.0,1.7513020836742388,29
3032,-0.12792277383035552,-0.14739997713603842,-0.1832315464703722,1.8894245151847455,1.0021459824421792,0.7071067811865475,0.0,-0.6597250460563985,32
3033,-0.12792277383035552,0.5570155543263149,-0.1832315464703722,-0.23510237636567338,0.36968628678454296,0.7071067811865475,0.0,0.14395066385381394,31
3034,-0.12792277383035552,-1.2040232743295685,-0.1832315464703722,-0.23510237636567338,-0.4735933074256388,0.0,0.7071067811865475,-0.6597250460563985,33
3035,-0.12792277383035552,-0.14739997713603842,-0.1832315464703722,-0.23510237636567338,0.15886638823199753,0.7071067811865475,0.0,0.14395066385381394,25
3036,-0.12792277383035552,-1.2040232743295685,-0.1832315464703722,-0.23510237636567338,-0.6844132059781843,0.0,0.7071067811865475,-1.0615629010115046,33
3037,-0.12792277383035552,0.20480778859513823,-0.1832315464703722,-0.23510237636567338,-0.4735933074256388,0.7071067811865475,0.0,2.153139938629345,21
3039,-0.12792277383035552,-1.2040232743295685,-0.1832315464703722,-0.23510237636567338,-0.4735933074256388,0.7071067811865475,0.0,-1.0615629010115046,35
3040,-0.12792277383035552,-1.2040232743295685,-0.1832315464703722,-0.23510237636567338,-0.4735933074256388,0.7071067811865475,0.0,-1.0615629010115046,56
3041,-0.12792277383035552,-0.4996077428672151,-0.1832315464703722,-0.23510237636567338,-0.6844132059781843,0.0,0.7071067811865475,-1.0615629010115046,38
3042,-0.12792277383035552,-1.2040232743295685,-0.1832315464703722,-0.23510237636567338,0.15886638823199753,0.0,0.7071067811865475,-1.0615629010115046,40
3046,-0.12792277383035552,-0.14739997713603842,-0.1832315464703722,1.8894245151847455,0.15886638823199753,0.7071067811865475,0.0,-0.25788719110129227,28
3051,-0.12792277383035552,-1.2040232743295685,-0.1832315464703722,-0.23510237636567338,-0.6844132059781843,0.0,0.7071067811865475,-1.0615629010115046,51
3053,-0.12792277383035552,-0.8518155085983917,-0.1832315464703722,-0.23510237636567338,-0.2627734088730934,0.0,0.7071067811865475,-0.6597250460563985,35
3055,-0.12792277383035552,-0.8518155085983917,-0.1832315464703722,-0.23510237636567338,0.36968628678454296,0.7071067811865475,0.0,-1.0615629010115046,61
3056,-0.12792277383035552,-0.4996077428672151,-0.1832315464703722,-0.23510237636567338,-0.6844132059781843,0.7071067811865475,0.0,0.14395066385381394,25
3057,-0.12792277383035552,0.9092233200574916,-0.1832315464703722,-0.23510237636567338,0.15886638823199753,0.7071067811865475,0.0,-0.25788719110129227,25
3058,-0.12792277383035552,0.20480778859513823,-0.1832315464703722,-0.23510237636567338,-0.6844132059781843,0.0,0.7071067811865475,0.14395066385381394,26
3064,-0.12792277383035552,-1.2040232743295685,-0.1832315464703722,-0.23510237636567338,-0.4735933074256388,0.0,0.7071067811865475,-1.0615629010115046,42
3066,-0.12792277383035552,-0.14739997713603842,-0.1832315464703722,-0.23510237636567338,-0.4735933074256388,0.7071067811865475,0.0,0.14395066385381394,25
3067,-0.12792277383035552,1.9658466172510216,1.8254808954748094,-0.23510237636567338,2.0562454752049066,0.0,0.7071067811865475,2.153139938629345,26
3068,-0.12792277383035552,0.9092233200574916,-0.1832315464703722,-0.23510237636567338,1.2129658809947248,0.7071067811865475,0.0,-0.25788719110129227,31
3069,-0.12792277383035552,-0.8518155085983917,-0.1832315464703722,1.8894245151847455,-0.4735933074256388,0.7071067811865475,0.0,-1.0615629010115046,35
3074,-0.12792277383035552,-1.2040232743295685,-0.1832315464703722,-0.23510237636567338,-0.6844132059781843,0.7071067811865475,0.0,-1.0615629010115046,34
3078,-0.12792277383035552,-0.8518155085983917,-0.1832315464703722,-0.23510237636567338,-0.4735933074256388,0.0,0.7071067811865475,-0.6597250460563985,33
3081,-0.12792277383035552,-0.8518155085983917,-0.1832315464703722,1.8894245151847455,-0.05195351032054794,0.7071067811865475,0.0,-0.6597250460563985,30
3084,-0.12792277383035552,-0.14739997713603842,-0.1832315464703722,-0.23510237636567338,0.7913260838896339,0.0,0.7071067811865475,-1.0615629010115046,50
3085,-0.12792277383035552,0.20480778859513823,-0.1832315464703722,-0.23510237636567338,-0.6844132059781843,0.7071067811865475,0.0,1.3494642287191325,21
3086,-0.12792277383035552,1.9658466172510216,-0.1832315464703722,-0.23510237636567338,2.688705170862543,0.7071067811865475,0.0,0.9476263737640264,31
3087,-0.12792277383035552,0.9092233200574916,-0.1832315464703722,-0.23510237636567338,-0.2627734088730934,0.7071067811865475,0.0,-0.25788719110129227,31
3089,-0.12792277383035552,-0.14739997713603842,-0.1832315464703722,-0.23510237636567338,-0.6844132059781843,0.0,0.7071067811865475,0.14395066385381394,23
3090,-0.12792277383035552,0.5570155543263149,-0.1832315464703722,-0.23510237636567338,-0.4735933074256388,0.7071067811865475,0.0,0.9476263737640264,25
3093,-0.12792277383035552,0.20480778859513823,-0.1832315464703722,-0.23510237636567338,-0.4735933074256388,0.7071067811865475,0.0,0.14395066385381394,24
3094,-0.12792277383035552,1.9658466172510216,-0.1832315464703722,-0.23510237636567338,2.0562454752049066,0.0,0.7071067811865475,2.153139938629345,31
3096,-0.12792277383035552,-1.2040232743295685,-0.1832315464703722,-0.23510237636567338,-0.6844132059781843,0.7071067811865475,0.0,-1.0615629010115046,60
3101,-0.12792277383035552,-0.8518155085983917,-0.1832315464703722,-0.23510237636567338,-0.2627734088730934,0.7071067811865475,0.0,-0.25788719110129227,30
3104,-0.12792277383035552,-1.2040232743295685,-0.1832315464703722,-0.23510237636567338,-0.6844132059781843,0.0,0.7071067811865475,-1.0615629010115046,32
3107,-0.12792277383035552,-1.2040232743295685,-0.1832315464703722,-0.23510237636567338,-0.6844132059781843,0.0,0.7071067811865475,-1.0615629010115046,46
3110,-0.12792277383035552,-0.14739997713603842,-0.1832315464703722,1.8894245151847455,-0.6844132059781843,0.0,0.7071067811865475,0.5457885188089201,21
3112,-0.12792277383035552,1.2614310857886681,-0.1832315464703722,-0.23510237636567338,-0.6844132059781843,0.7071067811865475,0.0,-0.6597250460563985,35
3113,-0.12792277383035552,-0.4996077428672151,-0.1832315464703722,-0.23510237636567338,-0.2627734088730934,0.7071067811865475,0.0,-0.6597250460563985,34
3114,-0.12792277383035552,1.2614310857886681,-0.1832315464703722,-0.23510237636567338,-0.2627734088730934,0.7071067811865475,0.0,-0.6597250460563985,41
3116,-0.12792277383035552,1.9658466172510216,-0.1832315464703722,-0.23510237636567338,-0.4735933074256388,0.7071067811865475,0.0,2.554977793584451,23
3117,-0.12792277383035552,0.5570155543263149,-0.1832315464703722,-0.23510237636567338,-0.05195351032054794,0.7071067811865475,0.0,0.5457885188089201,23
3118,-0.12792277383035552,-0.14739997713603842,-0.1832315464703722,-0.23510237636567338,-0.2627734088730934,0.0,0.7071067811865475,-0.25788719110129227,28
3120,-0.12792277383035552,-0.14739997713603842,-0.1832315464703722,-0.23510237636567338,-0.6844132059781843,0.7071067811865475,0.0,0.9476263737640264,21
3122,-0.12792277383035552,-0.14739997713603842,-0.1832315464703722,1.8894245151847455,-0.2627734088730934,0.0,0.7071067811865475,-1.0615629010115046,46
3129,-0.12792277383035552,-0.8518155085983917,-0.1832315464703722,-0.23510237636567338,-0.4735933074256388,0.7071067811865475,0.0,-1.0615629010115046,56
3131,-0.12792277383035552,0.20480778859513823,-0.1832315464703722,-0.23510237636567338,1.0021459824421792,0.7071067811865475,0.0,-0.6597250460563985,40
3132,-0.12792277383035552,-0.4996077428672151,-0.1832315464703722,-0.23510237636567338,0.36968628678454296,0.7071067811865475,0.0,-0.6597250460563985,30
3134,-0.12792277383035552,-0.14739997713603842,-0.1832315464703722,-0.23510237636567338,-0.4735933074256388,0.0,0.7071067811865475,0.9476263737640264,24
3136,-0.12792277383035552,-1.2040232743295685,-0.1832315464703722,-0.23510237636567338,-0.6844132059781843,0.0,0.7071067811865475,-1.0615629010115046,33
3137,-0.12792277383035552,1.2614310857886681,-0.1832315464703722,-0.23510237636567338,-0.2627734088730934,0.0,0.7071067811865475,0.5457885188089201,48
3138,-0.12792277383035552,0.5570155543263149,-0.1832315464703722,-0.23510237636567338,1.6346056780998157,0.7071067811865475,0.0,-0.6597250460563985,33
3139,-0.12792277383035552,0.9092233200574916,-0.1832315464703722,-0.23510237636567338,-0.6844132059781843,0.7071067811865475,0.0,0.5457885188089201,25
3145,-0.12792277383035552,0.20480778859513823,1.8254808954748094,1.8894245151847455,0.7913260838896339,0.7071067811865475,0.0,-0.25788719110129227,30
3146,-0.12792277383035552,-0.4996077428672151,-0.1832315464703722,-0.23510237636567338,-0.6844132059781843,0.7071067811865475,0.0,-0.6597250460563985,37
3152,-0.12792277383035552,1.2614310857886681,-0.1832315464703722,-0.23510237636567338,0.7913260838896339,0.7071067811865475,0.0,0.14395066385381394,43
3153,-0.12792277383035552,-0.4996077428672151,-0.1832315464703722,-0.23510237636567338,-0.6844132059781843,0.7071067811865475,0.0,-0.6597250460563985,32
3154,-0.12792277383035552,0.9092233200574916,-0.1832315464703722,-0.23510237636567338,-0.05195351032054794,0.7071067811865475,0.0,-0.6597250460563985,33
3155,-0.12792277383035552,-0.8518155085983917,1.8254808954748094,-0.23510237636567338,0.15886638823199753,0.7071067811865475,0.0,-1.0615629010115046,39
3156,-0.12792277383035552,-1.2040232743295685,-0.1832315464703722,-0.23510237636567338,0.15886638823199753,0.7071067811865475,0.0,-0.6597250460563985,49
3157,-0.12792277383035552,-0.14739997713603842,-0.1832315464703722,-0.23510237636567338,-0.6844132059781843,0.7071067811865475,0.0,0.5457885188089201,24
3158,-0.12792277383035552,1.613638851519845,-0.1832315464703722,-0.23510237636567338,-0.4735933074256388,0.7071067811865475,0.0,1.7513020836742388,26
3159,-0.12792277383035552,-0.8518155085983917,-0.1832315464703722,-0.23510237636567338,-0.6844132059781843,0.7071067811865475,0.0,-1.0615629010115046,42
3160,-0.12792277383035552,0.5570155543263149,-0.1832315464703722,-0.23510237636567338,-0.4735933074256388,0.7071067811865475,0.0,0.9476263737640264,22
3161,-0.12792277383035552,-1.2040232743295685,-0.1832315464703722,-0.23510237636567338,-0.6844132059781843,0.7071067811865475,0.0,-1.0615629010115046,36
3162,-0.12792277383035552,0.9092233200574916,-0.1832315464703722,1.8894245151847455,0.7913260838896339,0.0,0.7071067811865475,0.9476263737640264,29
3163,-0.12792277383035552,-0.4996077428672151,-0.1832315464703722,-0.23510237636567338,-0.6844132059781843,0.0,0.7071067811865475,-0.25788719110129227,39
3164,-0.12792277383035552,0.5570155543263149,3.834193337419991,1.8894245151847455,2.0562454752049066,0.7071067811865475,0.0,-0.25788719110129227,27
3165,-0.12792277383035552,0.20480778859513823,-0.1832315464703722,-0.23510237636567338,-0.2627734088730934,0.7071067811865475,0.0,-0.25788719110129227,38
3166,-0.12792277383035552,-0.8518155085983917,-0.1832315464703722,-0.23510237636567338,-0.6844132059781843,0.7071067811865475,0.0,0.5457885188089201,20
3168,4.186499958852454,1.9658466172510216,-0.1832315464703722,-0.23510237636567338,0.15886638823199753,0.7071067811865475,0.0,1.3494642287191325,25
3169,-0.12792277383035552,-1.2040232743295685,-0.1832315464703722,-0.23510237636567338,-0.6844132059781843,0.0,0.7071067811865475,-1.0615629010115046,53
3170,-0.12792277383035552,1.2614310857886681,-0.1832315464703722,-0.23510237636567338,-0.6844132059781843,0.0,0.7071067811865475,0.14395066385381394,27
3174,-0.12792277383035552,0.20480778859513823,-0.1832315464703722,-0.23510237636567338,-0.6844132059781843,0.7071067811865475,0.0,1.7513020836742388,21
3175,-0.12792277383035552,-1.2040232743295685,-0.1832315464703722,-0.23510237636567338,-0.4735933074256388,0.0,0.7071067811865475,-1.0615629010115046,50
3176,-0.12792277383035552,0.20480778859513823,-0.1832315464703722,-0.23510237636567338,0.15886638823199753,0.7071067811865475,0.0,-0.6597250460563985,41
3178,-0.12792277383035552,1.2614310857886681,-0.1832315464703722,4.013951406735165,0.36968628678454296,0.7071067811865475,0.0,0.9476263737640264,22
3181,-0.12792277383035552,0.9092233200574916,-0.1832315464703722,4.013951406735165,-0.6844132059781843,0.7071067811865475,0.0,0.9476263737640264,22
3182,-0.12792277383035552,0.20480778859513823,-0.1832315464703722,-0.23510237636567338,-0.2627734088730934,0.7071067811865475,0.0,-0.25788719110129227,25
3183,-0.12792277383035552,-0.14739997713603842,-0.1832315464703722,-0.23510237636567338,-0.4735933074256388,0.7071067811865475,0.0,-0.25788719110129227,42
3188,-0.12792277383035552,-1.2040232743295685,-0.1832315464703722,-0.23510237636567338,-0.2627734088730934,0.7071067811865475,0.0,-1.0615629010115046,51
3190,-0.12792277383035552,-0.4996077428672151,-0.1832315464703722,1.8894245151847455,-0.6844132059781843,0.7071067811865475,0.0,0.5457885188089201,24
3191,-0.12792277383035552,-0.14739997713603842,-0.1832315464703722,-0.23510237636567338,0.15886638823199753,0.7071067811865475,0.0,-0.6597250460563985,37
3192,-0.12792277383035552,-1.2040232743295685,-0.1832315464703722,-0.23510237636567338,-0.6844132059781843,0.0,0.7071067811865475,-1.0615629010115046,37
3197,-0.12792277383035552,-0.8518155085983917,-0.1832315464703722,-0.23510237636567338,-0.6844132059781843,0.0,0.7071067811865475,-0.6597250460563985,27
3198,-0.12792277383035552,0.5570155543263149,-0.1832315464703722,-0.23510237636567338,-0.6844132059781843,0.7071067811865475,0.0,0.9476263737640264,21
3200,-0.12792277383035552,-1.2040232743295685,-0.1832315464703722,-0.23510237636567338,-0.4735933074256388,0.7071067811865475,0.0,-1.0615629010115046,35
3203,-0.12792277383035552,1.2614310857886681,-0.1832315464703722,-0.23510237636567338,-0.6844132059781843,0.7071067811865475,0.0,0.5457885188089201,24
3205,-0.12792277383035552,-1.2040232743295685,-0.1832315464703722,-0.23510237636567338,-0.2627734088730934,0.0,0.7071067811865475,-1.0615629010115046,49
3206,-0.12792277383035552,0.5570155543263149,-0.1832315464703722,-0.23510237636567338,1.2129658809947248,0.7071067811865475,0.0,1.7513020836742388,38
3207,-0.12792277383035552,-1.2040232743295685,-0.1832315464703722,-0.23510237636567338,-0.6844132059781843,0.0,0.7071067811865475,-1.0615629010115046,61
3208,-0.12792277383035552,-0.8518155085983917,-0.1832315464703722,-0.23510237636567338,-0.6844132059781843,0.0,0.7071067811865475,-0.6597250460563985,30
3209,-0.12792277383035552,0.5570155543263149,-0.1832315464703722,-0.23510237636567338,-0.05195351032054794,0.7071067811865475,0.0,0.5457885188089201,22
3212,-0.12792277383035552,0.9092233200574916,-0.1832315464703722,-0.23510237636567338,-0.6844132059781843,0.7071067811865475,0.0,-0.25788719110129227,25
3214,-0.12792277383035552,-0.4996077428672151,-0.1832315464703722,-0.23510237636567338,-0.05195351032054794,0.0,0.7071067811865475,-0.6597250460563985,30
3215,-0.12792277383035552,-1.2040232743295685,-0.1832315464703722,-0.23510237636567338,-0.6844132059781843,0.0,0.7071067811865475,-1.0615629010115046,52
3217,-0.12792277383035552,-0.8518155085983917,-0.1832315464703722,-0.23510237636567338,-0.6844132059781843,0.7071067811865475,0.0,-0.25788719110129227,26
3218,-0.12792277383035552,-0.14739997713603842,-0.1832315464703722,-0.23510237636567338,-0.6844132059781843,0.0,0.7071067811865475,-0.6597250460563985,26
3223,-0.12792277383035552,1.613638851519845,-0.1832315464703722,-0.23510237636567338,1.2129658809947248,0.7071067811865475,0.0,0.14395066385381394,45
3225,-0.12792277383035552,1.613638851519845,-0.1832315464703722,-0.23510237636567338,-0.6844132059781843,0.7071067811865475,0.0,1.3494642287191325,20
3226,-0.12792277383035552,1.2614310857886681,-0.1832315464703722,-0.23510237636567338,0.15886638823199753,0.7071067811865475,0.0,2.153139938629345,29
3227,-0.12792277383035552,0.5570155543263149,-0.1832315464703722,-0.23510237636567338,-0.4735933074256388,0.7071067811865475,0.0,0.14395066385381394,43
3229,-0.12792277383035552,0.20480778859513823,-0.1832315464703722,-0.23510237636567338,-0.2627734088730934,0.7071067811865475,0.0,0.9476263737640264,26
3230,-0.12792277383035552,-0.14739997713603842,-0.1832315464703722,-0.23510237636567338,0.15886638823199753,0.7071067811865475,0.0,-0.25788719110129227,46
3232,-0.12792277383035552,-1.2040232743295685,-0.1832315464703722,-0.23510237636567338,-0.6844132059781843,0.7071067811865475,0.0,-1.0615629010115046,46
3236,-0.12792277383035552,1.9658466172510216,-0.1832315464703722,-0.23510237636567338,1.845425576652361,0.7071067811865475,0.0,1.3494642287191325,29
3237,-0.12792277383035552,-1.2040232743295685,-0.1832315464703722,-0.23510237636567338,-0.6844132059781843,0.0,0.7071067811865475,-1.0615629010115046,41
3240,-0.12792277383035552,0.9092233200574916,-0.1832315464703722,-0.23510237636567338,0.36968628678454296,0.7071067811865475,0.0,-0.25788719110129227,25
3242,2.0292885925110493,0.9092233200574916,-0.1832315464703722,-0.23510237636567338,-0.2627734088730934,0.7071067811865475,0.0,0.5457885188089201,23
3246,-0.12792277383035552,-0.4996077428672151,-0.1832315464703722,-0.23510237636567338,-0.6844132059781843,0.0,0.7071067811865475,-0.6597250460563985,30
3247,-0.12792277383035552,0.5570155543263149,-0.1832315464703722,-0.23510237636567338,-0.4735933074256388,0.7071067811865475,0.0,0.14395066385381394,34
3248,-0.12792277383035552,-1.2040232743295685,-0.1832315464703722,-0.23510237636567338,1.6346056780998157,0.7071067811865475,0.0,-1.0615629010115046,70
3250,-0.12792277383035552,-1.2040232743295685,-0.1832315464703722,-0.23510237636567338,-0.2627734088730934,0.7071067811865475,0.0,-1.0615629010115046,52
3255,-0.12792277383035552,-0.8518155085983917,-0.1832315464703722,-0.23510237636567338,0.15886638823199753,0.0,0.7071067811865475,-0.6597250460563985,51
3259,-0.12792277383035552,1.9658466172510216,-0.1832315464703722,-0.23510237636567338,2.4778852723099973,0.7071067811865475,0.0,2.153139938629345,45
3260,-0.12792277383035552,0.5570155543263149,-0.1832315464703722,-0.23510237636567338,3.7428046636252703,0.7071067811865475,0.0,0.5457885188089201,55
3261,-0.12792277383035552,-1.2040232743295685,-0.1832315464703722,-0.23510237636567338,-0.4735933074256388,0.7071067811865475,0.0,-1.0615629010115046,49
3265,-0.12792277383035552,-1.2040232743295685,-0.1832315464703722,-0.23510237636567338,-0.6844132059781843,0.7071067811865475,0.0,-1.0615629010115046,47
3267,-0.12792277383035552,-0.8518155085983917,-0.1832315464703722,-0.23510237636567338,-0.6844132059781843,0.0,0.7071067811865475,-0.25788719110129227,27
3268,-0.12792277383035552,0.9092233200574916,3.834193337419991,-0.23510237636567338,0.36968628678454296,0.0,0.7071067811865475,0.14395066385381394,25
3270,-0.12792277383035552,1.9658466172510216,1.8254808954748094,-0.23510237636567338,-0.4735933074256388,0.7071067811865475,0.0,2.153139938629345,21
3272,-0.12792277383035552,1.9658466172510216,-0.1832315464703722,1.8894245151847455,4.796904156387997,0.7071067811865475,0.0,1.7513020836742388,37
3273,-0.12792277383035552,1.613638851519845,-0.1832315464703722,-0.23510237636567338,-0.4735933074256388,0.7071067811865475,0.0,2.153139938629345,21
3274,-0.12792277383035552,0.5570155543263149,-0.1832315464703722,-0.23510237636567338,-0.6844132059781843,0.7071067811865475,0.0,0.9476263737640264,21
3278,-0.12792277383035552,1.9658466172510216,-0.1832315464703722,-0.23510237636567338,0.15886638823199753,0.7071067811865475,0.0,2.153139938629345,25
3280,-0.12792277383035552,0.20480778859513823,-0.1832315464703722,-0.23510237636567338,-0.05195351032054794,0.7071067811865475,0.0,-0.25788719110129227,27
3281,-0.12792277383035552,-0.14739997713603842,-0.1832315464703722,-0.23510237636567338,-0.05195351032054794,0.7071067811865475,0.0,0.14395066385381394,30
3283,-0.12792277383035552,-1.2040232743295685,-0.1832315464703722,-0.23510237636567338,-0.6844132059781843,0.0,0.7071067811865475,-1.0615629010115046,70
3284,-0.12792277383035552,1.613638851519845,-0.1832315464703722,-0.23510237636567338,1.6346056780998157,0.7071067811865475,0.0,0.14395066385381394,37
3285,-0.12792277383035552,0.20480778859513823,-0.1832315464703722,-0.23510237636567338,0.36968628678454296,0.7071067811865475,0.0,1.3494642287191325,46
3286,-0.12792277383035552,-1.2040232743295685,-0.1832315464703722,-0.23510237636567338,0.15886638823199753,0.0,0.7071067811865475,-1.0615629010115046,40
3288,-0.12792277383035552,-0.14739997713603842,-0.1832315464703722,-0.23510237636567338,3.1103449679676336,0.7071067811865475,0.0,-0.25788719110129227,43
3289,-0.12792277383035552,0.5570155543263149,-0.1832315464703722,-0.23510237636567338,2.4778852723099973,0.7071067811865475,0.0,0.5457885188089201,38
3290,-0.12792277383035552,-0.14739997713603842,-0.1832315464703722,-0.23510237636567338,-0.6844132059781843,0.7071067811865475,0.0,-0.6597250460563985,29
3291,-0.12792277383035552,-0.8518155085983917,-0.1832315464703722,-0.23510237636567338,1.0021459824421792,0.0,0.7071067811865475,-0.25788719110129227,37
3292,-0.12792277383035552,-0.14739997713603842,-0.1832315464703722,-0.23510237636567338,-0.05195351032054794,0.7071067811865475,0.0,-1.0615629010115046,38
3293,-0.12792277383035552,-0.4996077428672151,-0.1832315464703722,-0.23510237636567338,-0.6844132059781843,0.7071067811865475,0.0,-0.6597250460563985,27
3294,-0.12792277383035552,0.20480778859513823,-0.1832315464703722,-0.23510237636567338,-0.6844132059781843,0.0,0.7071067811865475,1.3494642287191325,20
3295,-0.12792277383035552,-1.2040232743295685,-0.1832315464703722,-0.23510237636567338,-0.6844132059781843,0.0,0.7071067811865475,-1.0615629010115046,44
3298,-0.12792277383035552,0.20480778859513823,-0.1832315464703722,-0.23510237636567338,0.5805061853370884,0.0,0.7071067811865475,0.5457885188089201,31
3299,-0.12792277383035552,-0.8518155085983917,-0.1832315464703722,-0.23510237636567338,-0.05195351032054794,0.7071067811865475,0.0,-0.25788719110129227,29
3301,-0.12792277383035552,-0.8518155085983917,-0.1832315464703722,-0.23510237636567338,-0.6844132059781843,0.0,0.7071067811865475,-0.6597250460563985,30
3302,-0.12792277383035552,0.20480778859513823,-0.1832315464703722,-0.23510237636567338,-0.2627734088730934,0.7071067811865475,0.0,-0.25788719110129227,25
3304,-0.12792277383035552,-0.8518155085983917,-0.1832315464703722,-0.23510237636567338,-0.05195351032054794,0.7071067811865475,0.0,-1.0615629010115046,40
3306,-0.12792277383035552,-0.4996077428672151,-0.1832315464703722,-0.23510237636567338,-0.4735933074256388,0.0,0.7071067811865475,-0.6597250460563985,33
3309,-0.12792277383035552,0.20480778859513823,-0.1832315464703722,-0.23510237636567338,0.36968628678454296,0.7071067811865475,0.0,0.14395066385381394,26
3310,-0.12792277383035552,-0.4996077428672151,1.8254808954748094,-0.23510237636567338,-0.4735933074256388,0.0,0.7071067811865475,0.5457885188089201,31
3312,-0.12792277383035552,-1.2040232743295685,-0.1832315464703722,-0.23510237636567338,-0.4735933074256388,0.0,0.7071067811865475,-1.0615629010115046,61
3314,-0.12792277383035552,-0.14739997713603842,-0.1832315464703722,-0.23510237636567338,-0.2627734088730934,0.7071067811865475,0.0,-0.25788719110129227,30
3315,-0.12792277383035552,-1.2040232743295685,-0.1832315464703722,-0.23510237636567338,-0.6844132059781843,0.0,0.7071067811865475,-1.0615629010115046,62
3316,-0.12792277383035552,1.2614310857886681,-0.1832315464703722,-0.23510237636567338,0.15886638823199753,0.0,0.7071067811865475,1.3494642287191325,27
3318,-0.12792277383035552,0.5570155543263149,-0.1832315464703722,-0.23510237636567338,1.2129658809947248,0.7071067811865475,0.0,-1.0615629010115046,48
3319,-0.12792277383035552,-0.8518155085983917,-0.1832315464703722,-0.23510237636567338,-0.6844132059781843,0.7071067811865475,0.0,-1.0615629010115046,40
3320,-0.12792277383035552,-0.14739997713603842,-0.1832315464703722,-0.23510237636567338,-0.6844132059781843,0.7071067811865475,0.0,0.5457885188089201,24
3322,-0.12792277383035552,-0.14739997713603842,-0.1832315464703722,-0.23510237636567338,-0.6844132059781843,0.7071067811865475,0.0,0.5457885188089201,22
3323,-0.12792277383035552,1.2614310857886681,-0.1832315464703722,-0.23510237636567338,0.15886638823199753,0.0,0.7071067811865475,1.7513020836742388,30
3324,-0.12792277383035552,-1.2040232743295685,-0.1832315464703722,-0.23510237636567338,-0.6844132059781843,0.0,0.7071067811865475,-1.0615629010115046,63
3326,-0.12792277383035552,1.9658466172510216,-0.1832315464703722,-0.23510237636567338,0.15886638823199753,0.7071067811865475,0.0,2.153139938629345,33
3329,-0.12792277383035552,-0.14739997713603842,-0.1832315464703722,-0.23510237636567338,-0.6844132059781843,0.0,0.7071067811865475,-1.0615629010115046,43
3331,-0.12792277383035552,1.9658466172510216,-0.1832315464703722,-0.23510237636567338,-0.05195351032054794,0.7071067811865475,0.0,2.554977793584451,26
3332,-0.12792277383035552,-1.2040232743295685,-0.1832315464703722,-0.23510237636567338,-0.4735933074256388,0.7071067811865475,0.0,-1.0615629010115046,51
3333,-0.12792277383035552,-1.2040232743295685,-0.1832315464703722,-0.23510237636567338,-0.05195351032054794,0.7071067811865475,0.0,-1.0615629010115046,39
3335,-0.12792277383035552,-0.4996077428672151,-0.1832315464703722,-0.23510237636567338,-0.6844132059781843,0.0,0.7071067811865475,-0.6597250460563985,30
3337,-0.12792277383035552,1.2614310857886681,-0.1832315464703722,-0.23510237636567338,2.2670653737574518,0.7071067811865475,0.0,-0.6597250460563985,32
3338,-0.12792277383035552,0.5570155543263149,-0.1832315464703722,-0.23510237636567338,-0.6844132059781843,0.0,0.7071067811865475,0.5457885188089201,22
3339,-0.12792277383035552,-1.2040232743295685,-0.1832315464703722,-0.23510237636567338,-0.6844132059781843,0.7071067811865475,0.0,-1.0615629010115046,59
3340,-0.12792277383035552,0.9092233200574916,9.860330663255535,-0.23510237636567338,7.115923040465998,0.0,0.7071067811865475,-0.6597250460563985,38
3341,-0.12792277383035552,0.5570155543263149,-0.1832315464703722,-0.23510237636567338,-0.2627734088730934,0.7071067811865475,0.0,0.5457885188089201,23
3342,-0.12792277383035552,-1.2040232743295685,-0.1832315464703722,-0.23510237636567338,-0.6844132059781843,0.0,0.7071067811865475,-1.0615629010115046,42
3344,-0.12792277383035552,0.9092233200574916,-0.1832315464703722,-0.23510237636567338,-0.2627734088730934,0.7071067811865475,0.0,-0.25788719110129227,38
3345,-0.12792277383035552,-0.4996077428672151,-0.1832315464703722,-0.23510237636567338,-0.2627734088730934,0.7071067811865475,0.0,-0.6597250460563985,34
3347,-0.12792277383035552,-0.4996077428672151,-0.1832315464703722,-0.23510237636567338,0.7913260838896339,0.7071067811865475,0.0,-0.25788719110129227,36
3349,-0.12792277383035552,-0.4996077428672151,-0.1832315464703722,-0.23510237636567338,-0.6844132059781843,0.0,0.7071067811865475,-1.0615629010115046,36
3350,-0.12792277383035552,-1.2040232743295685,-0.1832315464703722,-0.23510237636567338,-0.4735933074256388,0.7071067811865475,0.0,-0.6597250460563985,31
3351,-0.12792277383035552,-0.14739997713603842,-0.1832315464703722,-0.23510237636567338,-0.05195351032054794,0.7071067811865475,0.0,0.14395066385381394,28
3354,-0.12792277383035552,-0.8518155085983917,-0.1832315464703722,-0.23510237636567338,-0.4735933074256388,0.7071067811865475,0.0,-0.6597250460563985,28
3357,-0.12792277383035552,-0.14739997713603842,-0.1832315464703722,-0.23510237636567338,-0.6844132059781843,0.7071067811865475,0.0,-1.0615629010115046,43
3358,-0.12792277383035552,-1.2040232743295685,-0.1832315464703722,-0.23510237636567338,-0.4735933074256388,0.7071067811865475,0.0,-1.0615629010115046,40
3359,-0.12792277383035552,1.613638851519845,3.834193337419991,-0.23510237636567338,2.4778852723099973,0.7071067811865475,0.0,0.5457885188089201,31
3360,-0.12792277383035552,0.9092233200574916,-0.1832315464703722,-0.23510237636567338,0.5805061853370884,0.7071067811865475,0.0,-1.0615629010115046,54
3362,-0.12792277383035552,1.613638851519845,-0.1832315464703722,-0.23510237636567338,2.8995250694150885,0.7071067811865475,0.0,2.153139938629345,24
3363,-0.12792277383035552,-1.2040232743295685,-0.1832315464703722,-0.23510237636567338,-0.6844132059781843,0.7071067811865475,0.0,-1.0615629010115046,41
3369,-0.12792277383035552,1.613638851519845,-0.1832315464703722,1.8894245151847455,-0.4735933074256388,0.7071067811865475,0.0,1.7513020836742388,21
3370,-0.12792277383035552,-0.8518155085983917,-0.1832315464703722,-0.23510237636567338,-0.4735933074256388,0.7071067811865475,0.0,-0.6597250460563985,29
3371,-0.12792277383035552,-0.4996077428672151,-0.1832315464703722,1.8894245151847455,-0.6844132059781843,0.7071067811865475,0.0,0.5457885188089201,22
3375,-0.12792277383035552,0.9092233200574916,-0.1832315464703722,-0.23510237636567338,1.2129658809947248,0.7071067811865475,0.0,-1.0615629010115046,52
3376,-0.12792277383035552,-1.2040232743295685,-0.1832315464703722,-0.23510237636567338,-0.6844132059781843,0.7071067811865475,0.0,-1.0615629010115046,40
3380,-0.12792277383035552,-0.14739997713603842,-0.1832315464703722,-0.23510237636567338,-0.4735933074256388,0.7071067811865475,0.0,-0.6597250460563985,45
3381,-0.12792277383035552,-0.8518155085983917,-0.1832315464703722,-0.23510237636567338,-0.4735933074256388,0.0,0.7071067811865475,-0.6597250460563985,29
3383,-0.12792277383035552,0.20480778859513823,-0.1832315464703722,-0.23510237636567338,1.4237857795472701,0.7071067811865475,0.0,-1.0615629010115046,46
3384,-0.12792277383035552,1.2614310857886681,1.8254808954748094,4.013951406735165,-0.4735933074256388,0.7071067811865475,0.0,2.153139938629345,21
3386,-0.12792277383035552,0.20480778859513823,-0.1832315464703722,-0.23510237636567338,0.5805061853370884,0.7071067811865475,0.0,0.14395066385381394,35
3387,-0.12792277383035552,-1.2040232743295685,-0.1832315464703722,-0.23510237636567338,-0.4735933074256388,0.0,0.7071067811865475,-1.0615629010115046,52
3390,-0.12792277383035552,-1.2040232743295685,-0.1832315464703722,-0.23510237636567338,-0.6844132059781843,0.0,0.7071067811865475,-1.0615629010115046,48
3391,-0.12792277383035552,1.2614310857886681,-0.1832315464703722,6.138478298285584,1.2129658809947248,0.0,0.7071067811865475,0.9476263737640264,29
3392,-0.12792277383035552,-1.2040232743295685,-0.1832315464703722,-0.23510237636567338,-0.6844132059781843,0.0,0.7071067811865475,-1.0615629010115046,48
3393,-0.12792277383035552,0.5570155543263149,-0.1832315464703722,-0.23510237636567338,1.4237857795472701,0.7071067811865475,0.0,0.14395066385381394,31
3394,-0.12792277383035552,1.2614310857886681,-0.1832315464703722,-0.23510237636567338,-0.05195351032054794,0.7071067811865475,0.0,1.7513020836742388,21
3395,-0.12792277383035552,-1.2040232743295685,-0.1832315464703722,-0.23510237636567338,-0.6844132059781843,0.7071067811865475,0.0,-1.0615629010115046,32
3396,-0.12792277383035552,0.20480778859513823,-0.1832315464703722,-0.23510237636567338,-0.6844132059781843,0.0,0.7071067811865475,-0.25788719110129227,47
3398,2.0292885925110493,1.9658466172510216,3.834193337419991,4.013951406735165,-0.05195351032054794,0.7071067811865475,0.0,2.554977793584451,21
3399,6.343711325193859,1.9658466172510216,-0.1832315464703722,-0.23510237636567338,2.0562454752049066,0.7071067811865475,0.0,0.5457885188089201,35
3401,-0.12792277383035552,-1.2040232743295685,-0.1832315464703722,-0.23510237636567338,-0.05195351032054794,0.0,0.7071067811865475,-1.0615629010115046,46
3403,-0.12792277383035552,-0.14739997713603842,-0.1832315464703722,-0.23510237636567338,0.36968628678454296,0.7071067811865475,0.0,-0.25788719110129227,34
3404,-0.12792277383035552,-1.2040232743295685,-0.1832315464703722,-0.23510237636567338,-0.2627734088730934,0.7071067811865475,0.0,-1.0615629010115046,52
3406,-0.12792277383035552,1.2614310857886681,-0.1832315464703722,-0.23510237636567338,-0.6844132059781843,0.0,0.7071067811865475,2.153139938629345,21
3407,-0.12792277383035552,-1.2040232743295685,-0.1832315464703722,-0.23510237636567338,-0.4735933074256388,0.0,0.7071067811865475,-1.0615629010115046,53
3408,-0.12792277383035552,-0.4996077428672151,-0.1832315464703722,-0.23510237636567338,-0.6844132059781843,0.7071067811865475,0.0,0.5457885188089201,19
3409,-0.12792277383035552,0.5570155543263149,-0.1832315464703722,-0.23510237636567338,-0.6844132059781843,0.0,0.7071067811865475,1.7513020836742388,22
3410,-0.12792277383035552,-0.4996077428672151,-0.1832315464703722,-0.23510237636567338,-0.4735933074256388,0.7071067811865475,0.0,-1.0615629010115046,45
3411,-0.12792277383035552,-0.8518155085983917,-0.1832315464703722,-0.23510237636567338,-0.6844132059781843,0.7071067811865475,0.0,-0.6597250460563985,27
3412,-0.12792277383035552,-0.8518155085983917,-0.1832315464703722,-0.23510237636567338,-0.6844132059781843,0.0,0.7071067811865475,-0.25788719110129227,25
3413,-0.12792277383035552,-0.14739997713603842,-0.1832315464703722,-0.23510237636567338,-0.6844132059781843,0.7071067811865475,0.0,-0.6597250460563985,30
3415,-0.12792277383035552,0.20480778859513823,-0.1832315464703722,-0.23510237636567338,-0.2627734088730934,0.7071067811865475,0.0,0.14395066385381394,31
3417,-0.12792277383035552,-0.4996077428672151,-0.1832315464703722,-0.23510237636567338,-0.05195351032054794,0.7071067811865475,0.0,-0.6597250460563985,28
3418,-0.12792277383035552,-0.8518155085983917,-0.1832315464703722,-0.23510237636567338,-0.05195351032054794,0.0,0.7071067811865475,-0.6597250460563985,36
3419,-0.12792277383035552,0.20480778859513823,-0.1832315464703722,-0.23510237636567338,0.7913260838896339,0.7071067811865475,0.0,0.5457885188089201,27
3420,-0.12792277383035552,-0.8518155085983917,-0.1832315464703722,-0.23510237636567338,-0.4735933074256388,0.7071067811865475,0.0,-1.0615629010115046,42
3422,-0.12792277383035552,0.20480778859513823,-0.1832315464703722,-0.23510237636567338,-0.6844132059781843,0.7071067811865475,0.0,-1.0615629010115046,35
3423,-0.12792277383035552,-0.8518155085983917,-0.1832315464703722,-0.23510237636567338,-0.2627734088730934,0.7071067811865475,0.0,-1.0615629010115046,33
3425,2.0292885925110493,1.9658466172510216,-0.1832315464703722,-0.23510237636567338,0.5805061853370884,0.7071067811865475,0.0,2.153139938629345,24
3426,-0.12792277383035552,1.9658466172510216,1.8254808954748094,-0.23510237636567338,3.7428046636252703,0.7071067811865475,0.0,2.554977793584451,25
3427,-0.12792277383035552,-1.2040232743295685,-0.1832315464703722,-0.23510237636567338,-0.6844132059781843,0.0,0.7071067811865475,-1.0615629010115046,42
3429,-0.12792277383035552,0.5570155543263149,-0.1832315464703722,-0.23510237636567338,-0.6844132059781843,0.7071067811865475,0.0,2.153139938629345,21
3431,-0.12792277383035552,-0.8518155085983917,-0.1832315464703722,-0.23510237636567338,-0.6844132059781843,0.0,0.7071067811865475,-0.6597250460563985,28
3434,-0.12792277383035552,1.9658466172510216,-0.1832315464703722,-0.23510237636567338,4.586084257835452,0.7071067811865475,0.0,2.153139938629345,27
3437,-0.12792277383035552,0.5570155543263149,-0.1832315464703722,-0.23510237636567338,-0.6844132059781843,0.7071067811865475,0.0,1.3494642287191325,21
3438,-0.12792277383035552,0.5570155543263149,-0.1832315464703722,-0.23510237636567338,-0.6844132059781843,0.0,0.7071067811865475,0.9476263737640264,26
3439,-0.12792277383035552,-1.2040232743295685,-0.1832315464703722,-0.23510237636567338,-0.6844132059781843,0.7071067811865475,0.0,-1.0615629010115046,36
3441,-0.12792277383035552,0.9092233200574916,-0.1832315464703722,-0.23510237636567338,-0.6844132059781843,0.7071067811865475,0.0,-0.6597250460563985,49
3444,-0.12792277383035552,-0.8518155085983917,-0.1832315464703722,-0.23510237636567338,-0.6844132059781843,0.7071067811865475,0.0,-1.0615629010115046,44
3445,-0.12792277383035552,-0.4996077428672151,-0.1832315464703722,-0.23510237636567338,-0.4735933074256388,0.0,0.7071067811865475,0.14395066385381394,28
3448,-0.12792277383035552,0.9092233200574916,-0.1832315464703722,-0.23510237636567338,1.845425576652361,0.7071067811865475,0.0,-0.25788719110129227,35
3452,-0.12792277383035552,-1.2040232743295685,-0.1832315464703722,-0.23510237636567338,-0.05195351032054794,0.7071067811865475,0.0,-0.6597250460563985,34
3453,-0.12792277383035552,-0.4996077428672151,-0.1832315464703722,-0.23510237636567338,2.4778852723099973,0.7071067811865475,0.0,-1.0615629010115046,45
3454,-0.12792277383035552,-0.4996077428672151,-0.1832315464703722,-0.23510237636567338,1.2129658809947248,0.7071067811865475,0.0,0.14395066385381394,28
3455,-0.12792277383035552,-0.4996077428672151,-0.1832315464703722,-0.23510237636567338,-0.4735933074256388,0.7071067811865475,0.0,-0.25788719110129227,25
3456,-0.12792277383035552,1.2614310857886681,1.8254808954748094,-0.23510237636567338,-0.4735933074256388,0.0,0.7071067811865475,1.7513020836742388,21
3457,-0.12792277383035552,-1.2040232743295685,-0.1832315464703722,-0.23510237636567338,-0.4735933074256388,0.7071067811865475,0.0,-1.0615629010115046,48
3458,-0.12792277383035552,-0.8518155085983917,-0.1832315464703722,-0.23510237636567338,-0.4735933074256388,0.0,0.7071067811865475,-0.25788719110129227,37
3460,-0.12792277383035552,0.5570155543263149,-0.1832315464703722,-0.23510237636567338,-0.05195351032054794,0.7071067811865475,0.0,0.9476263737640264,24
3462,-0.12792277383035552,-1.2040232743295685,-0.1832315464703722,-0.23510237636567338,-0.4735933074256388,0.0,0.7071067811865475,-1.0615629010115046,37
3463,-0.12792277383035552,-0.4996077428672151,-0.1832315464703722,-0.23510237636567338,-0.4735933074256388,0.7071067811865475,0.0,0.14395066385381394,39
3464,-0.12792277383035552,0.20480778859513823,-0.1832315464703722,1.8894245151847455,-0.4735933074256388,0.7071067811865475,0.0,0.14395066385381394,24
3465,-0.12792277383035552,-1.2040232743295685,-0.1832315464703722,-0.23510237636567338,-0.2627734088730934,0.7071067811865475,0.0,-1.0615629010115046,49
3470,-0.12792277383035552,-0.8518155085983917,-0.1832315464703722,-0.23510237636567338,-0.4735933074256388,0.7071067811865475,0.0,-0.25788719110129227,23
3475,-0.12792277383035552,0.20480778859513823,-0.1832315464703722,-0.23510237636567338,0.36968628678454296,0.7071067811865475,0.0,0.9476263737640264,43
3476,-0.12792277383035552,1.2614310857886681,-0.1832315464703722,-0.23510237636567338,0.5805061853370884,0.0,0.7071067811865475,-0.25788719110129227,28
3480,-0.12792277383035552,-0.8518155085983917,-0.1832315464703722,-0.23510237636567338,-0.4735933074256388,0.0,0.7071067811865475,-0.6597250460563985,53
3481,-0.12792277383035552,-0.14739997713603842,-0.1832315464703722,-0.23510237636567338,-0.2627734088730934,0.0,0.7071067811865475,-0.25788719110129227,27
3483,-0.12792277383035552,-1.2040232743295685,-0.1832315464703722,-0.23510237636567338,-0.6844132059781843,0.0,0.7071067811865475,-1.0615629010115046,39
3484,-0.12792277383035552,0.9092233200574916,-0.1832315464703722,-0.23510237636567338,3.9536245621778154,0.7071067811865475,0.0,-0.6597250460563985,47
3485,-0.12792277383035552,-0.8518155085983917,-0.1832315464703722,-0.23510237636567338,0.15886638823199753,0.7071067811865475,0.0,-0.6597250460563985,28
3488,-0.12792277383035552,-1.2040232743295685,-0.1832315464703722,-0.23510237636567338,-0.2627734088730934,0.7071067811865475,0.0,-1.0615629010115046,36
3489,-0.12792277383035552,1.613638851519845,-0.1832315464703722,-0.23510237636567338,-0.4735933074256388,0.7071067811865475,0.0,0.5457885188089201,24
3491,-0.12792277383035552,-0.8518155085983917,-0.1832315464703722,-0.23510237636567338,-0.6844132059781843,0.0,0.7071067811865475,-1.0615629010115046,35
3492,-0.12792277383035552,0.9092233200574916,-0.1832315464703722,-0.23510237636567338,-0.05195351032054794,0.7071067811865475,0.0,0.5457885188089201,23
3493,-0.12792277383035552,-0.8518155085983917,-0.1832315464703722,-0.23510237636567338,-0.2627734088730934,0.7071067811865475,0.0,-0.25788719110129227,26
3498,-0.12792277383035552,-0.14739997713603842,-0.1832315464703722,-0.23510237636567338,0.7913260838896339,0.7071067811865475,0.0,0.14395066385381394,31
3499,-0.12792277383035552,1.9658466172510216,5.842905779365172,4.013951406735165,2.2670653737574518,0.7071067811865475,0.0,1.3494642287191325,30
3500,-0.12792277383035552,0.5570155543263149,-0.1832315464703722,-0.23510237636567338,-0.2627734088730934,0.0,0.7071067811865475,0.9476263737640264,25
3501,-0.12792277383035552,1.9658466172510216,-0.1832315464703722,-0.23510237636567338,0.5805061853370884,0.7071067811865475,0.0,2.153139938629345,24
3502,-0.12792277383035552,-1.2040232743295685,-0.1832315464703722,-0.23510237636567338,-0.4735933074256388,0.7071067811865475,0.0,-1.0615629010115046,34
3504,-0.12792277383035552,-0.14739997713603842,-0.1832315464703722,-0.23510237636567338,-0.2627734088730934,0.0,0.7071067811865475,0.14395066385381394,26
3507,-0.12792277383035552,-1.2040232743295685,-0.1832315464703722,-0.23510237636567338,-0.6844132059781843,0.7071067811865475,0.0,-1.0615629010115046,60
3508,-0.12792277383035552,0.20480778859513823,-0.1832315464703722,-0.23510237636567338,-0.6844132059781843,0.7071067811865475,0.0,1.3494642287191325,20
3511,-0.12792277383035552,-0.4996077428672151,-0.1832315464703722,-0.23510237636567338,-0.6844132059781843,0.7071067811865475,0.0,0.14395066385381394,23
3512,-0.12792277383035552,0.9092233200574916,-0.1832315464703722,-0.23510237636567338,0.36968628678454296,0.7071067811865475,0.0,0.9476263737640264,26
3515,-0.12792277383035552,-1.2040232743295685,-0.1832315464703722,-0.23510237636567338,0.15886638823199753,0.0,0.7071067811865475,-1.0615629010115046,40
3516,-0.12792277383035552,-0.4996077428672151,-0.1832315464703722,-0.23510237636567338,-0.4735933074256388,0.7071067811865475,0.0,-0.25788719110129227,28
3517,-0.12792277383035552,-1.2040232743295685,-0.1832315464703722,-0.23510237636567338,-0.4735933074256388,0.7071067811865475,0.0,-1.0615629010115046,49
3521,-0.12792277383035552,1.9658466172510216,1.8254808954748094,-0.23510237636567338,-0.4735933074256388,0.7071067811865475,0.0,2.554977793584451,19
3523,-0.12792277383035552,-1.2040232743295685,-0.1832315464703722,-0.23510237636567338,-0.4735933074256388,0.7071067811865475,0.0,-1.0615629010115046,53
3528,-0.12792277383035552,-0.4996077428672151,-0.1832315464703722,-0.23510237636567338,-0.6844132059781843,0.7071067811865475,0.0,-0.25788719110129227,24
3529,-0.12792277383035552,-1.2040232743295685,-0.1832315464703722,-0.23510237636567338,-0.6844132059781843,0.7071067811865475,0.0,-1.0615629010115046,31
3531,-0.12792277383035552,-0.4996077428672151,-0.1832315464703722,-0.23510237636567338,-0.2627734088730934,0.7071067811865475,0.0,-0.6597250460563985,33
3533,-0.12792277383035552,1.9658466172510216,5.842905779365172,-0.23510237636567338,1.0021459824421792,0.7071067811865475,0.0,1.3494642287191325,26
3535,-0.12792277383035552,-0.8518155085983917,-0.1832315464703722,-0.23510237636567338,-0.2627734088730934,0.7071067811865475,0.0,-0.6597250460563985,32
3536,-0.12792277383035552,-0.8518155085983917,-0.1832315464703722,-0.23510237636567338,-0.6844132059781843,0.7071067811865475,0.0,-0.25788719110129227,25
3538,-0.12792277383035552,-0.8518155085983917,-0.1832315464703722,-0.23510237636567338,-0.4735933074256388,0.7071067811865475,0.0,0.5457885188089201,21
3539,-0.12792277383035552,0.20480778859513823,-0.1832315464703722,-0.23510237636567338,-0.05195351032054794,0.7071067811865475,0.0,0.9476263737640264,38
3540,-0.12792277383035552,-0.8518155085983917,-0.1832315464703722,-0.23510237636567338,-0.6844132059781843,0.7071067811865475,0.0,-0.25788719110129227,23
3542,-0.12792277383035552,0.5570155543263149,-0.1832315464703722,1.8894245151847455,-0.6844132059781843,0.7071067811865475,0.0,1.3494642287191325,20
3543,-0.12792277383035552,-1.2040232743295685,-0.1832315464703722,-0.23510237636567338,0.15886638823199753,0.7071067811865475,0.0,-1.0615629010115046,39
3544,-0.12792277383035552,-0.8518155085983917,-0.1832315464703722,-0.23510237636567338,-0.4735933074256388,0.7071067811865475,0.0,-0.25788719110129227,24
3546,-0.12792277383035552,-0.8518155085983917,-0.1832315464703722,-0.23510237636567338,-0.6844132059781843,0.7071067811865475,0.0,-0.25788719110129227,23
3547,-0.12792277383035552,-0.14739997713603842,-0.1832315464703722,-0.23510237636567338,-0.05195351032054794,0.7071067811865475,0.0,-1.0615629010115046,49
3550,-0.12792277383035552,0.9092233200574916,-0.1832315464703722,-0.23510237636567338,0.7913260838896339,0.7071067811865475,0.0,1.3494642287191325,31
3551,-0.12792277383035552,0.5570155543263149,-0.1832315464703722,-0.23510237636567338,-0.4735933074256388,0.7071067811865475,0.0,1.7513020836742388,20
3552,-0.12792277383035552,-0.4996077428672151,-0.1832315464703722,-0.23510237636567338,-0.6844132059781843,0.0,0.7071067811865475,-0.6597250460563985,28
3554,-0.12792277383035552,-1.2040232743295685,-0.1832315464703722,-0.23510237636567338,-0.05195351032054794,0.7071067811865475,0.0,-1.0615629010115046,67
3556,-0.12792277383035552,-1.2040232743295685,-0.1832315464703722,-0.23510237636567338,-0.6844132059781843,0.7071067811865475,0.0,-1.0615629010115046,33
3562,-0.12792277383035552,-1.2040232743295685,-0.1832315464703722,-0.23510237636567338,-0.6844132059781843,0.7071067811865475,0.0,-1.0615629010115046,52
3563,-0.12792277383035552,0.9092233200574916,-0.1832315464703722,-0.23510237636567338,2.8995250694150885,0.7071067811865475,0.0,0.5457885188089201,45
3564,-0.12792277383035552,0.9092233200574916,-0.1832315464703722,1.8894245151847455,1.0021459824421792,0.7071067811865475,0.0,0.14395066385381394,27
3566,-0.12792277383035552,1.613638851519845,-0.1832315464703722,-0.23510237636567338,-0.4735933074256388,0.7071067811865475,0.0,2.153139938629345,22
3570,-0.12792277383035552,-1.2040232743295685,-0.1832315464703722,-0.23510237636567338,-0.6844132059781843,0.0,0.7071067811865475,-1.0615629010115046,40
3571,-0.12792277383035552,1.2614310857886681,-0.1832315464703722,-0.23510237636567338,-0.4735933074256388,0.0,0.7071067811865475,0.9476263737640264,30
3573,-0.12792277383035552,-1.2040232743295685,-0.1832315464703722,-0.23510237636567338,-0.4735933074256388,0.7071067811865475,0.0,-1.0615629010115046,42
3574,-0.12792277383035552,-0.4996077428672151,-0.1832315464703722,1.8894245151847455,-0.2627734088730934,0.7071067811865475,0.0,0.14395066385381394,24
3576,-0.12792277383035552,-0.8518155085983917,-0.1832315464703722,-0.23510237636567338,0.15886638823199753,0.7071067811865475,0.0,-1.0615629010115046,46
3577,-0.12792277383035552,-0.4996077428672151,-0.1832315464703722,-0.23510237636567338,0.15886638823199753,0.7071067811865475,0.0,-0.6597250460563985,38
3582,-0.12792277383035552,-0.4996077428672151,-0.1832315464703722,-0.23510237636567338,-0.6844132059781843,0.0,0.7071067811865475,-0.6597250460563985,32
3584,-0.12792277383035552,0.20480778859513823,-0.1832315464703722,-0.23510237636567338,-0.6844132059781843,0.0,0.7071067811865475,0.14395066385381394,26
3585,-0.12792277383035552,-1.2040232743295685,-0.1832315464703722,-0.23510237636567338,-0.4735933074256388,0.0,0.7071067811865475,-1.0615629010115046,54
3591,-0.12792277383035552,-0.4996077428672151,-0.1832315464703722,-0.23510237636567338,-0.2627734088730934,0.7071067811865475,0.0,-0.6597250460563985,27
3593,-0.12792277383035552,-0.14739997713603842,-0.1832315464703722,-0.23510237636567338,-0.4735933074256388,0.7071067811865475,0.0,-0.6597250460563985,61
3594,-0.12792277383035552,-0.14739997713603842,-0.1832315464703722,-0.23510237636567338,-0.4735933074256388,0.0,0.7071067811865475,-1.0615629010115046,51
3596,-0.12792277383035552,-1.2040232743295685,-0.1832315464703722,-0.23510237636567338,-0.6844132059781843,0.7071067811865475,0.0,-1.0615629010115046,57
3597,-0.12792277383035552,0.20480778859513823,-0.1832315464703722,6.138478298285584,-0.05195351032054794,0.0,0.7071067811865475,0.14395066385381394,24
3598,-0.12792277383035552,-1.2040232743295685,-0.1832315464703722,-0.23510237636567338,-0.4735933074256388,0.7071067811865475,0.0,-0.6597250460563985,34
3600,-0.12792277383035552,-0.8518155085983917,-0.1832315464703722,-0.23510237636567338,-0.4735933074256388,0.7071067811865475,0.0,-0.25788719110129227,27
3601,-0.12792277383035552,0.9092233200574916,-0.1832315464703722,-0.23510237636567338,1.4237857795472701,0.0,0.7071067811865475,0.14395066385381394,28
3602,-0.12792277383035552,1.2614310857886681,-0.1832315464703722,-0.23510237636567338,1.4237857795472701,0.0,0.7071067811865475,-0.25788719110129227,35
3603,-0.12792277383035552,0.5570155543263149,-0.1832315464703722,-0.23510237636567338,0.5805061853370884,0.7071067811865475,0.0,0.14395066385381394,30
3605,-0.12792277383035552,-1.2040232743295685,-0.1832315464703722,-0.23510237636567338,-0.6844132059781843,0.7071067811865475,0.0,-0.6597250460563985,44
3611,-0.12792277383035552,0.5570155543263149,-0.1832315464703722,-0.23510237636567338,1.4237857795472701,0.7071067811865475,0.0,0.5457885188089201,61
3614,-0.12792277383035552,1.613638851519845,-0.1832315464703722,-0.23510237636567338,-0.4735933074256388,0.7071067811865475,0.0,1.3494642287191325,26
3616,2.0292885925110493,0.9092233200574916,-0.1832315464703722,-0.23510237636567338,1.4237857795472701,0.7071067811865475,0.0,0.9476263737640264,48
3617,-0.12792277383035552,-1.2040232743295685,-0.1832315464703722,-0.23510237636567338,0.15886638823199753,0.0,0.7071067811865475,-1.0615629010115046,42
3618,-0.12792277383035552,1.2614310857886681,-0.1832315464703722,-0.23510237636567338,1.4237857795472701,0.7071067811865475,0.0,-0.6597250460563985,38
3620,-0.12792277383035552,-1.2040232743295685,-0.1832315464703722,-0.23510237636567338,-0.6844132059781843,0.0,0.7071067811865475,-1.0615629010115046,53
3622,-0.12792277383035552,1.9658466172510216,-0.1832315464703722,-0.23510237636567338,-0.05195351032054794,0.0,0.7071067811865475,2.153139938629345,26
3624,-0.12792277383035552,0.9092233200574916,-0.1832315464703722,-0.23510237636567338,-0.4735933074256388,0.7071067811865475,0.0,0.9476263737640264,22
3626,-0.12792277383035552,0.9092233200574916,-0.1832315464703722,-0.23510237636567338,-0.6844132059781843,0.7071067811865475,0.0,-0.6597250460563985,50
3627,6.343711325193859,0.9092233200574916,-0.1832315464703722,-0.23510237636567338,2.688705170862543,0.0,0.7071067811865475,-0.25788719110129227,44
3628,-0.12792277383035552,0.5570155543263149,1.8254808954748094,6.138478298285584,0.15886638823199753,0.7071067811865475,0.0,0.9476263737640264,24
3629,-0.12792277383035552,0.9092233200574916,-0.1832315464703722,-0.23510237636567338,-0.6844132059781843,0.7071067811865475,0.0,1.3494642287191325,21
3630,-0.12792277383035552,-1.2040232743295685,-0.1832315464703722,-0.23510237636567338,-0.6844132059781843,0.7071067811865475,0.0,-1.0615629010115046,50
3631,-0.12792277383035552,-1.2040232743295685,-0.1832315464703722,-0.23510237636567338,-0.6844132059781843,0.0,0.7071067811865475,-1.0615629010115046,36
3634,-0.12792277383035552,-0.4996077428672151,-0.1832315464703722,-0.23510237636567338,-0.6844132059781843,0.7071067811865475,0.0,-0.6597250460563985,39
3636,-0.12792277383035552,0.5570155543263149,-0.1832315464703722,-0.23510237636567338,0.7913260838896339,0.7071067811865475,0.0,-1.0615629010115046,54
3639,-0.12792277383035552,-0.8518155085983917,-0.1832315464703722,-0.23510237636567338,-0.6844132059781843,0.0,0.7071067811865475,-0.6597250460563985,29
3641,-0.12792277383035552,0.5570155543263149,-0.1832315464703722,-0.23510237636567338,-0.6844132059781843,0.0,0.7071067811865475,-0.6597250460563985,26
3642,-0.12792277383035552,-0.14739997713603842,-0.1832315464703722,-0.23510237636567338,-0.05195351032054794,0.7071067811865475,0.0,-0.6597250460563985,41
3643,-0.12792277383035552,0.5570155543263149,-0.1832315464703722,-0.23510237636567338,-0.4735933074256388,0.7071067811865475,0.0,0.5457885188089201,23
3645,-0.12792277383035552,-1.2040232743295685,-0.1832315464703722,-0.23510237636567338,-0.6844132059781843,0.0,0.7071067811865475,-0.6597250460563985,34
3646,-0.12792277383035552,0.9092233200574916,-0.1832315464703722,-0.23510237636567338,1.6346056780998157,0.7071067811865475,0.0,2.153139938629345,31
3647,-0.12792277383035552,-0.4996077428672151,-0.1832315464703722,-0.23510237636567338,-0.6844132059781843,0.7071067811865475,0.0,0.9476263737640264,20
3648,-0.12792277383035552,0.5570155543263149,-0.1832315464703722,-0.23510237636567338,1.4237857795472701,0.7071067811865475,0.0,-0.25788719110129227,49
3649,-0.12792277383035552,1.2614310857886681,-0.1832315464703722,-0.23510237636567338,0.15886638823199753,0.7071067811865475,0.0,0.9476263737640264,26
3652,-0.12792277383035552,-0.14739997713603842,-0.1832315464703722,-0.23510237636567338,-0.4735933074256388,0.7071067811865475,0.0,-0.6597250460563985,28
3653,-0.12792277383035552,-0.8518155085983917,-0.1832315464703722,-0.23510237636567338,-0.6844132059781843,0.7071067811865475,0.0,-0.25788719110129227,26
3655,-0.12792277383035552,-0.14739997713603842,-0.1832315464703722,-0.23510237636567338,-0.4735933074256388,0.7071067811865475,0.0,-1.0615629010115046,55
3656,-0.12792277383035552,1.613638851519845,-0.1832315464703722,-0.23510237636567338,-0.6844132059781843,0.0,0.7071067811865475,1.3494642287191325,22
3657,-0.12792277383035552,-0.14739997713603842,-0.1832315464703722,-0.23510237636567338,-0.6844132059781843,0.0,0.7071067811865475,-0.25788719110129227,26
3658,-0.12792277383035552,-1.2040232743295685,-0.1832315464703722,-0.23510237636567338,-0.6844132059781843,0.0,0.7071067811865475,-1.0615629010115046,56
3660,-0.12792277383035552,-0.4996077428672151,-0.1832315464703722,-0.23510237636567338,-0.2627734088730934,0.7071067811865475,0.0,0.14395066385381394,46
3661,-0.12792277383035552,0.5570155543263149,-0.1832315464703722,-0.23510237636567338,2.688705170862543,0.7071067811865475,0.0,-0.25788719110129227,58
3662,-0.12792277383035552,0.9092233200574916,-0.1832315464703722,-0.23510237636567338,0.15886638823199753,0.7071067811865475,0.0,2.153139938629345,28
3663,-0.12792277383035552,0.5570155543263149,-0.1832315464703722,-0.23510237636567338,1.0021459824421792,0.7071067811865475,0.0,0.5457885188089201,33
3666,-0.12792277383035552,-0.8518155085983917,-0.1832315464703722,-0.23510237636567338,-0.6844132059781843,0.0,0.7071067811865475,-0.6597250460563985,31
3667,-0.12792277383035552,0.20480778859513823,-0.1832315464703722,-0.23510237636567338,-0.4735933074256388,0.0,0.7071067811865475,0.14395066385381394,26
3671,-0.12792277383035552,-1.2040232743295685,-0.1832315464703722,-0.23510237636567338,-0.6844132059781843,0.0,0.7071067811865475,-1.0615629010115046,34
3673,-0.12792277383035552,-1.2040232743295685,-0.1832315464703722,-0.23510237636567338,-0.6844132059781843,0.7071067811865475,0.0,-1.0615629010115046,33
3674,-0.12792277383035552,-0.8518155085983917,-0.1832315464703722,-0.23510237636567338,-0.6844132059781843,0.7071067811865475,0.0,-1.0615629010115046,32
3675,-0.12792277383035552,0.5570155543263149,-0.1832315464703722,-0.23510237636567338,1.2129658809947248,0.7071067811865475,0.0,2.153139938629345,37
3676,-0.12792277383035552,0.20480778859513823,-0.1832315464703722,-0.23510237636567338,-0.4735933074256388,0.7071067811865475,0.0,0.5457885188089201,50
3678,-0.12792277383035552,-0.8518155085983917,-0.1832315464703722,-0.23510237636567338,-0.4735933074256388,0.7071067811865475,0.0,-1.0615629010115046,35
3679,-0.12792277383035552,-0.4996077428672151,-0.1832315464703722,-0.23510237636567338,-0.6844132059781843,0.0,0.7071067811865475,-1.0615629010115046,47
3681,-0.12792277383035552,1.613638851519845,-0.1832315464703722,-0.23510237636567338,1.0021459824421792,0.7071067811865475,0.0,1.3494642287191325,52
3684,-0.12792277383035552,0.9092233200574916,1.8254808954748094,4.013951406735165,0.36968628678454296,0.7071067811865475,0.0,1.3494642287191325,26
3687,-0.12792277383035552,-1.2040232743295685,-0.1832315464703722,-0.23510237636567338,2.0562454752049066,0.7071067811865475,0.0,-1.0615629010115046,45
3691,-0.12792277383035552,1.613638851519845,-0.1832315464703722,-0.23510237636567338,-0.6844132059781843,0.0,0.7071067811865475,2.153139938629345,19
3692,-0.12792277383035552,-0.8518155085983917,-0.1832315464703722,-0.23510237636567338,1.0021459824421792,0.7071067811865475,0.0,0.14395066385381394,41
3693,-0.12792277383035552,-0.8518155085983917,-0.1832315464703722,-0.23510237636567338,-0.6844132059781843,0.0,0.7071067811865475,-0.25788719110129227,24
3696,-0.12792277383035552,1.613638851519845,1.8254808954748094,-0.23510237636567338,-0.4735933074256388,0.7071067811865475,0.0,1.7513020836742388,21
3697,-0.12792277383035552,-1.2040232743295685,-0.1832315464703722,-0.23510237636567338,-0.6844132059781843,0.0,0.7071067811865475,-0.6597250460563985,54
3698,-0.12792277383035552,-1.2040232743295685,-0.1832315464703722,-0.23510237636567338,-0.6844132059781843,0.7071067811865475,0.0,-1.0615629010115046,49
3699,-0.12792277383035552,-0.8518155085983917,-0.1832315464703722,-0.23510237636567338,-0.4735933074256388,0.7071067811865475,0.0,-1.0615629010115046,42
3700,-0.12792277383035552,-0.14739997713603842,-0.1832315464703722,-0.23510237636567338,-0.4735933074256388,0.7071067811865475,0.0,0.9476263737640264,21
3702,-0.12792277383035552,1.2614310857886681,-0.1832315464703722,-0.23510237636567338,0.36968628678454296,0.7071067811865475,0.0,-0.25788719110129227,46
3703,-0.12792277383035552,-1.2040232743295685,-0.1832315464703722,-0.23510237636567338,-0.6844132059781843,0.0,0.7071067811865475,-1.0615629010115046,74
3704,-0.12792277383035552,-1.2040232743295685,-0.1832315464703722,-0.23510237636567338,-0.6844132059781843,0.7071067811865475,0.0,-1.0615629010115046,38
3706,-0.12792277383035552,-1.2040232743295685,-0.1832315464703722,-0.23510237636567338,-0.4735933074256388,0.7071067811865475,0.0,-1.0615629010115046,39
3709,-0.12792277383035552,-1.2040232743295685,-0.1832315464703722,-0.23510237636567338,-0.6844132059781843,0.7071067811865475,0.0,-1.0615629010115046,38
3710,2.0292885925110493,0.9092233200574916,-0.1832315464703722,1.8894245151847455,-0.4735933074256388,0.7071067811865475,0.0,2.153139938629345,19
3711,-0.12792277383035552,-0.8518155085983917,-0.1832315464703722,-0.23510237636567338,-0.6844132059781843,0.7071067811865475,0.0,-0.25788719110129227,28
3713,-0.12792277383035552,0.5570155543263149,-0.1832315464703722,-0.23510237636567338,-0.4735933074256388,0.7071067811865475,0.0,0.5457885188089201,25
3714,-0.12792277383035552,-1.2040232743295685,-0.1832315464703722,-0.23510237636567338,-0.4735933074256388,0.0,0.7071067811865475,-1.0615629010115046,53
3719,-0.12792277383035552,1.613638851519845,1.8254808954748094,-0.23510237636567338,-0.2627734088730934,0.7071067811865475,0.0,2.153139938629345,23
3720,-0.12792277383035552,1.613638851519845,-0.1832315464703722,-0.23510237636567338,6.272643446255816,0.7071067811865475,0.0,-0.25788719110129227,55
3721,-0.12792277383035552,-1.2040232743295685,-0.1832315464703722,-0.23510237636567338,-0.4735933074256388,0.7071067811865475,0.0,-1.0615629010115046,64
3722,-0.12792277383035552,0.9092233200574916,-0.1832315464703722,-0.23510237636567338,-0.4735933074256388,0.0,0.7071067811865475,0.9476263737640264,23
3725,-0.12792277383035552,1.2614310857886681,-0.1832315464703722,4.013951406735165,0.15886638823199753,0.7071067811865475,0.0,0.5457885188089201,23
3726,-0.12792277383035552,-1.2040232743295685,-0.1832315464703722,-0.23510237636567338,-0.6844132059781843,0.7071067811865475,0.0,-1.0615629010115046,41
3728,-0.12792277383035552,-1.2040232743295685,-0.1832315464703722,-0.23510237636567338,-0.6844132059781843,0.0,0.7071067811865475,-1.0615629010115046,53
3729,-0.12792277383035552,-1.2040232743295685,-0.1832315464703722,-0.23510237636567338,-0.6844132059781843,0.7071067811865475,0.0,-1.0615629010115046,34
3730,-0.12792277383035552,-1.2040232743295685,-0.1832315464703722,-0.23510237636567338,-0.6844132059781843,0.7071067811865475,0.0,-0.25788719110129227,24
3732,-0.12792277383035552,-1.2040232743295685,-0.1832315464703722,-0.23510237636567338,-0.4735933074256388,0.0,0.7071067811865475,-0.6597250460563985,26
3736,-0.12792277383035552,-0.8518155085983917,-0.1832315464703722,-0.23510237636567338,0.15886638823199753,0.7071067811865475,0.0,-0.25788719110129227,44
3737,-0.12792277383035552,-0.8518155085983917,-0.1832315464703722,-0.23510237636567338,-0.6844132059781843,0.7071067811865475,0.0,-0.6597250460563985,27
3738,-0.12792277383035552,1.613638851519845,-0.1832315464703722,-0.23510237636567338,2.2670653737574518,0.7071067811865475,0.0,-0.25788719110129227,28
3739,-0.12792277383035552,-1.2040232743295685,-0.1832315464703722,-0.23510237636567338,-0.4735933074256388,0.0,0.7071067811865475,-1.0615629010115046,55
3741,-0.12792277383035552,0.20480778859513823,-0.1832315464703722,-0.23510237636567338,2.4778852723099973,0.7071067811865475,0.0,-1.0615629010115046,36
3743,-0.12792277383035552,-0.14739997713603842,-0.1832315464703722,-0.23510237636567338,-0.4735933074256388,0.7071067811865475,0.0,0.9476263737640264,23
3744,-0.12792277383035552,-1.2040232743295685,-0.1832315464703722,-0.23510237636567338,-0.4735933074256388,0.0,0.7071067811865475,-0.6597250460563985,56
3745,-0.12792277383035552,0.5570155543263149,-0.1832315464703722,-0.23510237636567338,-0.2627734088730934,0.7071067811865475,0.0,-0.25788719110129227,27
3747,-0.12792277383035552,0.5570155543263149,-0.1832315464703722,-0.23510237636567338,-0.4735933074256388,0.0,0.7071067811865475,0.14395066385381394,37
3749,-0.12792277383035552,1.2614310857886681,-0.1832315464703722,-0.23510237636567338,-0.4735933074256388,0.7071067811865475,0.0,-0.25788719110129227,32
3751,4.186499958852454,1.9658466172510216,-0.1832315464703722,-0.23510237636567338,3.1103449679676336,0.0,0.7071067811865475,1.7513020836742388,41
3754,-0.12792277383035552,0.5570155543263149,-0.1832315464703722,-0.23510237636567338,-0.4735933074256388,0.7071067811865475,0.0,0.14395066385381394,22
3757,-0.12792277383035552,-0.8518155085983917,-0.1832315464703722,-0.23510237636567338,-0.4735933074256388,0.7071067811865475,0.0,-1.0615629010115046,37
3758,-0.12792277383035552,-0.8518155085983917,-0.1832315464703722,-0.23510237636567338,-0.05195351032054794,0.0,0.7071067811865475,-0.6597250460563985,45
3759,-0.12792277383035552,1.2614310857886681,-0.1832315464703722,-0.23510237636567338,2.2670653737574518,0.7071067811865475,0.0,1.7513020836742388,31
3761,-0.12792277383035552,0.20480778859513823,-0.1832315464703722,-0.23510237636567338,0.7913260838896339,0.7071067811865475,0.0,-1.0615629010115046,42
3763,-0.12792277383035552,1.613638851519845,3.834193337419991,4.013951406735165,3.5319847650727247,0.7071067811865475,0.0,0.9476263737640264,26
3765,-0.12792277383035552,1.613638851519845,-0.1832315464703722,-0.23510237636567338,-0.6844132059781843,0.7071067811865475,0.0,-0.25788719110129227,33
3766,-0.12792277383035552,-0.8518155085983917,-0.1832315464703722,-0.23510237636567338,-0.6844132059781843,0.0,0.7071067811865475,0.14395066385381394,22
3768,-0.12792277383035552,-1.2040232743295685,-0.1832315464703722,-0.23510237636567338,-0.4735933074256388,0.0,0.7071067811865475,-1.0615629010115046,36
3769,-0.12792277383035552,-1.2040232743295685,-0.1832315464703722,-0.23510237636567338,-0.6844132059781843,0.0,0.7071067811865475,-1.0615629010115046,54
3771,-0.12792277383035552,1.613638851519845,1.8254808954748094,4.013951406735165,0.36968628678454296,0.7071067811865475,0.0,2.153139938629345,25
3772,-0.12792277383035552,0.20480778859513823,-0.1832315464703722,-0.23510237636567338,-0.05195351032054794,0.7071067811865475,0.0,0.14395066385381394,24
3773,-0.12792277383035552,0.9092233200574916,-0.1832315464703722,-0.23510237636567338,-0.6844132059781843,0.0,0.7071067811865475,0.5457885188089201,23
3774,-0.12792277383035552,-1.2040232743295685,-0.1832315464703722,-0.23510237636567338,-0.6844132059781843,0.0,0.7071067811865475,-1.0615629010115046,61
3776,-0.12792277383035552,-1.2040232743295685,-0.1832315464703722,-0.23510237636567338,-0.6844132059781843,0.0,0.7071067811865475,-1.0615629010115046,42
3778,-0.12792277383035552,-0.8518155085983917,-0.1832315464703722,-0.23510237636567338,-0.4735933074256388,0.0,0.7071067811865475,-0.25788719110129227,28
3779,-0.12792277383035552,0.20480778859513823,-0.1832315464703722,-0.23510237636567338,-0.4735933074256388,0.0,0.7071067811865475,-0.25788719110129227,27
3780,-0.12792277383035552,-0.4996077428672151,-0.1832315464703722,-0.23510237636567338,-0.2627734088730934,0.0,0.7071067811865475,0.5457885188089201,24
3782,-0.12792277383035552,1.9658466172510216,-0.1832315464703722,-0.23510237636567338,2.688705170862543,0.7071067811865475,0.0,1.3494642287191325,32
3783,-0.12792277383035552,-1.2040232743295685,-0.1832315464703722,-0.23510237636567338,-0.6844132059781843,0.7071067811865475,0.0,-1.0615629010115046,38
3785,-0.12792277383035552,-0.4996077428672151,1.8254808954748094,1.8894245151847455,-0.4735933074256388,0.0,0.7071067811865475,0.9476263737640264,21
3787,-0.12792277383035552,0.9092233200574916,-0.1832315464703722,-0.23510237636567338,-0.4735933074256388,0.7071067811865475,0.0,1.7513020836742388,27
3788,-0.12792277383035552,-0.14739997713603842,-0.1832315464703722,-0.23510237636567338,-0.6844132059781843,0.7071067811865475,0.0,-1.0615629010115046,39
3789,-0.12792277383035552,-1.2040232743295685,-0.1832315464703722,-0.23510237636567338,-0.6844132059781843,0.7071067811865475,0.0,-0.6597250460563985,29
3790,-0.12792277383035552,-0.4996077428672151,-0.1832315464703722,-0.23510237636567338,-0.4735933074256388,0.7071067811865475,0.0,0.14395066385381394,29
3793,-0.12792277383035552,-0.14739997713603842,-0.1832315464703722,-0.23510237636567338,-0.4735933074256388,0.7071067811865475,0.0,-1.0615629010115046,36
3794,-0.12792277383035552,0.9092233200574916,-0.1832315464703722,-0.23510237636567338,-0.6844132059781843,0.7071067811865475,0.0,-1.0615629010115046,46
3797,2.0292885925110493,0.5570155543263149,-0.1832315464703722,-0.23510237636567338,0.7913260838896339,0.7071067811865475,0.0,0.14395066385381394,44
3799,-0.12792277383035552,-0.8518155085983917,-0.1832315464703722,-0.23510237636567338,-0.6844132059781843,0.0,0.7071067811865475,-0.6597250460563985,27
3800,-0.12792277383035552,0.9092233200574916,-0.1832315464703722,-0.23510237636567338,1.0021459824421792,0.7071067811865475,0.0,1.7513020836742388,27
3801,-0.12792277383035552,-1.2040232743295685,-0.1832315464703722,-0.23510237636567338,-0.6844132059781843,0.0,0.7071067811865475,-1.0615629010115046,61
3802,-0.12792277383035552,-1.2040232743295685,-0.1832315464703722,-0.23510237636567338,-0.6844132059781843,0.0,0.7071067811865475,-1.0615629010115046,47
3804,-0.12792277383035552,-1.2040232743295685,-0.1832315464703722,-0.23510237636567338,-0.4735933074256388,0.0,0.7071067811865475,-0.6597250460563985,27
3805,-0.12792277383035552,-0.8518155085983917,-0.1832315464703722,-0.23510237636567338,-0.6844132059781843,0.7071067811865475,0.0,-0.6597250460563985,28
3807,-0.12792277383035552,0.20480778859513823,-0.1832315464703722,-0.23510237636567338,-0.4735933074256388,0.0,0.7071067811865475,0.14395066385381394,31
3809,-0.12792277383035552,-0.14739997713603842,-0.1832315464703722,-0.23510237636567338,1.2129658809947248,0.0,0.7071067811865475,-0.25788719110129227,26
3811,-0.12792277383035552,-0.8518155085983917,-0.1832315464703722,-0.23510237636567338,-0.2627734088730934,0.7071067811865475,0.0,-1.0615629010115046,53
3812,-0.12792277383035552,0.20480778859513823,-0.1832315464703722,-0.23510237636567338,-0.4735933074256388,0.7071067811865475,0.0,0.5457885188089201,26
3814,-0.12792277383035552,-0.14739997713603842,-0.1832315464703722,-0.23510237636567338,-0.2627734088730934,0.7071067811865475,0.0,0.14395066385381394,25
3816,-0.12792277383035552,1.9658466172510216,-0.1832315464703722,-0.23510237636567338,0.36968628678454296,0.0,0.7071067811865475,2.153139938629345,23
3817,-0.12792277383035552,1.2614310857886681,5.842905779365172,1.8894245151847455,0.15886638823199753,0.0,0.7071067811865475,1.7513020836742388,21
3818,-0.12792277383035552,-0.14739997713603842,-0.1832315464703722,-0.23510237636567338,-0.4735933074256388,0.0,0.7071067811865475,0.9476263737640264,23
3820,-0.12792277383035552,-1.2040232743295685,1.8254808954748094,1.8894245151847455,-0.05195351032054794,0.0,0.7071067811865475,-1.0615629010115046,30
3821,-0.12792277383035552,-0.4996077428672151,-0.1832315464703722,-0.23510237636567338,-0.2627734088730934,0.7071067811865475,0.0,-1.0615629010115046,45
3824,-0.12792277383035552,0.20480778859513823,-0.1832315464703722,-0.23510237636567338,-0.2627734088730934,0.0,0.7071067811865475,0.14395066385381394,27
3830,-0.12792277383035552,-0.8518155085983917,-0.1832315464703722,-0.23510237636567338,-0.6844132059781843,0.0,0.7071067811865475,-0.6597250460563985,26
3831,-0.12792277383035552,1.2614310857886681,-0.1832315464703722,-0.23510237636567338,-0.6844132059781843,0.7071067811865475,0.0,1.3494642287191325,21
3835,-0.12792277383035552,-1.2040232743295685,-0.1832315464703722,-0.23510237636567338,-0.6844132059781843,0.0,0.7071067811865475,-1.0615629010115046,62
3836,-0.12792277383035552,-0.4996077428672151,-0.1832315464703722,-0.23510237636567338,-0.6844132059781843,0.7071067811865475,0.0,-0.6597250460563985,48
3838,-0.12792277383035552,-1.2040232743295685,-0.1832315464703722,-0.23510237636567338,-0.4735933074256388,0.0,0.7071067811865475,-1.0615629010115046,53
3839,-0.12792277383035552,-0.4996077428672151,-0.1832315464703722,-0.23510237636567338,-0.05195351032054794,0.0,0.7071067811865475,-1.0615629010115046,62
3840,2.0292885925110493,1.9658466172510216,1.8254808954748094,-0.23510237636567338,0.36968628678454296,0.7071067811865475,0.0,2.554977793584451,28
3841,-0.12792277383035552,-0.8518155085983917,-0.1832315464703722,-0.23510237636567338,-0.4735933074256388,0.7071067811865475,0.0,-1.0615629010115046,56
3842,-0.12792277383035552,-1.2040232743295685,-0.1832315464703722,-0.23510237636567338,-0.2627734088730934,0.7071067811865475,0.0,-1.0615629010115046,35
3843,-0.12792277383035552,-1.2040232743295685,-0.1832315464703722,-0.23510237636567338,-0.2627734088730934,0.0,0.7071067811865475,-1.0615629010115046,56
3847,2.0292885925110493,0.9092233200574916,-0.1832315464703722,-0.23510237636567338,-0.2627734088730934,0.7071067811865475,0.0,1.7513020836742388,22
3848,-0.12792277383035552,1.2614310857886681,-0.1832315464703722,-0.23510237636567338,0.36968628678454296,0.7071067811865475,0.0,2.153139938629345,26
3853,-0.12792277383035552,0.20480778859513823,-0.1832315464703722,-0.23510237636567338,0.15886638823199753,0.0,0.7071067811865475,0.9476263737640264,35
3854,-0.12792277383035552,-0.4996077428672151,-0.1832315464703722,-0.23510237636567338,-0.4735933074256388,0.7071067811865475,0.0,0.9476263737640264,22
3856,2.0292885925110493,-0.4996077428672151,-0.1832315464703722,-0.23510237636567338,0.7913260838896339,0.7071067811865475,0.0,-1.0615629010115046,37
3857,-0.12792277383035552,-0.8518155085983917,-0.1832315464703722,-0.23510237636567338,-0.6844132059781843,0.7071067811865475,0.0,-1.0615629010115046,32
3858,-0.12792277383035552,0.5570155543263149,-0.1832315464703722,-0.23510237636567338,-0.05195351032054794,0.7071067811865475,0.0,0.14395066385381394,33
3859,-0.12792277383035552,-0.4996077428672151,-0.1832315464703722,-0.23510237636567338,-0.2627734088730934,0.7071067811865475,0.0,-0.25788719110129227,38
3860,-0.12792277383035552,-1.2040232743295685,-0.1832315464703722,-0.23510237636567338,-0.6844132059781843,0.0,0.7071067811865475,-1.0615629010115046,53
3862,-0.12792277383035552,-1.2040232743295685,-0.1832315464703722,-0.23510237636567338,-0.6844132059781843,0.0,0.7071067811865475,-1.0615629010115046,32
3863,-0.12792277383035552,-0.8518155085983917,-0.1832315464703722,-0.23510237636567338,-0.6844132059781843,0.0,0.7071067811865475,-0.25788719110129227,26
3864,-0.12792277383035552,-1.2040232743295685,-0.1832315464703722,-0.23510237636567338,-0.6844132059781843,0.0,0.7071067811865475,-1.0615629010115046,61
3865,-0.12792277383035552,1.9658466172510216,-0.1832315464703722,-0.23510237636567338,-0.6844132059781843,0.0,0.7071067811865475,1.3494642287191325,21
3867,-0.12792277383035552,0.20480778859513823,-0.1832315464703722,-0.23510237636567338,3.9536245621778154,0.0,0.7071067811865475,0.14395066385381394,69
3869,-0.12792277383035552,-0.14739997713603842,-0.1832315464703722,-0.23510237636567338,-0.6844132059781843,0.0,0.7071067811865475,0.14395066385381394,26
3870,-0.12792277383035552,1.9658466172510216,-0.1832315464703722,-0.23510237636567338,1.2129658809947248,0.7071067811865475,0.0,1.3494642287191325,30
3872,-0.12792277383035552,-0.14739997713603842,-0.1832315464703722,-0.23510237636567338,-0.4735933074256388,0.7071067811865475,0.0,0.5457885188089201,21
3879,-0.12792277383035552,-0.8518155085983917,-0.1832315464703722,-0.23510237636567338,-0.6844132059781843,0.0,0.7071067811865475,-1.0615629010115046,41
3880,-0.12792277383035552,0.5570155543263149,-0.1832315464703722,-0.23510237636567338,-0.6844132059781843,0.7071067811865475,0.0,-0.25788719110129227,45
3881,-0.12792277383035552,0.20480778859513823,1.8254808954748094,6.138478298285584,1.4237857795472701,0.7071067811865475,0.0,-0.25788719110129227,31
3882,-0.12792277383035552,-0.4996077428672151,-0.1832315464703722,-0.23510237636567338,-0.6844132059781843,0.7071067811865475,0.0,0.5457885188089201,22
3884,-0.12792277383035552,-0.4996077428672151,-0.1832315464703722,-0.23510237636567338,-0.6844132059781843,0.7071067811865475,0.0,-1.0615629010115046,54
3885,-0.12792277383035552,-1.2040232743295685,-0.1832315464703722,-0.23510237636567338,-0.2627734088730934,0.0,0.7071067811865475,-1.0615629010115046,50
3890,4.186499958852454,-0.4996077428672151,-0.1832315464703722,-0.23510237636567338,1.6346056780998157,0.7071067811865475,0.0,-1.0615629010115046,37
3891,-0.12792277383035552,1.2614310857886681,-0.1832315464703722,-0.23510237636567338,-0.6844132059781843,0.7071067811865475,0.0,1.3494642287191325,21
3896,-0.12792277383035552,0.9092233200574916,-0.1832315464703722,-0.23510237636567338,0.5805061853370884,0.0,0.7071067811865475,1.3494642287191325,23
3897,-0.12792277383035552,-0.4996077428672151,-0.1832315464703722,-0.23510237636567338,-0.6844132059781843,0.7071067811865475,0.0,-0.25788719110129227,30
3899,-0.12792277383035552,1.2614310857886681,-0.1832315464703722,-0.23510237636567338,1.6346056780998157,0.7071067811865475,0.0,0.14395066385381394,30
3902,-0.12792277383035552,-0.14739997713603842,-0.1832315464703722,-0.23510237636567338,0.36968628678454296,0.0,0.7071067811865475,0.14395066385381394,26
3904,-0.12792277383035552,-0.8518155085983917,-0.1832315464703722,-0.23510237636567338,-0.6844132059781843,0.0,0.7071067811865475,-1.0615629010115046,59
3906,-0.12792277383035552,1.2614310857886681,-0.1832315464703722,-0.23510237636567338,2.0562454752049066,0.7071067811865475,0.0,-0.25788719110129227,29
3907,-0.12792277383035552,-1.2040232743295685,-0.1832315464703722,-0.23510237636567338,-0.6844132059781843,0.7071067811865475,0.0,-1.0615629010115046,67
3909,-0.12792277383035552,1.2614310857886681,-0.1832315464703722,-0.23510237636567338,2.0562454752049066,0.7071067811865475,0.0,-0.6597250460563985,30
3910,-0.12792277383035552,0.20480778859513823,-0.1832315464703722,-0.23510237636567338,0.36968628678454296,0.0,0.7071067811865475,0.14395066385381394,25
3911,-0.12792277383035552,0.5570155543263149,-0.1832315464703722,-0.23510237636567338,1.0021459824421792,0.7071067811865475,0.0,-0.25788719110129227,45
3917,-0.12792277383035552,-0.4996077428672151,-0.1832315464703722,1.8894245151847455,-0.6844132059781843,0.7071067811865475,0.0,0.9476263737640264,22
3918,-0.12792277383035552,-1.2040232743295685,-0.1832315464703722,-0.23510237636567338,1.0021459824421792,0.7071067811865475,0.0,-1.0615629010115046,41
3919,-0.12792277383035552,0.20480778859513823,-0.1832315464703722,-0.23510237636567338,-0.05195351032054794,0.7071067811865475,0.0,-0.6597250460563985,46
3920,-0.12792277383035552,0.20480778859513823,-0.1832315464703722,-0.23510237636567338,-0.6844132059781843,0.0,0.7071067811865475,-0.25788719110129227,27
3924,-0.12792277383035552,0.5570155543263149,-0.1832315464703722,-0.23510237636567338,2.0562454752049066,0.7071067811865475,0.0,-0.25788719110129227,37
3925,-0.12792277383035552,-0.4996077428672151,-0.1832315464703722,4.013951406735165,-0.6844132059781843,0.7071067811865475,0.0,0.5457885188089201,22
3929,-0.12792277383035552,-0.14739997713603842,-0.1832315464703722,-0.23510237636567338,-0.6844132059781843,0.7071067811865475,0.0,0.9476263737640264,19
3930,-0.12792277383035552,-0.8518155085983917,-0.1832315464703722,-0.23510237636567338,-0.2627734088730934,0.0,0.7071067811865475,-1.0615629010115046,45
3933,-0.12792277383035552,1.613638851519845,-0.1832315464703722,-0.23510237636567338,0.36968628678454296,0.7071067811865475,0.0,-0.25788719110129227,33
3934,-0.12792277383035552,0.20480778859513823,-0.1832315464703722,-0.23510237636567338,0.7913260838896339,0.7071067811865475,0.0,-1.0615629010115046,52
3935,-0.12792277383035552,0.5570155543263149,-0.1832315464703722,-0.23510237636567338,-0.6844132059781843,0.7071067811865475,0.0,1.7513020836742388,21
3936,-0.12792277383035552,1.9658466172510216,-0.1832315464703722,-0.23510237636567338,0.5805061853370884,0.0,0.7071067811865475,0.5457885188089201,43
3938,-0.12792277383035552,0.5570155543263149,-0.1832315464703722,-0.23510237636567338,-0.05195351032054794,0.7071067811865475,0.0,0.9476263737640264,33
3939,2.0292885925110493,1.9658466172510216,-0.1832315464703722,-0.23510237636567338,-0.05195351032054794,0.7071067811865475,0.0,2.153139938629345,26
3941,-0.12792277383035552,-0.4996077428672151,-0.1832315464703722,-0.23510237636567338,-0.6844132059781843,0.0,0.7071067811865475,-1.0615629010115046,37
3942,-0.12792277383035552,-1.2040232743295685,-0.1832315464703722,-0.23510237636567338,-0.4735933074256388,0.7071067811865475,0.0,-1.0615629010115046,38
3944,-0.12792277383035552,-1.2040232743295685,-0.1832315464703722,-0.23510237636567338,-0.4735933074256388,0.0,0.7071067811865475,-1.0615629010115046,35
3946,-0.12792277383035552,-0.8518155085983917,-0.1832315464703722,-0.23510237636567338,-0.4735933074256388,0.7071067811865475,0.0,-0.6597250460563985,27
3947,-0.12792277383035552,-1.2040232743295685,-0.1832315464703722,-0.23510237636567338,-0.4735933074256388,0.7071067811865475,0.0,-1.0615629010115046,40
3948,2.0292885925110493,0.20480778859513823,-0.1832315464703722,-0.23510237636567338,-0.4735933074256388,0.7071067811865475,0.0,1.3494642287191325,21
3950,-0.12792277383035552,1.613638851519845,-0.1832315464703722,-0.23510237636567338,-0.05195351032054794,0.7071067811865475,0.0,0.9476263737640264,38
3952,-0.12792277383035552,-0.14739997713603842,-0.1832315464703722,-0.23510237636567338,-0.6844132059781843,0.0,0.7071067811865475,-1.0615629010115046,37
3958,-0.12792277383035552,-1.2040232743295685,-0.1832315464703722,-0.23510237636567338,-0.6844132059781843,0.7071067811865475,0.0,-1.0615629010115046,44
3960,-0.12792277383035552,-0.8518155085983917,-0.1832315464703722,-0.23510237636567338,-0.6844132059781843,0.7071067811865475,0.0,-0.6597250460563985,30
3961,-0.12792277383035552,-1.2040232743295685,-0.1832315464703722,-0.23510237636567338,-0.6844132059781843,0.7071067811865475,0.0,-1.0615629010115046,40
3963,-0.12792277383035552,-1.2040232743295685,-0.1832315464703722,-0.23510237636567338,-0.4735933074256388,0.7071067811865475,0.0,-1.0615629010115046,49
3965,-0.12792277383035552,-1.2040232743295685,-0.1832315464703722,-0.23510237636567338,-0.6844132059781843,0.0,0.7071067811865475,-1.0615629010115046,67
3966,-0.12792277383035552,1.2614310857886681,-0.1832315464703722,-0.23510237636567338,2.2670653737574518,0.7071067811865475,0.0,0.14395066385381394,59
3969,2.0292885925110493,1.9658466172510216,-0.1832315464703722,-0.23510237636567338,-0.4735933074256388,0.7071067811865475,0.0,2.554977793584451,21
3972,-0.12792277383035552,0.9092233200574916,-0.1832315464703722,-0.23510237636567338,0.5805061853370884,0.0,0.7071067811865475,-0.25788719110129227,31
3973,-0.12792277383035552,-1.2040232743295685,-0.1832315464703722,-0.23510237636567338,-0.2627734088730934,0.7071067811865475,0.0,-1.0615629010115046,50
3974,-0.12792277383035552,-0.4996077428672151,-0.1832315464703722,-0.23510237636567338,0.7913260838896339,0.7071067811865475,0.0,-0.25788719110129227,30
3975,-0.12792277383035552,-0.8518155085983917,-0.1832315464703722,-0.23510237636567338,-0.4735933074256388,0.0,0.7071067811865475,-0.6597250460563985,28
3976,-0.12792277383035552,0.9092233200574916,-0.1832315464703722,-0.23510237636567338,0.7913260838896339,0.7071067811865475,0.0,-0.25788719110129227,48
3977,-0.12792277383035552,-1.2040232743295685,-0.1832315464703722,-0.23510237636567338,-0.6844132059781843,0.0,0.7071067811865475,-1.0615629010115046,55
3979,-0.12792277383035552,-0.4996077428672151,-0.1832315464703722,-0.23510237636567338,-0.6844132059781843,0.0,0.7071067811865475,-1.0615629010115046,42
3980,-0.12792277383035552,0.9092233200574916,-0.1832315464703722,-0.23510237636567338,-0.6844132059781843,0.0,0.7071067811865475,1.7513020836742388,34
3981,-0.12792277383035552,0.20480778859513823,-0.1832315464703722,-0.23510237636567338,0.15886638823199753,0.0,0.7071067811865475,0.14395066385381394,43
3982,-0.12792277383035552,-1.2040232743295685,-0.1832315464703722,-0.23510237636567338,-0.6844132059781843,0.7071067811865475,0.0,-1.0615629010115046,44
3985,-0.12792277383035552,0.5570155543263149,1.8254808954748094,-0.23510237636567338,2.8995250694150885,0.7071067811865475,0.0,1.3494642287191325,29
3987,-0.12792277383035552,0.20480778859513823,-0.1832315464703722,-0.23510237636567338,-0.2627734088730934,0.7071067811865475,0.0,0.14395066385381394,25
3988,-0.12792277383035552,-0.4996077428672151,-0.1832315464703722,-0.23510237636567338,-0.6844132059781843,0.0,0.7071067811865475,-0.6597250460563985,32
3989,-0.12792277383035552,-0.8518155085983917,-0.1832315464703722,-0.23510237636567338,-0.2627734088730934,0.7071067811865475,0.0,-1.0615629010115046,96
3991,-0.12792277383035552,-0.8518155085983917,-0.1832315464703722,-0.23510237636567338,-0.6844132059781843,0.0,0.7071067811865475,-0.6597250460563985,29
3992,-0.12792277383035552,0.20480778859513823,1.8254808954748094,1.8894245151847455,1.0021459824421792,0.7071067811865475,0.0,0.14395066385381394,27
3994,-0.12792277383035552,0.20480778859513823,-0.1832315464703722,-0.23510237636567338,-0.6844132059781843,0.0,0.7071067811865475,-0.6597250460563985,31
3995,-0.12792277383035552,-0.4996077428672151,-0.1832315464703722,-0.23510237636567338,-0.4735933074256388,0.7071067811865475,0.0,-0.25788719110129227,24
3997,-0.12792277383035552,0.9092233200574916,-0.1832315464703722,-0.23510237636567338,-0.6844132059781843,0.7071067811865475,0.0,0.14395066385381394,34
3998,-0.12792277383035552,-1.2040232743295685,-0.1832315464703722,-0.23510237636567338,-0.2627734088730934,0.7071067811865475,0.0,-1.0615629010115046,48
3999,-0.12792277383035552,-1.2040232743295685,-0.1832315464703722,-0.23510237636567338,-0.4735933074256388,0.7071067811865475,0.0,-1.0615629010115046,41
4000,-0.12792277383035552,1.613638851519845,-0.1832315464703722,1.8894245151847455,1.845425576652361,0.0,0.7071067811865475,0.14395066385381394,26
4001,-0.12792277383035552,0.20480778859513823,-0.1832315464703722,-0.23510237636567338,-0.6844132059781843,0.7071067811865475,0.0,-0.6597250460563985,42
4002,-0.12792277383035552,0.20480778859513823,-0.1832315464703722,-0.23510237636567338,-0.6844132059781843,0.0,0.7071067811865475,-0.25788719110129227,29
4003,-0.12792277383035552,-0.8518155085983917,-0.1832315464703722,-0.23510237636567338,-0.6844132059781843,0.0,0.7071067811865475,-0.25788719110129227,26
4004,-0.12792277383035552,-0.4996077428672151,-0.1832315464703722,-0.23510237636567338,-0.4735933074256388,0.7071067811865475,0.0,-0.25788719110129227,27
4005,-0.12792277383035552,-0.8518155085983917,-0.1832315464703722,-0.23510237636567338,0.15886638823199753,0.0,0.7071067811865475,-0.25788719110129227,35
4006,-0.12792277383035552,-1.2040232743295685,-0.1832315464703722,-0.23510237636567338,-0.4735933074256388,0.7071067811865475,0.0,-1.0615629010115046,54
4010,-0.12792277383035552,0.5570155543263149,-0.1832315464703722,-0.23510237636567338,-0.6844132059781843,0.7071067811865475,0.0,0.9476263737640264,20
4011,-0.12792277383035552,0.5570155543263149,-0.1832315464703722,-0.23510237636567338,-0.6844132059781843,0.7071067811865475,0.0,0.5457885188089201,27
4012,-0.12792277383035552,0.9092233200574916,-0.1832315464703722,-0.23510237636567338,-0.4735933074256388,0.7071067811865475,0.0,1.3494642287191325,21
4013,-0.12792277383035552,1.613638851519845,1.8254808954748094,1.8894245151847455,0.7913260838896339,0.0,0.7071067811865475,1.7513020836742388,27
4014,2.0292885925110493,1.2614310857886681,-0.1832315464703722,-0.23510237636567338,1.6346056780998157,0.7071067811865475,0.0,0.14395066385381394,34
4018,-0.12792277383035552,-1.2040232743295685,-0.1832315464703722,-0.23510237636567338,-0.6844132059781843,0.0,0.7071067811865475,-1.0615629010115046,54
4020,-0.12792277383035552,-0.8518155085983917,-0.1832315464703722,-0.23510237636567338,-0.2627734088730934,0.7071067811865475,0.0,-0.6597250460563985,29
4021,-0.12792277383035552,-1.2040232743295685,-0.1832315464703722,-0.23510237636567338,-0.4735933074256388,0.7071067811865475,0.0,-1.0615629010115046,39
4023,-0.12792277383035552,-1.2040232743295685,-0.1832315464703722,-0.23510237636567338,-0.6844132059781843,0.0,0.7071067811865475,-1.0615629010115046,33
4026,-0.12792277383035552,-0.8518155085983917,-0.1832315464703722,-0.23510237636567338,0.7913260838896339,0.7071067811865475,0.0,-1.0615629010115046,40
4028,-0.12792277383035552,-0.14739997713603842,-0.1832315464703722,-0.23510237636567338,-0.6844132059781843,0.0,0.7071067811865475,-0.6597250460563985,35
4029,-0.12792277383035552,-0.8518155085983917,-0.1832315464703722,-0.23510237636567338,-0.6844132059781843,0.0,0.7071067811865475,0.14395066385381394,28
4031,-0.12792277383035552,-1.2040232743295685,-0.1832315464703722,-0.23510237636567338,-0.6844132059781843,0.0,0.7071067811865475,-1.0615629010115046,53
4032,-0.12792277383035552,-0.14739997713603842,-0.1832315464703722,1.8894245151847455,-0.2627734088730934,0.0,0.7071067811865475,-0.25788719110129227,28
4033,-0.12792277383035552,1.2614310857886681,-0.1832315464703722,-0.23510237636567338,-0.6844132059781843,0.7071067811865475,0.0,0.14395066385381394,26
4036,-0.12792277383035552,0.20480778859513823,1.8254808954748094,-0.23510237636567338,-0.05195351032054794,0.7071067811865475,0.0,0.5457885188089201,31
4037,-0.12792277383035552,1.2614310857886681,-0.1832315464703722,-0.23510237636567338,-0.05195351032054794,0.0,0.7071067811865475,0.5457885188089201,24
4038,-0.12792277383035552,0.5570155543263149,-0.1832315464703722,-0.23510237636567338,3.321164866520179,0.7071067811865475,0.0,1.3494642287191325,45
4039,-0.12792277383035552,-0.14739997713603842,-0.1832315464703722,-0.23510237636567338,-0.4735933074256388,0.0,0.7071067811865475,-0.6597250460563985,33
4041,-0.12792277383035552,0.9092233200574916,-0.1832315464703722,-0.23510237636567338,-0.4735933074256388,0.7071067811865475,0.0,1.3494642287191325,28
4045,-0.12792277383035552,-0.4996077428672151,-0.1832315464703722,-0.23510237636567338,-0.4735933074256388,0.7071067811865475,0.0,-1.0615629010115046,45
4048,-0.12792277383035552,1.2614310857886681,-0.1832315464703722,-0.23510237636567338,-0.05195351032054794,0.7071067811865475,0.0,1.3494642287191325,33
4049,-0.12792277383035552,0.5570155543263149,-0.1832315464703722,8.263005189836003,0.15886638823199753,0.7071067811865475,0.0,0.14395066385381394,23
4052,-0.12792277383035552,0.20480778859513823,-0.1832315464703722,-0.23510237636567338,0.5805061853370884,0.7071067811865475,0.0,0.5457885188089201,36
4054,-0.12792277383035552,-0.4996077428672151,-0.1832315464703722,-0.23510237636567338,-0.6844132059781843,0.7071067811865475,0.0,0.5457885188089201,22
4059,-0.12792277383035552,0.20480778859513823,-0.1832315464703722,-0.23510237636567338,-0.2627734088730934,0.7071067811865475,0.0,0.9476263737640264,28
4060,-0.12792277383035552,-0.8518155085983917,-0.1832315464703722,-0.23510237636567338,-0.05195351032054794,0.0,0.7071067811865475,-1.0615629010115046,37
4061,-0.12792277383035552,-1.2040232743295685,-0.1832315464703722,-0.23510237636567338,-0.6844132059781843,0.0,0.7071067811865475,-1.0615629010115046,52
4062,-0.12792277383035552,-0.8518155085983917,-0.1832315464703722,-0.23510237636567338,-0.6844132059781843,0.7071067811865475,0.0,-0.25788719110129227,26
4063,-0.12792277383035552,-0.14739997713603842,-0.1832315464703722,-0.23510237636567338,0.15886638823199753,0.7071067811865475,0.0,-0.6597250460563985,28
4064,-0.12792277383035552,-0.14739997713603842,-0.1832315464703722,-0.23510237636567338,-0.2627734088730934,0.7071067811865475,0.0,-0.6597250460563985,33
4065,-0.12792277383035552,-0.14739997713603842,-0.1832315464703722,1.8894245151847455,-0.05195351032054794,0.7071067811865475,0.0,0.14395066385381394,23
4067,-0.12792277383035552,-0.14739997713603842,-0.1832315464703722,1.8894245151847455,-0.05195351032054794,0.0,0.7071067811865475,-0.6597250460563985,31
4068,-0.12792277383035552,-1.2040232743295685,-0.1832315464703722,-0.23510237636567338,-0.6844132059781843,0.0,0.7071067811865475,-1.0615629010115046,55
4069,-0.12792277383035552,-0.14739997713603842,-0.1832315464703722,4.013951406735165,-0.05195351032054794,0.7071067811865475,0.0,0.9476263737640264,24
4070,-0.12792277383035552,-1.2040232743295685,-0.1832315464703722,-0.23510237636567338,-0.2627734088730934,0.0,0.7071067811865475,-1.0615629010115046,37
4072,-0.12792277383035552,-1.2040232743295685,-0.1832315464703722,-0.23510237636567338,-0.6844132059781843,0.7071067811865475,0.0,-1.0615629010115046,41
4073,-0.12792277383035552,-0.8518155085983917,-0.1832315464703722,-0.23510237636567338,-0.6844132059781843,0.0,0.7071067811865475,-0.25788719110129227,26
4075,-0.12792277383035552,0.20480778859513823,-0.1832315464703722,-0.23510237636567338,2.0562454752049066,0.7071067811865475,0.0,0.5457885188089201,41
4076,-0.12792277383035552,0.5570155543263149,-0.1832315464703722,-0.23510237636567338,0.5805061853370884,0.7071067811865475,0.0,-0.6597250460563985,33
4078,-0.12792277383035552,-1.2040232743295685,-0.1832315464703722,-0.23510237636567338,-0.6844132059781843,0.0,0.7071067811865475,-1.0615629010115046,47
4080,-0.12792277383035552,0.20480778859513823,-0.1832315464703722,-0.23510237636567338,-0.6844132059781843,0.7071067811865475,0.0,0.9476263737640264,23
4081,-0.12792277383035552,-0.4996077428672151,-0.1832315464703722,-0.23510237636567338,-0.4735933074256388,0.7071067811865475,0.0,-0.6597250460563985,27
4082,-0.12792277383035552,0.20480778859513823,-0.1832315464703722,-0.23510237636567338,-0.6844132059781843,0.7071067811865475,0.0,0.5457885188089201,24
4084,-0.12792277383035552,1.613638851519845,1.8254808954748094,-0.23510237636567338,1.4237857795472701,0.7071067811865475,0.0,0.9476263737640264,30
4085,-0.12792277383035552,-0.4996077428672151,-0.1832315464703722,-0.23510237636567338,-0.4735933074256388,0.7071067811865475,0.0,-0.6597250460563985,55
4086,-0.12792277383035552,1.9658466172510216,-0.1832315464703722,-0.23510237636567338,2.0562454752049066,0.0,0.7071067811865475,2.554977793584451,26
4088,-0.12792277383035552,-0.4996077428672151,-0.1832315464703722,-0.23510237636567338,-0.6844132059781843,0.7071067811865475,0.0,-1.0615629010115046,35
4099,-0.12792277383035552,-0.14739997713603842,-0.1832315464703722,-0.23510237636567338,-0.4735933074256388,0.0,0.7071067811865475,0.9476263737640264,20
4100,-0.12792277383035552,1.2614310857886681,-0.1832315464703722,-0.23510237636567338,-0.05195351032054794,0.0,0.7071067811865475,1.3494642287191325,24
4101,-0.12792277383035552,1.9658466172510216,3.834193337419991,-0.23510237636567338,1.0021459824421792,0.0,0.7071067811865475,2.554977793584451,31
4104,-0.12792277383035552,-1.2040232743295685,-0.1832315464703722,-0.23510237636567338,-0.6844132059781843,0.7071067811865475,0.0,-1.0615629010115046,55
4105,-0.12792277383035552,1.613638851519845,-0.1832315464703722,-0.23510237636567338,0.7913260838896339,0.7071067811865475,0.0,2.153139938629345,33
4106,-0.12792277383035552,0.5570155543263149,-0.1832315464703722,-0.23510237636567338,0.5805061853370884,0.7071067811865475,0.0,0.14395066385381394,44
4108,-0.12792277383035552,1.613638851519845,-0.1832315464703722,-0.23510237636567338,4.586084257835452,0.7071067811865475,0.0,2.153139938629345,41
4111,-0.12792277383035552,1.2614310857886681,-0.1832315464703722,-0.23510237636567338,1.2129658809947248,0.0,0.7071067811865475,0.5457885188089201,56
4112,-0.12792277383035552,-0.4996077428672151,-0.1832315464703722,-0.23510237636567338,-0.4735933074256388,0.7071067811865475,0.0,0.9476263737640264,21
4117,-0.12792277383035552,-1.2040232743295685,-0.1832315464703722,-0.23510237636567338,-0.4735933074256388,0.0,0.7071067811865475,-1.0615629010115046,48
4119,-0.12792277383035552,0.5570155543263149,-0.1832315464703722,-0.23510237636567338,0.7913260838896339,0.7071067811865475,0.0,1.7513020836742388,56
4120,-0.12792277383035552,-1.2040232743295685,-0.1832315464703722,-0.23510237636567338,-0.2627734088730934,0.0,0.7071067811865475,-1.0615629010115046,39
4121,-0.12792277383035552,-0.8518155085983917,-0.1832315464703722,-0.23510237636567338,-0.6844132059781843,0.7071067811865475,0.0,-0.6597250460563985,31
4122,-0.12792277383035552,0.5570155543263149,-0.1832315464703722,-0.23510237636567338,-0.6844132059781843,0.7071067811865475,0.0,0.14395066385381394,25
4125,-0.12792277383035552,0.20480778859513823,-0.1832315464703722,-0.23510237636567338,-0.05195351032054794,0.7071067811865475,0.0,0.14395066385381394,28
4126,-0.12792277383035552,-0.8518155085983917,-0.1832315464703722,-0.23510237636567338,-0.6844132059781843,0.7071067811865475,0.0,-0.6597250460563985,30
4127,-0.12792277383035552,1.2614310857886681,-0.1832315464703722,-0.23510237636567338,-0.6844132059781843,0.0,0.7071067811865475,1.7513020836742388,19
4128,-0.12792277383035552,-0.14739997713603842,-0.1832315464703722,-0.23510237636567338,-0.6844132059781843,0.0,0.7071067811865475,1.3494642287191325,20
4130,-0.12792277383035552,-1.2040232743295685,-0.1832315464703722,-0.23510237636567338,-0.6844132059781843,0.7071067811865475,0.0,-1.0615629010115046,57
4134,-0.12792277383035552,0.5570155543263149,-0.1832315464703722,-0.23510237636567338,1.0021459824421792,0.0,0.7071067811865475,1.3494642287191325,51
4135,-0.12792277383035552,-0.4996077428672151,-0.1832315464703722,-0.23510237636567338,0.36968628678454296,0.7071067811865475,0.0,0.14395066385381394,27
4136,-0.12792277383035552,0.20480778859513823,-0.1832315464703722,4.013951406735165,-0.6844132059781843,0.7071067811865475,0.0,-0.6597250460563985,26
4137,-0.12792277383035552,1.2614310857886681,-0.1832315464703722,-0.23510237636567338,-0.05195351032054794,0.0,0.7071067811865475,0.5457885188089201,23
4139,-0.12792277383035552,1.2614310857886681,1.8254808954748094,-0.23510237636567338,2.2670653737574518,0.0,0.7071067811865475,0.5457885188089201,35
4141,-0.12792277383035552,0.5570155543263149,-0.1832315464703722,-0.23510237636567338,0.36968628678454296,0.7071067811865475,0.0,0.14395066385381394,37
4143,-0.12792277383035552,-1.2040232743295685,-0.1832315464703722,-0.23510237636567338,-0.6844132059781843,0.7071067811865475,0.0,-1.0615629010115046,48
4144,-0.12792277383035552,1.613638851519845,-0.1832315464703722,1.8894245151847455,-0.6844132059781843,0.7071067811865475,0.0,2.153139938629345,21
4154,-0.12792277383035552,-1.2040232743295685,-0.1832315464703722,-0.23510237636567338,-0.4735933074256388,0.0,0.7071067811865475,-1.0615629010115046,52
4157,-0.12792277383035552,-0.14739997713603842,-0.1832315464703722,-0.23510237636567338,-0.6844132059781843,0.7071067811865475,0.0,0.5457885188089201,22
4159,-0.12792277383035552,-0.8518155085983917,-0.1832315464703722,-0.23510237636567338,-0.4735933074256388,0.7071067811865475,0.0,-1.0615629010115046,41
4160,-0.12792277383035552,0.20480778859513823,-0.1832315464703722,-0.23510237636567338,-0.4735933074256388,0.0,0.7071067811865475,0.14395066385381394,25
4161,-0.12792277383035552,-1.2040232743295685,-0.1832315464703722,-0.23510237636567338,-0.6844132059781843,0.0,0.7071067811865475,-1.0615629010115046,54
4162,8.500922691535264,1.9658466172510216,-0.1832315464703722,-0.23510237636567338,2.0562454752049066,0.7071067811865475,0.0,2.153139938629345,25
4164,-0.12792277383035552,-0.14739997713603842,-0.1832315464703722,-0.23510237636567338,0.15886638823199753,0.7071067811865475,0.0,-1.0615629010115046,40
4165,-0.12792277383035552,0.9092233200574916,-0.1832315464703722,-0.23510237636567338,-0.6844132059781843,0.7071067811865475,0.0,0.9476263737640264,22
4168,-0.12792277383035552,-0.14739997713603842,-0.1832315464703722,-0.23510237636567338,1.4237857795472701,0.7071067811865475,0.0,-0.6597250460563985,50
4169,-0.12792277383035552,-0.4996077428672151,-0.1832315464703722,-0.23510237636567338,-0.2627734088730934,0.0,0.7071067811865475,0.14395066385381394,35
4170,-0.12792277383035552,1.613638851519845,-0.1832315464703722,-0.23510237636567338,0.7913260838896339,0.7071067811865475,0.0,2.554977793584451,28
4171,-0.12792277383035552,0.9092233200574916,-0.1832315464703722,-0.23510237636567338,-0.6844132059781843,0.7071067811865475,0.0,0.9476263737640264,21
4178,-0.12792277383035552,-0.4996077428672151,-0.1832315464703722,-0.23510237636567338,-0.6844132059781843,0.7071067811865475,0.0,0.14395066385381394,27
4179,-0.12792277383035552,-0.4996077428672151,-0.1832315464703722,-0.23510237636567338,-0.6844132059781843,0.7071067811865475,0.0,0.5457885188089201,22
4180,-0.12792277383035552,1.613638851519845,-0.1832315464703722,-0.23510237636567338,3.5319847650727247,0.7071067811865475,0.0,-0.25788719110129227,38
4182,-0.12792277383035552,0.20480778859513823,-0.1832315464703722,-0.23510237636567338,-0.6844132059781843,0.7071067811865475,0.0,-0.6597250460563985,32
4183,-0.12792277383035552,-1.2040232743295685,-0.1832315464703722,-0.23510237636567338,-0.6844132059781843,0.7071067811865475,0.0,-1.0615629010115046,59
4185,-0.12792277383035552,0.5570155543263149,-0.1832315464703722,-0.23510237636567338,-0.6844132059781843,0.0,0.7071067811865475,2.153139938629345,20
4186,-0.12792277383035552,-1.2040232743295685,-0.1832315464703722,-0.23510237636567338,-0.6844132059781843,0.7071067811865475,0.0,-1.0615629010115046,59
4187,-0.12792277383035552,-1.2040232743295685,-0.1832315464703722,-0.23510237636567338,-0.4735933074256388,0.7071067811865475,0.0,-1.0615629010115046,44
4189,-0.12792277383035552,1.9658466172510216,1.8254808954748094,1.8894245151847455,1.2129658809947248,0.0,0.7071067811865475,2.153139938629345,26
4190,-0.12792277383035552,0.5570155543263149,1.8254808954748094,-0.23510237636567338,1.2129658809947248,0.7071067811865475,0.0,-0.25788719110129227,30
4192,-0.12792277383035552,1.2614310857886681,1.8254808954748094,1.8894245151847455,-0.05195351032054794,0.0,0.7071067811865475,0.14395066385381394,25
4193,-0.12792277383035552,-1.2040232743295685,-0.1832315464703722,-0.23510237636567338,-0.6844132059781843,0.0,0.7071067811865475,-1.0615629010115046,44
4195,-0.12792277383035552,0.5570155543263149,-0.1832315464703722,-0.23510237636567338,-0.6844132059781843,0.0,0.7071067811865475,0.14395066385381394,31
4196,-0.12792277383035552,-0.4996077428672151,-0.1832315464703722,-0.23510237636567338,-0.6844132059781843,0.7071067811865475,0.0,-0.6597250460563985,32
4198,-0.12792277383035552,1.613638851519845,-0.1832315464703722,-0.23510237636567338,3.9536245621778154,0.7071067811865475,0.0,0.9476263737640264,37
4199,2.0292885925110493,-0.14739997713603842,-0.1832315464703722,-0.23510237636567338,-0.2627734088730934,0.7071067811865475,0.0,0.9476263737640264,22
4202,-0.12792277383035552,0.5570155543263149,-0.1832315464703722,-0.23510237636567338,1.0021459824421792,0.0,0.7071067811865475,1.3494642287191325,38
4203,-0.12792277383035552,-0.14739997713603842,-0.1832315464703722,-0.23510237636567338,-0.2627734088730934,0.7071067811865475,0.0,-0.6597250460563985,34
4204,-0.12792277383035552,-0.4996077428672151,1.8254808954748094,-0.23510237636567338,0.7913260838896339,0.7071067811865475,0.0,-0.6597250460563985,30
4205,-0.12792277383035552,-0.14739997713603842,-0.1832315464703722,-0.23510237636567338,-0.6844132059781843,0.7071067811865475,0.0,-0.6597250460563985,38
4207,-0.12792277383035552,1.9658466172510216,-0.1832315464703722,-0.23510237636567338,1.4237857795472701,0.7071067811865475,0.0,0.5457885188089201,36
4211,-0.12792277383035552,-1.2040232743295685,-0.1832315464703722,-0.23510237636567338,-0.6844132059781843,0.7071067811865475,0.0,-1.0615629010115046,46
4217,-0.12792277383035552,0.20480778859513823,-0.1832315464703722,-0.23510237636567338,-0.2627734088730934,0.7071067811865475,0.0,0.14395066385381394,35
4219,-0.12792277383035552,-1.2040232743295685,-0.1832315464703722,-0.23510237636567338,-0.6844132059781843,0.7071067811865475,0.0,-1.0615629010115046,35
4220,-0.12792277383035552,0.5570155543263149,-0.1832315464703722,-0.23510237636567338,-0.4735933074256388,0.7071067811865475,0.0,0.9476263737640264,20
4223,-0.12792277383035552,1.613638851519845,-0.1832315464703722,-0.23510237636567338,1.2129658809947248,0.7071067811865475,0.0,0.5457885188089201,30
4225,-0.12792277383035552,1.613638851519845,-0.1832315464703722,-0.23510237636567338,2.688705170862543,0.7071067811865475,0.0,0.9476263737640264,34
4226,-0.12792277383035552,-0.14739997713603842,-0.1832315464703722,-0.23510237636567338,-0.05195351032054794,0.7071067811865475,0.0,-0.6597250460563985,31
4227,-0.12792277383035552,-1.2040232743295685,-0.1832315464703722,-0.23510237636567338,-0.6844132059781843,0.0,0.7071067811865475,-1.0615629010115046,32
4228,-0.12792277383035552,1.2614310857886681,1.8254808954748094,1.8894245151847455,0.15886638823199753,0.7071067811865475,0.0,0.9476263737640264,31
4229,-0.12792277383035552,1.2614310857886681,1.8254808954748094,1.8894245151847455,-0.2627734088730934,0.7071067811865475,0.0,1.3494642287191325,22
4230,-0.12792277383035552,1.9658466172510216,-0.1832315464703722,-0.23510237636567338,-0.6844132059781843,0.7071067811865475,0.0,1.3494642287191325,31
4232,-0.12792277383035552,0.20480778859513823,-0.1832315464703722,-0.23510237636567338,0.36968628678454296,0.0,0.7071067811865475,-0.25788719110129227,36
4233,-0.12792277383035552,-1.2040232743295685,-0.1832315464703722,-0.23510237636567338,-0.2627734088730934,0.0,0.7071067811865475,-1.0615629010115046,39
4235,-0.12792277383035552,1.613638851519845,-0.1832315464703722,-0.23510237636567338,1.2129658809947248,0.7071067811865475,0.0,0.5457885188089201,51
4236,-0.12792277383035552,-0.8518155085983917,-0.1832315464703722,-0.23510237636567338,0.7913260838896339,0.7071067811865475,0.0,-0.6597250460563985,35
4239,-0.12792277383035552,-0.4996077428672151,-0.1832315464703722,1.8894245151847455,-0.6844132059781843,0.7071067811865475,0.0,-0.6597250460563985,35
4240,-0.12792277383035552,-0.8518155085983917,-0.1832315464703722,-0.23510237636567338,-0.6844132059781843,0.7071067811865475,0.0,0.14395066385381394,23
4245,-0.12792277383035552,-0.4996077428672151,-0.1832315464703722,-0.23510237636567338,-0.6844132059781843,0.0,0.7071067811865475,-1.0615629010115046,37
4247,-0.12792277383035552,0.5570155543263149,-0.1832315464703722,4.013951406735165,-0.05195351032054794,0.0,0.7071067811865475,-0.25788719110129227,25
4250,-0.12792277383035552,-0.4996077428672151,-0.1832315464703722,-0.23510237636567338,-0.6844132059781843,0.7071067811865475,0.0,-0.25788719110129227,27
4252,-0.12792277383035552,-1.2040232743295685,-0.1832315464703722,-0.23510237636567338,-0.2627734088730934,0.0,0.7071067811865475,-1.0615629010115046,47
4254,-0.12792277383035552,0.5570155543263149,-0.1832315464703722,-0.23510237636567338,1.845425576652361,0.0,0.7071067811865475,0.14395066385381394,46
4255,-0.12792277383035552,0.20480778859513823,-0.1832315464703722,-0.23510237636567338,-0.6844132059781843,0.7071067811865475,0.0,0.9476263737640264,27
4256,-0.12792277383035552,1.613638851519845,-0.1832315464703722,-0.23510237636567338,-0.6844132059781843,0.7071067811865475,0.0,1.7513020836742388,34
4258,-0.12792277383035552,-0.8518155085983917,-0.1832315464703722,-0.23510237636567338,-0.6844132059781843,0.0,0.7071067811865475,-0.25788719110129227,25
4260,-0.12792277383035552,0.20480778859513823,1.8254808954748094,-0.23510237636567338,0.36968628678454296,0.0,0.7071067811865475,0.14395066385381394,26
4262,-0.12792277383035552,-0.14739997713603842,-0.1832315464703722,-0.23510237636567338,-0.4735933074256388,0.7071067811865475,0.0,0.14395066385381394,25
4265,-0.12792277383035552,1.2614310857886681,-0.1832315464703722,-0.23510237636567338,1.2129658809947248,0.7071067811865475,0.0,-1.0615629010115046,60
4267,-0.12792277383035552,-1.2040232743295685,-0.1832315464703722,-0.23510237636567338,-0.6844132059781843,0.0,0.7071067811865475,-1.0615629010115046,49
4269,-0.12792277383035552,1.613638851519845,-0.1832315464703722,-0.23510237636567338,1.845425576652361,0.7071067811865475,0.0,-0.25788719110129227,30
4270,-0.12792277383035552,-0.14739997713603842,-0.1832315464703722,-0.23510237636567338,-0.6844132059781843,0.7071067811865475,0.0,1.3494642287191325,21
4274,-0.12792277383035552,1.2614310857886681,-0.1832315464703722,-0.23510237636567338,0.15886638823199753,0.7071067811865475,0.0,-0.25788719110129227,25
4276,-0.12792277383035552,-0.14739997713603842,-0.1832315464703722,-0.23510237636567338,-0.6844132059781843,0.7071067811865475,0.0,1.7513020836742388,21
4280,-0.12792277383035552,1.613638851519845,-0.1832315464703722,-0.23510237636567338,-0.4735933074256388,0.0,0.7071067811865475,-0.25788719110129227,29
4281,-0.12792277383035552,-0.14739997713603842,-0.1832315464703722,-0.23510237636567338,0.15886638823199753,0.0,0.7071067811865475,-0.6597250460563985,29
4282,-0.12792277383035552,-0.4996077428672151,-0.1832315464703722,-0.23510237636567338,-0.6844132059781843,0.0,0.7071067811865475,0.9476263737640264,21
4284,-0.12792277383035552,-1.2040232743295685,-0.1832315464703722,-0.23510237636567338,0.15886638823199753,0.0,0.7071067811865475,-1.0615629010115046,53
4288,-0.12792277383035552,-1.2040232743295685,-0.1832315464703722,-0.23510237636567338,-0.2627734088730934,0.7071067811865475,0.0,-1.0615629010115046,51
4290,-0.12792277383035552,-1.2040232743295685,-0.1832315464703722,-0.23510237636567338,-0.4735933074256388,0.0,0.7071067811865475,-0.6597250460563985,29
4292,-0.12792277383035552,0.20480778859513823,-0.1832315464703722,-0.23510237636567338,-0.6844132059781843,0.7071067811865475,0.0,0.5457885188089201,24
4293,-0.12792277383035552,1.9658466172510216,1.8254808954748094,18.8856396475881,-0.2627734088730934,0.7071067811865475,0.0,2.153139938629345,24
4296,-0.12792277383035552,-0.8518155085983917,-0.1832315464703722,-0.23510237636567338,0.36968628678454296,0.7071067811865475,0.0,-1.0615629010115046,37
4297,-0.12792277383035552,1.613638851519845,-0.1832315464703722,-0.23510237636567338,-0.6844132059781843,0.7071067811865475,0.0,1.3494642287191325,20
4300,-0.12792277383035552,-1.2040232743295685,-0.1832315464703722,-0.23510237636567338,-0.4735933074256388,0.7071067811865475,0.0,-1.0615629010115046,53
4303,-0.12792277383035552,1.2614310857886681,-0.1832315464703722,-0.23510237636567338,0.36968628678454296,0.7071067811865475,0.0,0.9476263737640264,25
4305,-0.12792277383035552,-1.2040232743295685,-0.1832315464703722,-0.23510237636567338,-0.6844132059781843,0.0,0.7071067811865475,-1.0615629010115046,38
4306,-0.12792277383035552,1.9658466172510216,1.8254808954748094,1.8894245151847455,-0.05195351032054794,0.7071067811865475,0.0,2.554977793584451,22
4307,-0.12792277383035552,1.2614310857886681,-0.1832315464703722,-0.23510237636567338,-0.4735933074256388,0.7071067811865475,0.0,1.7513020836742388,21
4310,-0.12792277383035552,0.20480778859513823,-0.1832315464703722,-0.23510237636567338,-0.4735933074256388,0.7071067811865475,0.0,0.9476263737640264,21
4311,4.186499958852454,1.2614310857886681,-0.1832315464703722,-0.23510237636567338,0.5805061853370884,0.0,0.7071067811865475,1.7513020836742388,27
4314,-0.12792277383035552,0.9092233200574916,1.8254808954748094,-0.23510237636567338,2.2670653737574518,0.0,0.7071067811865475,1.7513020836742388,28
4315,-0.12792277383035552,-0.14739997713603842,-0.1832315464703722,-0.23510237636567338,0.5805061853370884,0.0,0.7071067811865475,-1.0615629010115046,49
4316,-0.12792277383035552,1.613638851519845,-0.1832315464703722,-0.23510237636567338,0.7913260838896339,0.7071067811865475,0.0,-0.25788719110129227,52
4317,-0.12792277383035552,0.5570155543263149,-0.1832315464703722,-0.23510237636567338,-0.4735933074256388,0.0,0.7071067811865475,0.5457885188089201,25
4319,-0.12792277383035552,-0.14739997713603842,-0.1832315464703722,-0.23510237636567338,-0.2627734088730934,0.7071067811865475,0.0,-1.0615629010115046,56
4320,-0.12792277383035552,1.613638851519845,-0.1832315464703722,-0.23510237636567338,3.9536245621778154,0.7071067811865475,0.0,0.14395066385381394,34
4322,-0.12792277383035552,0.9092233200574916,-0.1832315464703722,-0.23510237636567338,0.7913260838896339,0.7071067811865475,0.0,0.14395066385381394,35
4323,-0.12792277383035552,-0.4996077428672151,-0.1832315464703722,-0.23510237636567338,-0.4735933074256388,0.0,0.7071067811865475,0.14395066385381394,23
4324,-0.12792277383035552,0.20480778859513823,-0.1832315464703722,4.013951406735165,-0.6844132059781843,0.7071067811865475,0.0,0.9476263737640264,22
4328,-0.12792277383035552,1.2614310857886681,-0.1832315464703722,-0.23510237636567338,-0.6844132059781843,0.7071067811865475,0.0,1.7513020836742388,23
4329,-0.12792277383035552,1.9658466172510216,-0.1832315464703722,-0.23510237636567338,0.15886638823199753,0.0,0.7071067811865475,0.9476263737640264,30
4330,-0.12792277383035552,0.5570155543263149,-0.1832315464703722,-0.23510237636567338,-0.4735933074256388,0.0,0.7071067811865475,-0.25788719110129227,42
4331,-0.12792277383035552,1.2614310857886681,-0.1832315464703722,4.013951406735165,4.375264359282906,0.0,0.7071067811865475,1.7513020836742388,50
4333,-0.12792277383035552,-1.2040232743295685,-0.1832315464703722,-0.23510237636567338,0.15886638823199753,0.0,0.7071067811865475,-0.6597250460563985,37
4335,-0.12792277383035552,1.613638851519845,-0.1832315464703722,-0.23510237636567338,-0.6844132059781843,0.7071067811865475,0.0,-0.25788719110129227,37
4336,-0.12792277383035552,-0.14739997713603842,-0.1832315464703722,-0.23510237636567338,-0.4735933074256388,0.7071067811865475,0.0,0.5457885188089201,23
4337,-0.12792277383035552,-1.2040232743295685,-0.1832315464703722,-0.23510237636567338,-0.6844132059781843,0.7071067811865475,0.0,-1.0615629010115046,41
4338,2.0292885925110493,-0.8518155085983917,-0.1832315464703722,-0.23510237636567338,0.36968628678454296,0.7071067811865475,0.0,-1.0615629010115046,50
4339,-0.12792277383035552,1.9658466172510216,-0.1832315464703722,-0.23510237636567338,3.321164866520179,0.7071067811865475,0.0,2.153139938629345,41
4340,-0.12792277383035552,-0.8518155085983917,-0.1832315464703722,-0.23510237636567338,-0.2627734088730934,0.7071067811865475,0.0,-0.6597250460563985,26
4341,-0.12792277383035552,0.9092233200574916,-0.1832315464703722,-0.23510237636567338,1.0021459824421792,0.7071067811865475,0.0,0.14395066385381394,40
4342,-0.12792277383035552,1.2614310857886681,-0.1832315464703722,-0.23510237636567338,-0.2627734088730934,0.7071067811865475,0.0,2.153139938629345,23
4346,-0.12792277383035552,-0.8518155085983917,-0.1832315464703722,-0.23510237636567338,-0.4735933074256388,0.7071067811865475,0.0,-1.0615629010115046,55
4348,-0.12792277383035552,0.5570155543263149,-0.1832315464703722,-0.23510237636567338,-0.6844132059781843,0.7071067811865475,0.0,0.14395066385381394,24
4353,-0.12792277383035552,-1.2040232743295685,1.8254808954748094,-0.23510237636567338,0.36968628678454296,0.0,0.7071067811865475,-1.0615629010115046,33
4356,-0.12792277383035552,-0.8518155085983917,-0.1832315464703722,-0.23510237636567338,-0.6844132059781843,0.7071067811865475,0.0,0.14395066385381394,23
4357,-0.12792277383035552,0.9092233200574916,-0.1832315464703722,-0.23510237636567338,-0.4735933074256388,0.0,0.7071067811865475,-0.25788719110129227,37
4358,-0.12792277383035552,-1.2040232743295685,-0.1832315464703722,-0.23510237636567338,-0.6844132059781843,0.7071067811865475,0.0,-1.0615629010115046,64
4360,-0.12792277383035552,-1.2040232743295685,-0.1832315464703722,-0.23510237636567338,-0.6844132059781843,0.0,0.7071067811865475,-1.0615629010115046,51
4362,-0.12792277383035552,-1.2040232743295685,-0.1832315464703722,-0.23510237636567338,0.15886638823199753,0.7071067811865475,0.0,-1.0615629010115046,40
4367,-0.12792277383035552,0.5570155543263149,-0.1832315464703722,-0.23510237636567338,-0.05195351032054794,0.0,0.7071067811865475,-0.25788719110129227,35
4368,-0.12792277383035552,-0.14739997713603842,-0.1832315464703722,-0.23510237636567338,-0.4735933074256388,0.7071067811865475,0.0,0.5457885188089201,22
4370,-0.12792277383035552,1.613638851519845,-0.1832315464703722,-0.23510237636567338,-0.2627734088730934,0.7071067811865475,0.0,0.9476263737640264,29
4371,-0.12792277383035552,-1.2040232743295685,-0.1832315464703722,-0.23510237636567338,-0.6844132059781843,0.0,0.7071067811865475,-1.0615629010115046,57
4372,-0.12792277383035552,0.20480778859513823,1.8254808954748094,4.013951406735165,-0.4735933074256388,0.0,0.7071067811865475,1.7513020836742388,20
4376,-0.12792277383035552,0.20480778859513823,-0.1832315464703722,-0.23510237636567338,-0.6844132059781843,0.0,0.7071067811865475,0.5457885188089201,23
4377,-0.12792277383035552,1.2614310857886681,-0.1832315464703722,-0.23510237636567338,-0.05195351032054794,0.7071067811865475,0.0,2.153139938629345,23
4378,-0.12792277383035552,-0.14739997713603842,-0.1832315464703722,-0.23510237636567338,1.2129658809947248,0.0,0.7071067811865475,-0.25788719110129227,36
4381,-0.12792277383035552,-1.2040232743295685,-0.1832315464703722,-0.23510237636567338,-0.4735933074256388,0.0,0.7071067811865475,-1.0615629010115046,55
4383,-0.12792277383035552,0.9092233200574916,-0.1832315464703722,-0.23510237636567338,3.1103449679676336,0.0,0.7071067811865475,-1.0615629010115046,53
4384,-0.12792277383035552,1.613638851519845,-0.1832315464703722,-0.23510237636567338,-0.4735933074256388,0.7071067811865475,0.0,1.7513020836742388,21
4385,-0.12792277383035552,-0.4996077428672151,-0.1832315464703722,-0.23510237636567338,-0.05195351032054794,0.0,0.7071067811865475,-0.25788719110129227,27
4387,-0.12792277383035552,1.613638851519845,1.8254808954748094,-0.23510237636567338,0.5805061853370884,0.7071067811865475,0.0,1.7513020836742388,28
4388,-0.12792277383035552,-0.4996077428672151,-0.1832315464703722,-0.23510237636567338,-0.4735933074256388,0.7071067811865475,0.0,0.14395066385381394,26
4389,-0.12792277383035552,0.5570155543263149,-0.1832315464703722,-0.23510237636567338,-0.4735933074256388,0.7071067811865475,0.0,-0.25788719110129227,25
4390,-0.12792277383035552,-1.2040232743295685,-0.1832315464703722,-0.23510237636567338,-0.6844132059781843,0.7071067811865475,0.0,-1.0615629010115046,66
4391,-0.12792277383035552,-0.8518155085983917,-0.1832315464703722,-0.23510237636567338,-0.05195351032054794,0.0,0.7071067811865475,-0.6597250460563985,28
4394,-0.12792277383035552,0.20480778859513823,-0.1832315464703722,-0.23510237636567338,-0.6844132059781843,0.0,0.7071067811865475,0.5457885188089201,24
4396,-0.12792277383035552,-0.8518155085983917,-0.1832315464703722,-0.23510237636567338,3.1103449679676336,0.0,0.7071067811865475,-0.25788719110129227,60
4397,-0.12792277383035552,-0.14739997713603842,-0.1832315464703722,-0.23510237636567338,-0.2627734088730934,0.7071067811865475,0.0,-0.6597250460563985,37
4400,-0.12792277383035552,-1.2040232743295685,-0.1832315464703722,-0.23510237636567338,-0.6844132059781843,0.0,0.7071067811865475,-1.0615629010115046,73
4401,-0.12792277383035552,-0.8518155085983917,-0.1832315464703722,-0.23510237636567338,-0.6844132059781843,0.7071067811865475,0.0,-1.0615629010115046,44
4402,-0.12792277383035552,-1.2040232743295685,-0.1832315464703722,-0.23510237636567338,-0.6844132059781843,0.0,0.7071067811865475,-1.0615629010115046,42
4403,-0.12792277383035552,0.9092233200574916,-0.1832315464703722,-0.23510237636567338,0.5805061853370884,0.7071067811865475,0.0,0.14395066385381394,40
4406,-0.12792277383035552,1.9658466172510216,-0.1832315464703722,-0.23510237636567338,-0.6844132059781843,0.7071067811865475,0.0,1.7513020836742388,21
4407,-0.12792277383035552,-1.2040232743295685,-0.1832315464703722,-0.23510237636567338,-0.6844132059781843,0.0,0.7071067811865475,-1.0615629010115046,56
4408,-0.12792277383035552,-1.2040232743295685,-0.1832315464703722,-0.23510237636567338,-0.05195351032054794,0.7071067811865475,0.0,-1.0615629010115046,42
4411,-0.12792277383035552,-0.4996077428672151,-0.1832315464703722,-0.23510237636567338,-0.4735933074256388,0.7071067811865475,0.0,-1.0615629010115046,50
4414,-0.12792277383035552,-0.8518155085983917,-0.1832315464703722,-0.23510237636567338,-0.6844132059781843,0.0,0.7071067811865475,-0.6597250460563985,34
4415,-0.12792277383035552,-1.2040232743295685,-0.1832315464703722,-0.23510237636567338,-0.4735933074256388,0.0,0.7071067811865475,-1.0615629010115046,47
4416,-0.12792277383035552,-0.8518155085983917,-0.1832315464703722,-0.23510237636567338,-0.05195351032054794,0.7071067811865475,0.0,-1.0615629010115046,58
4418,-0.12792277383035552,-0.14739997713603842,-0.1832315464703722,-0.23510237636567338,-0.05195351032054794,0.7071067811865475,0.0,-1.0615629010115046,48
4419,-0.12792277383035552,-0.4996077428672151,-0.1832315464703722,-0.23510237636567338,-0.6844132059781843,0.7071067811865475,0.0,0.9476263737640264,20
4421,-0.12792277383035552,-0.8518155085983917,-0.1832315464703722,-0.23510237636567338,1.4237857795472701,0.7071067811865475,0.0,-1.0615629010115046,53
4422,-0.12792277383035552,1.613638851519845,-0.1832315464703722,-0.23510237636567338,-0.6844132059781843,0.7071067811865475,0.0,0.9476263737640264,29
4425,-0.12792277383035552,-1.2040232743295685,-0.1832315464703722,-0.23510237636567338,-0.4735933074256388,0.0,0.7071067811865475,-0.6597250460563985,38
4426,-0.12792277383035552,-0.8518155085983917,-0.1832315464703722,-0.23510237636567338,-0.6844132059781843,0.0,0.7071067811865475,-1.0615629010115046,43
4430,-0.12792277383035552,-0.4996077428672151,-0.1832315464703722,-0.23510237636567338,-0.2627734088730934,0.0,0.7071067811865475,0.5457885188089201,25
4431,-0.12792277383035552,-1.2040232743295685,-0.1832315464703722,-0.23510237636567338,-0.4735933074256388,0.0,0.7071067811865475,-1.0615629010115046,53
4432,-0.12792277383035552,0.9092233200574916,-0.1832315464703722,6.138478298285584,-0.6844132059781843,0.0,0.7071067811865475,2.554977793584451,22
4433,-0.12792277383035552,-0.8518155085983917,-0.1832315464703722,-0.23510237636567338,-0.4735933074256388,0.0,0.7071067811865475,-0.6597250460563985,32
4434,-0.12792277383035552,0.9092233200574916,-0.1832315464703722,-0.23510237636567338,1.2129658809947248,0.0,0.7071067811865475,0.5457885188089201,26
4435,-0.12792277383035552,-1.2040232743295685,-0.1832315464703722,-0.23510237636567338,-0.6844132059781843,0.7071067811865475,0.0,-1.0615629010115046,48
4436,-0.12792277383035552,1.9658466172510216,-0.1832315464703722,-0.23510237636567338,0.15886638823199753,0.7071067811865475,0.0,2.153139938629345,23
4437,-0.12792277383035552,-1.2040232743295685,-0.1832315464703722,-0.23510237636567338,-0.4735933074256388,0.0,0.7071067811865475,-1.0615629010115046,71
4438,-0.12792277383035552,-1.2040232743295685,-0.1832315464703722,-0.23510237636567338,-0.6844132059781843,0.0,0.7071067811865475,-1.0615629010115046,61
4439,-0.12792277383035552,0.20480778859513823,-0.1832315464703722,-0.23510237636567338,-0.2627734088730934,0.0,0.7071067811865475,0.5457885188089201,22
4441,-0.12792277383035552,-0.8518155085983917,-0.1832315464703722,-0.23510237636567338,-0.4735933074256388,0.0,0.7071067811865475,-1.0615629010115046,54
4442,-0.12792277383035552,1.613638851519845,3.834193337419991,-0.23510237636567338,0.5805061853370884,0.7071067811865475,0.0,1.3494642287191325,24
4443,-0.12792277383035552,0.20480778859513823,-0.1832315464703722,-0.23510237636567338,-0.6844132059781843,0.7071067811865475,0.0,-0.25788719110129227,28
4444,-0.12792277383035552,1.9658466172510216,-0.1832315464703722,-0.23510237636567338,-0.2627734088730934,0.7071067811865475,0.0,1.7513020836742388,25
4445,-0.12792277383035552,0.20480778859513823,-0.1832315464703722,-0.23510237636567338,-0.4735933074256388,0.7071067811865475,0.0,0.5457885188089201,22
4447,-0.12792277383035552,-0.4996077428672151,-0.1832315464703722,-0.23510237636567338,-0.2627734088730934,0.7071067811865475,0.0,0.14395066385381394,24
4448,-0.12792277383035552,-0.14739997713603842,-0.1832315464703722,-0.23510237636567338,-0.6844132059781843,0.7071067811865475,0.0,-0.25788719110129227,35
4450,-0.12792277383035552,-0.4996077428672151,-0.1832315464703722,-0.23510237636567338,-0.6844132059781843,0.7071067811865475,0.0,0.5457885188089201,21
4451,-0.12792277383035552,-1.2040232743295685,-0.1832315464703722,-0.23510237636567338,-0.4735933074256388,0.0,0.7071067811865475,-1.0615629010115046,49
4452,-0.12792277383035552,1.613638851519845,-0.1832315464703722,-0.23510237636567338,0.5805061853370884,0.7071067811865475,0.0,1.3494642287191325,26
4453,-0.12792277383035552,1.613638851519845,1.8254808954748094,-0.23510237636567338,0.7913260838896339,0.7071067811865475,0.0,2.153139938629345,30
4457,-0.12792277383035552,-0.14739997713603842,-0.1832315464703722,-0.23510237636567338,0.36968628678454296,0.7071067811865475,0.0,0.9476263737640264,30
4461,-0.12792277383035552,-1.2040232743295685,-0.1832315464703722,-0.23510237636567338,1.0021459824421792,0.7071067811865475,0.0,-1.0615629010115046,64
4463,-0.12792277383035552,-0.8518155085983917,1.8254808954748094,-0.23510237636567338,0.7913260838896339,0.7071067811865475,0.0,-1.0615629010115046,45
4464,-0.12792277383035552,-0.8518155085983917,-0.1832315464703722,-0.23510237636567338,-0.05195351032054794,0.0,0.7071067811865475,-0.6597250460563985,37
4466,-0.12792277383035552,0.9092233200574916,-0.1832315464703722,-0.23510237636567338,-0.4735933074256388,0.7071067811865475,0.0,-0.25788719110129227,34
4468,-0.12792277383035552,-1.2040232743295685,-0.1832315464703722,-0.23510237636567338,0.15886638823199753,0.7071067811865475,0.0,-1.0615629010115046,60
4469,-0.12792277383035552,-1.2040232743295685,-0.1832315464703722,-0.23510237636567338,-0.6844132059781843,0.0,0.7071067811865475,-1.0615629010115046,58
4471,-0.12792277383035552,-1.2040232743295685,-0.1832315464703722,-0.23510237636567338,-0.6844132059781843,0.7071067811865475,0.0,-0.6597250460563985,27
4473,-0.12792277383035552,-1.2040232743295685,-0.1832315464703722,-0.23510237636567338,-0.6844132059781843,0.0,0.7071067811865475,-0.6597250460563985,30
4475,-0.12792277383035552,-0.8518155085983917,-0.1832315464703722,4.013951406735165,-0.6844132059781843,0.0,0.7071067811865475,-0.25788719110129227,25
4476,-0.12792277383035552,1.2614310857886681,-0.1832315464703722,-0.23510237636567338,3.321164866520179,0.7071067811865475,0.0,0.5457885188089201,60
4478,-0.12792277383035552,1.2614310857886681,-0.1832315464703722,-0.23510237636567338,4.375264359282906,0.7071067811865475,0.0,0.14395066385381394,56
4479,-0.12792277383035552,-1.2040232743295685,-0.1832315464703722,-0.23510237636567338,-0.2627734088730934,0.0,0.7071067811865475,-0.6597250460563985,33
4480,-0.12792277383035552,1.613638851519845,1.8254808954748094,-0.23510237636567338,1.2129658809947248,0.7071067811865475,0.0,2.153139938629345,25
4483,-0.12792277383035552,0.9092233200574916,-0.1832315464703722,-0.23510237636567338,0.5805061853370884,0.7071067811865475,0.0,0.14395066385381394,32
4485,-0.12792277383035552,-0.4996077428672151,-0.1832315464703722,-0.23510237636567338,-0.05195351032054794,0.7071067811865475,0.0,0.14395066385381394,24
4486,-0.12792277383035552,1.2614310857886681,1.8254808954748094,-0.23510237636567338,-0.2627734088730934,0.7071067811865475,0.0,1.7513020836742388,23
4488,-0.12792277383035552,0.5570155543263149,-0.1832315464703722,-0.23510237636567338,-0.05195351032054794,0.7071067811865475,0.0,0.5457885188089201,23
4491,-0.12792277383035552,-0.14739997713603842,-0.1832315464703722,-0.23510237636567338,-0.4735933074256388,0.7071067811865475,0.0,0.5457885188089201,25
4492,-0.12792277383035552,-0.14739997713603842,-0.1832315464703722,-0.23510237636567338,-0.6844132059781843,0.7071067811865475,0.0,0.9476263737640264,20
4493,-0.12792277383035552,1.613638851519845,-0.1832315464703722,8.263005189836003,1.2129658809947248,0.7071067811865475,0.0,1.3494642287191325,32
4494,-0.12792277383035552,-1.2040232743295685,-0.1832315464703722,-0.23510237636567338,-0.6844132059781843,0.7071067811865475,0.0,-0.6597250460563985,49
4495,-0.12792277383035552,-0.4996077428672151,-0.1832315464703722,-0.23510237636567338,-0.4735933074256388,0.7071067811865475,0.0,0.5457885188089201,22
4496,-0.12792277383035552,-0.4996077428672151,-0.1832315464703722,-0.23510237636567338,-0.6844132059781843,0.7071067811865475,0.0,0.14395066385381394,24
4498,-0.12792277383035552,0.9092233200574916,-0.1832315464703722,-0.23510237636567338,1.4237857795472701,0.7071067811865475,0.0,0.5457885188089201,26
4503,-0.12792277383035552,-0.8518155085983917,-0.1832315464703722,-0.23510237636567338,-0.4735933074256388,0.0,0.7071067811865475,-0.6597250460563985,29
4505,-0.12792277383035552,0.5570155543263149,-0.1832315464703722,-0.23510237636567338,-0.6844132059781843,0.7071067811865475,0.0,0.5457885188089201,22
4508,-0.12792277383035552,0.20480778859513823,-0.1832315464703722,-0.23510237636567338,-0.05195351032054794,0.7071067811865475,0.0,0.14395066385381394,26
4509,-0.12792277383035552,0.9092233200574916,-0.1832315464703722,-0.23510237636567338,-0.6844132059781843,0.7071067811865475,0.0,1.3494642287191325,21
4510,-0.12792277383035552,-1.2040232743295685,-0.1832315464703722,-0.23510237636567338,-0.2627734088730934,0.0,0.7071067811865475,-1.0615629010115046,54
4511,-0.12792277383035552,-1.2040232743295685,-0.1832315464703722,-0.23510237636567338,-0.4735933074256388,0.7071067811865475,0.0,-1.0615629010115046,59
4512,-0.12792277383035552,1.2614310857886681,-0.1832315464703722,1.8894245151847455,-0.6844132059781843,0.7071067811865475,0.0,1.7513020836742388,22
4513,-0.12792277383035552,-0.14739997713603842,-0.1832315464703722,-0.23510237636567338,-0.4735933074256388,0.7071067811865475,0.0,0.9476263737640264,24
4514,-0.12792277383035552,0.9092233200574916,-0.1832315464703722,-0.23510237636567338,3.5319847650727247,0.7071067811865475,0.0,-1.0615629010115046,64
4516,-0.12792277383035552,-1.2040232743295685,-0.1832315464703722,-0.23510237636567338,-0.4735933074256388,0.0,0.7071067811865475,-1.0615629010115046,45
4517,-0.12792277383035552,-0.14739997713603842,-0.1832315464703722,-0.23510237636567338,-0.6844132059781843,0.7071067811865475,0.0,0.5457885188089201,22
4518,-0.12792277383035552,-0.4996077428672151,-0.1832315464703722,-0.23510237636567338,0.36968628678454296,0.7071067811865475,0.0,0.14395066385381394,24
4520,-0.12792277383035552,0.5570155543263149,-0.1832315464703722,-0.23510237636567338,-0.05195351032054794,0.7071067811865475,0.0,-0.25788719110129227,30
4521,-0.12792277383035552,0.20480778859513823,-0.1832315464703722,-0.23510237636567338,-0.6844132059781843,0.7071067811865475,0.0,-0.25788719110129227,27
4524,-0.12792277383035552,-0.14739997713603842,-0.1832315464703722,4.013951406735165,-0.6844132059781843,0.7071067811865475,0.0,1.3494642287191325,20
4525,-0.12792277383035552,0.20480778859513823,-0.1832315464703722,-0.23510237636567338,-0.6844132059781843,0.7071067811865475,0.0,0.14395066385381394,29
4526,-0.12792277383035552,0.20480778859513823,-0.1832315464703722,-0.23510237636567338,0.36968628678454296,0.7071067811865475,0.0,0.14395066385381394,28
4527,-0.12792277383035552,-1.2040232743295685,-0.1832315464703722,-0.23510237636567338,-0.6844132059781843,0.0,0.7071067811865475,-1.0615629010115046,37
4530,-0.12792277383035552,-0.8518155085983917,-0.1832315464703722,-0.23510237636567338,-0.2627734088730934,0.7071067811865475,0.0,-0.25788719110129227,25
4533,-0.12792277383035552,0.5570155543263149,-0.1832315464703722,1.8894245151847455,-0.05195351032054794,0.7071067811865475,0.0,0.9476263737640264,23
4534,-0.12792277383035552,-0.8518155085983917,-0.1832315464703722,-0.23510237636567338,-0.6844132059781843,0.0,0.7071067811865475,-1.0615629010115046,32
4536,-0.12792277383035552,-1.2040232743295685,-0.1832315464703722,-0.23510237636567338,-0.4735933074256388,0.7071067811865475,0.0,-1.0615629010115046,44
4537,-0.12792277383035552,-0.14739997713603842,-0.1832315464703722,-0.23510237636567338,1.0021459824421792,0.7071067811865475,0.0,-0.6597250460563985,41
4541,-0.12792277383035552,-0.8518155085983917,-0.1832315464703722,-0.23510237636567338,-0.05195351032054794,0.7071067811865475,0.0,-0.6597250460563985,30
4544,-0.12792277383035552,0.20480778859513823,-0.1832315464703722,-0.23510237636567338,-0.2627734088730934,0.0,0.7071067811865475,0.9476263737640264,27
4546,-0.12792277383035552,-1.2040232743295685,-0.1832315464703722,-0.23510237636567338,-0.6844132059781843,0.7071067811865475,0.0,-1.0615629010115046,32
4550,-0.12792277383035552,1.2614310857886681,1.8254808954748094,1.8894245151847455,4.375264359282906,0.0,0.7071067811865475,1.3494642287191325,40
4553,-0.12792277383035552,-0.4996077428672151,-0.1832315464703722,-0.23510237636567338,-0.2627734088730934,0.0,0.7071067811865475,-0.6597250460563985,34
4556,-0.12792277383035552,-0.14739997713603842,-0.1832315464703722,-0.23510237636567338,-0.05195351032054794,0.0,0.7071067811865475,-1.0615629010115046,33
4558,-0.12792277383035552,-1.2040232743295685,-0.1832315464703722,-0.23510237636567338,-0.6844132059781843,0.7071067811865475,0.0,-0.6597250460563985,33
4560,-0.12792277383035552,-1.2040232743295685,-0.1832315464703722,-0.23510237636567338,-0.4735933074256388,0.0,0.7071067811865475,-1.0615629010115046,37
4562,-0.12792277383035552,0.20480778859513823,-0.1832315464703722,-0.23510237636567338,1.2129658809947248,0.0,0.7071067811865475,0.14395066385381394,28
4563,-0.12792277383035552,0.20480778859513823,-0.1832315464703722,-0.23510237636567338,-0.6844132059781843,0.7071067811865475,0.0,0.5457885188089201,25
4566,-0.12792277383035552,-0.14739997713603842,-0.1832315464703722,-0.23510237636567338,-0.4735933074256388,0.0,0.7071067811865475,-0.25788719110129227,30
4567,-0.12792277383035552,-0.8518155085983917,-0.1832315464703722,-0.23510237636567338,-0.6844132059781843,0.0,0.7071067811865475,-1.0615629010115046,47
4568,-0.12792277383035552,-0.8518155085983917,-0.1832315464703722,-0.23510237636567338,-0.6844132059781843,0.7071067811865475,0.0,-0.25788719110129227,24
4574,-0.12792277383035552,1.2614310857886681,-0.1832315464703722,-0.23510237636567338,1.2129658809947248,0.7071067811865475,0.0,0.14395066385381394,31
4579,-0.12792277383035552,-0.14739997713603842,-0.1832315464703722,-0.23510237636567338,-0.6844132059781843,0.7071067811865475,0.0,-1.0615629010115046,52
4580,-0.12792277383035552,1.9658466172510216,-0.1832315464703722,1.8894245151847455,0.36968628678454296,0.7071067811865475,0.0,1.7513020836742388,25
4582,-0.12792277383035552,1.2614310857886681,-0.1832315464703722,-0.23510237636567338,0.7913260838896339,0.0,0.7071067811865475,-0.25788719110129227,46
4584,-0.12792277383035552,-1.2040232743295685,-0.1832315464703722,-0.23510237636567338,-0.05195351032054794,0.0,0.7071067811865475,-1.0615629010115046,62
4587,-0.12792277383035552,0.9092233200574916,-0.1832315464703722,-0.23510237636567338,-0.6844132059781843,0.0,0.7071067811865475,0.14395066385381394,36
4588,-0.12792277383035552,-0.4996077428672151,-0.1832315464703722,1.8894245151847455,-0.2627734088730934,0.7071067811865475,0.0,0.14395066385381394,24
4590,-0.12792277383035552,-0.8518155085983917,-0.1832315464703722,-0.23510237636567338,-0.05195351032054794,0.0,0.7071067811865475,-1.0615629010115046,37
4591,-0.12792277383035552,1.613638851519845,3.834193337419991,1.8894245151847455,1.2129658809947248,0.7071067811865475,0.0,2.153139938629345,25
4592,-0.12792277383035552,1.9658466172510216,-0.1832315464703722,1.8894245151847455,-0.6844132059781843,0.0,0.7071067811865475,2.153139938629345,21
4593,-0.12792277383035552,-1.2040232743295685,-0.1832315464703722,-0.23510237636567338,-0.6844132059781843,0.0,0.7071067811865475,-1.0615629010115046,38
4595,-0.12792277383035552,0.9092233200574916,-0.1832315464703722,-0.23510237636567338,0.36968628678454296,0.7071067811865475,0.0,0.5457885188089201,29
4596,-0.12792277383035552,-1.2040232743295685,-0.1832315464703722,-0.23510237636567338,-0.6844132059781843,0.0,0.7071067811865475,-1.0615629010115046,52
4598,-0.12792277383035552,1.9658466172510216,-0.1832315464703722,-0.23510237636567338,0.36968628678454296,0.7071067811865475,0.0,1.7513020836742388,29
4599,-0.12792277383035552,-0.8518155085983917,-0.1832315464703722,-0.23510237636567338,2.0562454752049066,0.7071067811865475,0.0,-0.6597250460563985,59
4603,-0.12792277383035552,-0.4996077428672151,-0.1832315464703722,-0.23510237636567338,-0.2627734088730934,0.7071067811865475,0.0,-1.0615629010115046,39
4604,-0.12792277383035552,-1.2040232743295685,-0.1832315464703722,-0.23510237636567338,-0.4735933074256388,0.0,0.7071067811865475,-1.0615629010115046,48
4605,-0.12792277383035552,-1.2040232743295685,-0.1832315464703722,-0.23510237636567338,-0.05195351032054794,0.0,0.7071067811865475,-1.0615629010115046,31
4608,-0.12792277383035552,1.9658466172510216,1.8254808954748094,1.8894245151847455,-0.4735933074256388,0.7071067811865475,0.0,1.7513020836742388,20
4609,-0.12792277383035552,-1.2040232743295685,-0.1832315464703722,-0.23510237636567338,-0.6844132059781843,0.0,0.7071067811865475,-1.0615629010115046,50
4610,-0.12792277383035552,1.613638851519845,-0.1832315464703722,-0.23510237636567338,0.7913260838896339,0.7071067811865475,0.0,1.7513020836742388,27
4611,-0.12792277383035552,-1.2040232743295685,-0.1832315464703722,-0.23510237636567338,-0.6844132059781843,0.0,0.7071067811865475,-0.6597250460563985,27
4612,-0.12792277383035552,0.9092233200574916,-0.1832315464703722,-0.23510237636567338,0.15886638823199753,0.7071067811865475,0.0,-0.6597250460563985,31
4615,-0.12792277383035552,0.5570155543263149,-0.1832315464703722,-0.23510237636567338,-0.2627734088730934,0.0,0.7071067811865475,0.5457885188089201,24
4616,-0.12792277383035552,1.613638851519845,-0.1832315464703722,-0.23510237636567338,0.15886638823199753,0.7071067811865475,0.0,2.153139938629345,24
4617,-0.12792277383035552,-0.8518155085983917,-0.1832315464703722,-0.23510237636567338,-0.6844132059781843,0.0,0.7071067811865475,-0.25788719110129227,30
4620,-0.12792277383035552,-0.8518155085983917,-0.1832315464703722,-0.23510237636567338,-0.6844132059781843,0.7071067811865475,0.0,-1.0615629010115046,41
4622,-0.12792277383035552,-0.4996077428672151,-0.1832315464703722,-0.23510237636567338,-0.4735933074256388,0.7071067811865475,0.0,-0.25788719110129227,38
4624,-0.12792277383035552,1.2614310857886681,-0.1832315464703722,-0.23510237636567338,-0.2627734088730934,0.7071067811865475,0.0,0.9476263737640264,32
4627,-0.12792277383035552,-1.2040232743295685,-0.1832315464703722,-0.23510237636567338,-0.6844132059781843,0.0,0.7071067811865475,-1.0615629010115046,69
4628,-0.12792277383035552,1.613638851519845,-0.1832315464703722,-0.23510237636567338,-0.4735933074256388,0.7071067811865475,0.0,2.153139938629345,25
4629,-0.12792277383035552,-1.2040232743295685,-0.1832315464703722,-0.23510237636567338,-0.6844132059781843,0.0,0.7071067811865475,-0.6597250460563985,55
4631,2.0292885925110493,1.9658466172510216,-0.1832315464703722,-0.23510237636567338,0.7913260838896339,0.7071067811865475,0.0,1.3494642287191325,28
4634,-0.12792277383035552,-0.14739997713603842,-0.1832315464703722,-0.23510237636567338,-0.6844132059781843,0.0,0.7071067811865475,-0.6597250460563985,27
4636,-0.12792277383035552,0.5570155543263149,-0.1832315464703722,-0.23510237636567338,-0.4735933074256388,0.7071067811865475,0.0,1.3494642287191325,20
4637,-0.12792277383035552,-1.2040232743295685,-0.1832315464703722,-0.23510237636567338,-0.2627734088730934,0.7071067811865475,0.0,-0.6597250460563985,36
4639,-0.12792277383035552,-0.14739997713603842,-0.1832315464703722,4.013951406735165,1.4237857795472701,0.7071067811865475,0.0,-0.25788719110129227,39
4640,-0.12792277383035552,1.9658466172510216,1.8254808954748094,1.8894245151847455,1.4237857795472701,0.7071067811865475,0.0,0.9476263737640264,25
4641,-0.12792277383035552,-0.14739997713603842,-0.1832315464703722,-0.23510237636567338,-0.4735933074256388,0.0,0.7071067811865475,-0.6597250460563985,35
4643,-0.12792277383035552,1.9658466172510216,1.8254808954748094,6.138478298285584,1.845425576652361,0.0,0.7071067811865475,0.9476263737640264,32
4645,-0.12792277383035552,-1.2040232743295685,-0.1832315464703722,-0.23510237636567338,-0.6844132059781843,0.0,0.7071067811865475,-1.0615629010115046,69
4647,-0.12792277383035552,0.5570155543263149,-0.1832315464703722,1.8894245151847455,-0.4735933074256388,0.0,0.7071067811865475,1.7513020836742388,21
4648,-0.12792277383035552,-1.2040232743295685,-0.1832315464703722,-0.23510237636567338,-0.4735933074256388,0.7071067811865475,0.0,-1.0615629010115046,41
4649,-0.12792277383035552,0.20480778859513823,-0.1832315464703722,-0.23510237636567338,-0.6844132059781843,0.7071067811865475,0.0,0.9476263737640264,21
4651,-0.12792277383035552,1.2614310857886681,-0.1832315464703722,-0.23510237636567338,-0.6844132059781843,0.7071067811865475,0.0,0.9476263737640264,38
4652,-0.12792277383035552,1.613638851519845,-0.1832315464703722,-0.23510237636567338,-0.4735933074256388,0.7071067811865475,0.0,2.153139938629345,21
4657,-0.12792277383035552,-0.8518155085983917,-0.1832315464703722,-0.23510237636567338,-0.2627734088730934,0.0,0.7071067811865475,-0.25788719110129227,35
4658,-0.12792277383035552,0.5570155543263149,-0.1832315464703722,-0.23510237636567338,0.36968628678454296,0.0,0.7071067811865475,0.9476263737640264,34
4659,-0.12792277383035552,-1.2040232743295685,-0.1832315464703722,-0.23510237636567338,-0.6844132059781843,0.0,0.7071067811865475,-1.0615629010115046,52
4660,-0.12792277383035552,1.2614310857886681,-0.1832315464703722,-0.23510237636567338,-0.6844132059781843,0.7071067811865475,0.0,1.7513020836742388,21
4661,-0.12792277383035552,-0.8518155085983917,-0.1832315464703722,-0.23510237636567338,1.0021459824421792,0.0,0.7071067811865475,-0.6597250460563985,43
4662,-0.12792277383035552,-0.8518155085983917,-0.1832315464703722,-0.23510237636567338,-0.6844132059781843,0.7071067811865475,0.0,-0.6597250460563985,32
4663,-0.12792277383035552,0.5570155543263149,-0.1832315464703722,-0.23510237636567338,0.36968628678454296,0.7071067811865475,0.0,-0.25788719110129227,49
4665,-0.12792277383035552,-0.14739997713603842,-0.1832315464703722,-0.23510237636567338,-0.6844132059781843,0.0,0.7071067811865475,0.5457885188089201,21
4667,-0.12792277383035552,0.20480778859513823,-0.1832315464703722,-0.23510237636567338,0.36968628678454296,0.7071067811865475,0.0,-0.25788719110129227,28
4668,-0.12792277383035552,-1.2040232743295685,-0.1832315464703722,-0.23510237636567338,-0.4735933074256388,0.7071067811865475,0.0,-1.0615629010115046,65
4670,-0.12792277383035552,-0.4996077428672151,-0.1832315464703722,-0.23510237636567338,-0.6844132059781843,0.0,0.7071067811865475,-0.25788719110129227,27
4672,-0.12792277383035552,1.2614310857886681,-0.1832315464703722,-0.23510237636567338,3.5319847650727247,0.7071067811865475,0.0,0.9476263737640264,48
4674,-0.12792277383035552,-0.4996077428672151,-0.1832315464703722,-0.23510237636567338,-0.6844132059781843,0.0,0.7071067811865475,0.9476263737640264,20
4675,-0.12792277383035552,0.5570155543263149,-0.1832315464703722,-0.23510237636567338,0.7913260838896339,0.7071067811865475,0.0,-0.25788719110129227,49
4677,-0.12792277383035552,-0.4996077428672151,-0.1832315464703722,-0.23510237636567338,0.5805061853370884,0.0,0.7071067811865475,-1.0615629010115046,42
4678,-0.12792277383035552,-0.4996077428672151,-0.1832315464703722,-0.23510237636567338,0.5805061853370884,0.7071067811865475,0.0,-0.6597250460563985,63
4679,-0.12792277383035552,-0.8518155085983917,-0.1832315464703722,-0.23510237636567338,-0.6844132059781843,0.0,0.7071067811865475,-1.0615629010115046,40
4680,-0.12792277383035552,-0.8518155085983917,-0.1832315464703722,-0.23510237636567338,-0.6844132059781843,0.7071067811865475,0.0,-0.25788719110129227,34
4681,-0.12792277383035552,1.9658466172510216,-0.1832315464703722,-0.23510237636567338,-0.4735933074256388,0.7071067811865475,0.0,2.153139938629345,21
4682,-0.12792277383035552,-0.8518155085983917,-0.1832315464703722,-0.23510237636567338,-0.4735933074256388,0.0,0.7071067811865475,-0.6597250460563985,27
4683,-0.12792277383035552,-1.2040232743295685,-0.1832315464703722,-0.23510237636567338,-0.6844132059781843,0.0,0.7071067811865475,-1.0615629010115046,29
4684,-0.12792277383035552,1.9658466172510216,-0.1832315464703722,-0.23510237636567338,-0.6844132059781843,0.0,0.7071067811865475,0.5457885188089201,35
4686,-0.12792277383035552,-1.2040232743295685,-0.1832315464703722,-0.23510237636567338,-0.6844132059781843,0.0,0.7071067811865475,-0.6597250460563985,50
4692,-0.12792277383035552,-1.2040232743295685,-0.1832315464703722,-0.23510237636567338,-0.6844132059781843,0.0,0.7071067811865475,-1.0615629010115046,47
4694,-0.12792277383035552,-0.14739997713603842,-0.1832315464703722,-0.23510237636567338,-0.2627734088730934,0.0,0.7071067811865475,-1.0615629010115046,44
4696,-0.12792277383035552,-1.2040232743295685,-0.1832315464703722,-0.23510237636567338,-0.6844132059781843,0.7071067811865475,0.0,-1.0615629010115046,56
4697,-0.12792277383035552,-0.4996077428672151,-0.1832315464703722,-0.23510237636567338,-0.6844132059781843,0.0,0.7071067811865475,0.5457885188089201,23
4698,-0.12792277383035552,0.5570155543263149,-0.1832315464703722,-0.23510237636567338,1.4237857795472701,0.7071067811865475,0.0,-1.0615629010115046,54
4701,-0.12792277383035552,1.9658466172510216,-0.1832315464703722,-0.23510237636567338,2.8995250694150885,0.7071067811865475,0.0,1.7513020836742388,38
4703,-0.12792277383035552,-0.8518155085983917,-0.1832315464703722,-0.23510237636567338,-0.6844132059781843,0.7071067811865475,0.0,-0.25788719110129227,25
4704,-0.12792277383035552,-0.4996077428672151,-0.1832315464703722,-0.23510237636567338,-0.2627734088730934,0.7071067811865475,0.0,-0.25788719110129227,44
4705,-0.12792277383035552,-0.4996077428672151,-0.1832315464703722,-0.23510237636567338,-0.05195351032054794,0.0,0.7071067811865475,-1.0615629010115046,52
4706,-0.12792277383035552,-0.8518155085983917,-0.1832315464703722,-0.23510237636567338,-0.6844132059781843,0.7071067811865475,0.0,-0.6597250460563985,52
4707,-0.12792277383035552,1.613638851519845,-0.1832315464703722,-0.23510237636567338,-0.6844132059781843,0.0,0.7071067811865475,1.7513020836742388,21
4710,-0.12792277383035552,-0.14739997713603842,-0.1832315464703722,-0.23510237636567338,1.2129658809947248,0.7071067811865475,0.0,-0.6597250460563985,30
4712,-0.12792277383035552,-0.8518155085983917,-0.1832315464703722,-0.23510237636567338,0.5805061853370884,0.7071067811865475,0.0,-1.0615629010115046,56
4715,-0.12792277383035552,1.2614310857886681,-0.1832315464703722,-0.23510237636567338,1.845425576652361,0.7071067811865475,0.0,1.3494642287191325,35
4718,-0.12792277383035552,-1.2040232743295685,-0.1832315464703722,-0.23510237636567338,-0.4735933074256388,0.7071067811865475,0.0,-1.0615629010115046,39
4719,-0.12792277383035552,-1.2040232743295685,-0.1832315464703722,-0.23510237636567338,-0.6844132059781843,0.0,0.7071067811865475,-0.6597250460563985,29
4721,-0.12792277383035552,0.20480778859513823,-0.1832315464703722,-0.23510237636567338,-0.2627734088730934,0.7071067811865475,0.0,1.7513020836742388,23
4722,-0.12792277383035552,0.20480778859513823,-0.1832315464703722,-0.23510237636567338,-0.6844132059781843,0.0,0.7071067811865475,-0.25788719110129227,26
4724,-0.12792277383035552,-1.2040232743295685,-0.1832315464703722,-0.23510237636567338,-0.4735933074256388,0.0,0.7071067811865475,-1.0615629010115046,64
4726,-0.12792277383035552,-1.2040232743295685,-0.1832315464703722,-0.23510237636567338,-0.6844132059781843,0.7071067811865475,0.0,-1.0615629010115046,58
4730,-0.12792277383035552,-0.8518155085983917,-0.1832315464703722,4.013951406735165,-0.4735933074256388,0.7071067811865475,0.0,0.5457885188089201,20
4731,-0.12792277383035552,0.20480778859513823,-0.1832315464703722,-0.23510237636567338,-0.6844132059781843,0.7071067811865475,0.0,1.3494642287191325,21
4732,-0.12792277383035552,0.20480778859513823,-0.1832315464703722,-0.23510237636567338,-0.6844132059781843,0.7071067811865475,0.0,1.7513020836742388,21
4735,-0.12792277383035552,0.9092233200574916,-0.1832315464703722,-0.23510237636567338,-0.6844132059781843,0.7071067811865475,0.0,1.7513020836742388,23
4737,-0.12792277383035552,-0.14739997713603842,-0.1832315464703722,-0.23510237636567338,-0.05195351032054794,0.7071067811865475,0.0,-0.25788719110129227,46
4739,-0.12792277383035552,1.613638851519845,25.930030198816986,1.8894245151847455,3.7428046636252703,0.7071067811865475,0.0,2.153139938629345,25
4743,-0.12792277383035552,0.9092233200574916,-0.1832315464703722,-0.23510237636567338,0.36968628678454296,0.7071067811865475,0.0,0.5457885188089201,35
4748,-0.12792277383035552,-0.4996077428672151,-0.1832315464703722,-0.23510237636567338,-0.6844132059781843,0.0,0.7071067811865475,-0.6597250460563985,30
4749,-0.12792277383035552,-1.2040232743295685,-0.1832315464703722,-0.23510237636567338,-0.4735933074256388,0.7071067811865475,0.0,-1.0615629010115046,47
4750,-0.12792277383035552,-0.14739997713603842,-0.1832315464703722,-0.23510237636567338,0.15886638823199753,0.7071067811865475,0.0,-0.6597250460563985,30
4754,-0.12792277383035552,-1.2040232743295685,-0.1832315464703722,-0.23510237636567338,-0.4735933074256388,0.7071067811865475,0.0,-1.0615629010115046,47
4757,-0.12792277383035552,-0.8518155085983917,-0.1832315464703722,-0.23510237636567338,-0.4735933074256388,0.7071067811865475,0.0,-1.0615629010115046,39
4761,-0.12792277383035552,-0.8518155085983917,-0.1832315464703722,-0.23510237636567338,-0.2627734088730934,0.0,0.7071067811865475,-0.6597250460563985,30
4763,-0.12792277383035552,-0.4996077428672151,-0.1832315464703722,4.013951406735165,-0.4735933074256388,0.7071067811865475,0.0,0.14395066385381394,24
4765,-0.12792277383035552,-1.2040232743295685,-0.1832315464703722,-0.23510237636567338,-0.05195351032054794,0.7071067811865475,0.0,-1.0615629010115046,45
4766,-0.12792277383035552,1.613638851519845,-0.1832315464703722,-0.23510237636567338,-0.2627734088730934,0.7071067811865475,0.0,-0.25788719110129227,26
4767,-0.12792277383035552,-0.8518155085983917,-0.1832315464703722,-0.23510237636567338,-0.05195351032054794,0.7071067811865475,0.0,-1.0615629010115046,39
4769,-0.12792277383035552,-0.4996077428672151,-0.1832315464703722,-0.23510237636567338,-0.4735933074256388,0.7071067811865475,0.0,-1.0615629010115046,40
4772,-0.12792277383035552,1.9658466172510216,-0.1832315464703722,-0.23510237636567338,-0.6844132059781843,0.7071067811865475,0.0,0.9476263737640264,24
4773,-0.12792277383035552,0.9092233200574916,-0.1832315464703722,1.8894245151847455,-0.4735933074256388,0.7071067811865475,0.0,0.14395066385381394,23
4774,-0.12792277383035552,-1.2040232743295685,-0.1832315464703722,-0.23510237636567338,-0.6844132059781843,0.0,0.7071067811865475,-1.0615629010115046,61
4775,-0.12792277383035552,0.20480778859513823,-0.1832315464703722,-0.23510237636567338,-0.05195351032054794,0.7071067811865475,0.0,-0.25788719110129227,42
4776,-0.12792277383035552,-0.8518155085983917,-0.1832315464703722,-0.23510237636567338,-0.05195351032054794,0.7071067811865475,0.0,-1.0615629010115046,38
4778,-0.12792277383035552,-1.2040232743295685,-0.1832315464703722,-0.23510237636567338,-0.6844132059781843,0.7071067811865475,0.0,-1.0615629010115046,67
4780,-0.12792277383035552,0.5570155543263149,-0.1832315464703722,-0.23510237636567338,-0.2627734088730934,0.7071067811865475,0.0,1.3494642287191325,23
4783,-0.12792277383035552,-0.14739997713603842,-0.1832315464703722,-0.23510237636567338,-0.4735933074256388,0.7071067811865475,0.0,-0.6597250460563985,31
4784,2.0292885925110493,1.2614310857886681,-0.1832315464703722,-0.23510237636567338,2.4778852723099973,0.7071067811865475,0.0,0.9476263737640264,40
4787,-0.12792277383035552,-0.8518155085983917,-0.1832315464703722,-0.23510237636567338,-0.6844132059781843,0.7071067811865475,0.0,-0.6597250460563985,44
4789,-0.12792277383035552,0.9092233200574916,-0.1832315464703722,-0.23510237636567338,1.4237857795472701,0.7071067811865475,0.0,-0.6597250460563985,37
4792,-0.12792277383035552,1.613638851519845,1.8254808954748094,-0.23510237636567338,-0.05195351032054794,0.0,0.7071067811865475,0.9476263737640264,22
4793,-0.12792277383035552,-0.4996077428672151,-0.1832315464703722,-0.23510237636567338,0.5805061853370884,0.0,0.7071067811865475,-0.6597250460563985,31
4794,-0.12792277383035552,0.9092233200574916,-0.1832315464703722,-0.23510237636567338,1.2129658809947248,0.7071067811865475,0.0,1.3494642287191325,28
4796,-0.12792277383035552,0.5570155543263149,-0.1832315464703722,-0.23510237636567338,0.36968628678454296,0.0,0.7071067811865475,0.14395066385381394,24
4797,-0.12792277383035552,-0.14739997713603842,-0.1832315464703722,-0.23510237636567338,1.2129658809947248,0.7071067811865475,0.0,-0.25788719110129227,33
4800,-0.12792277383035552,1.9658466172510216,5.842905779365172,4.013951406735165,1.4237857795472701,0.7071067811865475,0.0,2.153139938629345,30
4801,-0.12792277383035552,-1.2040232743295685,1.8254808954748094,-0.23510237636567338,0.36968628678454296,0.7071067811865475,0.0,-0.6597250460563985,31
4805,-0.12792277383035552,0.9092233200574916,-0.1832315464703722,-0.23510237636567338,-0.6844132059781843,0.7071067811865475,0.0,-0.25788719110129227,35
4808,-0.12792277383035552,1.2614310857886681,-0.1832315464703722,-0.23510237636567338,4.164444460730361,0.7071067811865475,0.0,1.3494642287191325,57
4809,-0.12792277383035552,0.9092233200574916,-0.1832315464703722,-0.23510237636567338,1.0021459824421792,0.7071067811865475,0.0,0.5457885188089201,39
4811,-0.12792277383035552,-0.8518155085983917,-0.1832315464703722,-0.23510237636567338,-0.05195351032054794,0.7071067811865475,0.0,-0.6597250460563985,65
4812,-0.12792277383035552,1.613638851519845,-0.1832315464703722,-0.23510237636567338,-0.6844132059781843,0.0,0.7071067811865475,1.3494642287191325,22
4815,-0.12792277383035552,0.5570155543263149,-0.1832315464703722,-0.23510237636567338,-0.2627734088730934,0.7071067811865475,0.0,-0.6597250460563985,35
4817,-0.12792277383035552,-0.4996077428672151,1.8254808954748094,-0.23510237636567338,-0.2627734088730934,0.0,0.7071067811865475,0.14395066385381394,29
4820,-0.12792277383035552,1.2614310857886681,-0.1832315464703722,-0.23510237636567338,2.0562454752049066,0.7071067811865475,0.0,0.5457885188089201,62
4825,-0.12792277383035552,-0.4996077428672151,-0.1832315464703722,-0.23510237636567338,-0.6844132059781843,0.0,0.7071067811865475,0.5457885188089201,22
4826,-0.12792277383035552,-0.4996077428672151,-0.1832315464703722,-0.23510237636567338,1.0021459824421792,0.7071067811865475,0.0,-0.25788719110129227,31
4827,-0.12792277383035552,-1.2040232743295685,-0.1832315464703722,-0.23510237636567338,-0.4735933074256388,0.7071067811865475,0.0,-1.0615629010115046,56
4828,-0.12792277383035552,0.5570155543263149,-0.1832315464703722,-0.23510237636567338,-0.2627734088730934,0.7071067811865475,0.0,0.5457885188089201,25
4831,-0.12792277383035552,-0.14739997713603842,-0.1832315464703722,-0.23510237636567338,1.4237857795472701,0.0,0.7071067811865475,-0.6597250460563985,33
4833,-0.12792277383035552,0.20480778859513823,-0.1832315464703722,-0.23510237636567338,-0.2627734088730934,0.7071067811865475,0.0,0.9476263737640264,25
4834,-0.12792277383035552,0.20480778859513823,-0.1832315464703722,-0.23510237636567338,-0.05195351032054794,0.7071067811865475,0.0,-0.25788719110129227,27
4835,-0.12792277383035552,1.9658466172510216,-0.1832315464703722,-0.23510237636567338,-0.4735933074256388,0.7071067811865475,0.0,2.554977793584451,37
4837,-0.12792277383035552,-1.2040232743295685,-0.1832315464703722,-0.23510237636567338,-0.2627734088730934,0.0,0.7071067811865475,-1.0615629010115046,41
4839,-0.12792277383035552,1.2614310857886681,-0.1832315464703722,1.8894245151847455,0.36968628678454296,0.7071067811865475,0.0,0.5457885188089201,35
4840,-0.12792277383035552,0.9092233200574916,-0.1832315464703722,-0.23510237636567338,-0.4735933074256388,0.0,0.7071067811865475,-0.25788719110129227,25
4841,-0.12792277383035552,-1.2040232743295685,-0.1832315464703722,-0.23510237636567338,-0.6844132059781843,0.0,0.7071067811865475,-1.0615629010115046,55
4845,-0.12792277383035552,-0.8518155085983917,-0.1832315464703722,-0.23510237636567338,-0.2627734088730934,0.7071067811865475,0.0,-0.25788719110129227,26
4846,-0.12792277383035552,-0.4996077428672151,-0.1832315464703722,-0.23510237636567338,0.7913260838896339,0.7071067811865475,0.0,-0.25788719110129227,35
4847,-0.12792277383035552,-0.14739997713603842,-0.1832315464703722,-0.23510237636567338,-0.05195351032054794,0.0,0.7071067811865475,0.9476263737640264,50
4851,-0.12792277383035552,0.5570155543263149,-0.1832315464703722,-0.23510237636567338,-0.05195351032054794,0.7071067811865475,0.0,0.14395066385381394,25
4853,-0.12792277383035552,-1.2040232743295685,-0.1832315464703722,-0.23510237636567338,-0.4735933074256388,0.0,0.7071067811865475,-1.0615629010115046,65
4857,-0.12792277383035552,0.20480778859513823,-0.1832315464703722,-0.23510237636567338,-0.6844132059781843,0.7071067811865475,0.0,-0.6597250460563985,31
4860,-0.12792277383035552,-0.8518155085983917,-0.1832315464703722,-0.23510237636567338,-0.6844132059781843,0.0,0.7071067811865475,-0.25788719110129227,24
4861,-0.12792277383035552,1.2614310857886681,-0.1832315464703722,-0.23510237636567338,0.5805061853370884,0.7071067811865475,0.0,2.153139938629345,34
4862,-0.12792277383035552,1.2614310857886681,-0.1832315464703722,-0.23510237636567338,-0.05195351032054794,0.0,0.7071067811865475,1.3494642287191325,24
4864,-0.12792277383035552,0.5570155543263149,1.8254808954748094,-0.23510237636567338,0.15886638823199753,0.7071067811865475,0.0,-0.6597250460563985,30
4865,-0.12792277383035552,-0.8518155085983917,-0.1832315464703722,-0.23510237636567338,-0.6844132059781843,0.0,0.7071067811865475,-1.0615629010115046,35
4866,-0.12792277383035552,0.5570155543263149,-0.1832315464703722,-0.23510237636567338,2.2670653737574518,0.7071067811865475,0.0,1.3494642287191325,30
4870,-0.12792277383035552,-0.8518155085983917,-0.1832315464703722,-0.23510237636567338,-0.4735933074256388,0.0,0.7071067811865475,-0.25788719110129227,24
4871,-0.12792277383035552,-0.4996077428672151,-0.1832315464703722,-0.23510237636567338,-0.05195351032054794,0.7071067811865475,0.0,-1.0615629010115046,51
4872,-0.12792277383035552,-0.4996077428672151,-0.1832315464703722,-0.23510237636567338,-0.05195351032054794,0.7071067811865475,0.0,-0.25788719110129227,28
4873,-0.12792277383035552,0.5570155543263149,-0.1832315464703722,-0.23510237636567338,0.15886638823199753,0.7071067811865475,0.0,-0.6597250460563985,27
4877,-0.12792277383035552,-0.4996077428672151,-0.1832315464703722,-0.23510237636567338,-0.2627734088730934,0.7071067811865475,0.0,0.14395066385381394,22
4879,-0.12792277383035552,-0.14739997713603842,-0.1832315464703722,-0.23510237636567338,-0.2627734088730934,0.7071067811865475,0.0,-0.25788719110129227,29
4881,-0.12792277383035552,0.5570155543263149,-0.1832315464703722,-0.23510237636567338,-0.6844132059781843,0.7071067811865475,0.0,-0.25788719110129227,31
4884,-0.12792277383035552,-1.2040232743295685,-0.1832315464703722,-0.23510237636567338,-0.6844132059781843,0.0,0.7071067811865475,-0.6597250460563985,31
4885,-0.12792277383035552,-0.8518155085983917,-0.1832315464703722,-0.23510237636567338,-0.05195351032054794,0.7071067811865475,0.0,-0.6597250460563985,32
4886,-0.12792277383035552,-0.8518155085983917,-0.1832315464703722,-0.23510237636567338,-0.4735933074256388,0.7071067811865475,0.0,-0.25788719110129227,27
4887,-0.12792277383035552,0.20480778859513823,-0.1832315464703722,-0.23510237636567338,0.5805061853370884,0.7071067811865475,0.0,-0.6597250460563985,29
4888,-0.12792277383035552,-0.4996077428672151,-0.1832315464703722,-0.23510237636567338,-0.05195351032054794,0.7071067811865475,0.0,-0.6597250460563985,59
4890,-0.12792277383035552,-0.8518155085983917,-0.1832315464703722,-0.23510237636567338,-0.4735933074256388,0.0,0.7071067811865475,0.5457885188089201,24
4893,-0.12792277383035552,1.9658466172510216,-0.1832315464703722,-0.23510237636567338,-0.6844132059781843,0.7071067811865475,0.0,0.9476263737640264,33
4894,-0.12792277383035552,-1.2040232743295685,-0.1832315464703722,-0.23510237636567338,-0.6844132059781843,0.0,0.7071067811865475,-1.0615629010115046,35
4897,-0.12792277383035552,1.2614310857886681,-0.1832315464703722,-0.23510237636567338,1.2129658809947248,0.7071067811865475,0.0,1.7513020836742388,28
4900,-0.12792277383035552,-1.2040232743295685,-0.1832315464703722,-0.23510237636567338,-0.6844132059781843,0.7071067811865475,0.0,-1.0615629010115046,40
4904,-0.12792277383035552,-0.4996077428672151,-0.1832315464703722,-0.23510237636567338,-0.6844132059781843,0.0,0.7071067811865475,-1.0615629010115046,45
4906,2.0292885925110493,1.613638851519845,-0.1832315464703722,1.8894245151847455,1.2129658809947248,0.0,0.7071067811865475,1.3494642287191325,24
4907,4.186499958852454,1.613638851519845,1.8254808954748094,1.8894245151847455,2.688705170862543,0.7071067811865475,0.0,0.9476263737640264,31
4909,-0.12792277383035552,-0.8518155085983917,-0.1832315464703722,-0.23510237636567338,-0.6844132059781843,0.0,0.7071067811865475,0.14395066385381394,25
4911,-0.12792277383035552,1.613638851519845,-0.1832315464703722,-0.23510237636567338,-0.6844132059781843,0.7071067811865475,0.0,2.153139938629345,24
4912,-0.12792277383035552,1.2614310857886681,-0.1832315464703722,-0.23510237636567338,0.5805061853370884,0.0,0.7071067811865475,0.5457885188089201,23
4914,-0.12792277383035552,1.2614310857886681,1.8254808954748094,-0.23510237636567338,0.7913260838896339,0.7071067811865475,0.0,1.3494642287191325,23
4921,-0.12792277383035552,-1.2040232743295685,-0.1832315464703722,-0.23510237636567338,-0.6844132059781843,0.0,0.7071067811865475,-1.0615629010115046,48
4925,-0.12792277383035552,-1.2040232743295685,-0.1832315464703722,-0.23510237636567338,-0.6844132059781843,0.7071067811865475,0.0,-1.0615629010115046,62
4927,-0.12792277383035552,0.9092233200574916,-0.1832315464703722,-0.23510237636567338,0.15886638823199753,0.7071067811865475,0.0,0.14395066385381394,25
4928,-0.12792277383035552,-0.4996077428672151,-0.1832315464703722,-0.23510237636567338,-0.4735933074256388,0.7071067811865475,0.0,-0.25788719110129227,25
4929,-0.12792277383035552,0.9092233200574916,-0.1832315464703722,-0.23510237636567338,-0.4735933074256388,0.0,0.7071067811865475,0.14395066385381394,49
4931,-0.12792277383035552,-1.2040232743295685,-0.1832315464703722,-0.23510237636567338,-0.6844132059781843,0.7071067811865475,0.0,-1.0615629010115046,50
4932,-0.12792277383035552,1.2614310857886681,-0.1832315464703722,-0.23510237636567338,-0.05195351032054794,0.7071067811865475,0.0,-0.25788719110129227,47
4933,-0.12792277383035552,1.2614310857886681,-0.1832315464703722,-0.23510237636567338,2.2670653737574518,0.7071067811865475,0.0,-0.25788719110129227,37
4934,-0.12792277383035552,-0.8518155085983917,-0.1832315464703722,-0.23510237636567338,-0.6844132059781843,0.0,0.7071067811865475,-0.25788719110129227,26
4935,-0.12792277383035552,1.9658466172510216,3.834193337419991,-0.23510237636567338,3.7428046636252703,0.7071067811865475,0.0,2.554977793584451,28
4936,-0.12792277383035552,-0.8518155085983917,-0.1832315464703722,-0.23510237636567338,-0.05195351032054794,0.7071067811865475,0.0,-0.6597250460563985,26
4937,-0.12792277383035552,-0.8518155085983917,-0.1832315464703722,-0.23510237636567338,0.15886638823199753,0.7071067811865475,0.0,-1.0615629010115046,48
4939,-0.12792277383035552,1.2614310857886681,1.8254808954748094,-0.23510237636567338,-0.4735933074256388,0.7071067811865475,0.0,2.554977793584451,20
4940,-0.12792277383035552,1.9658466172510216,-0.1832315464703722,-0.23510237636567338,1.2129658809947248,0.7071067811865475,0.0,0.5457885188089201,34
4941,-0.12792277383035552,-1.2040232743295685,-0.1832315464703722,-0.23510237636567338,-0.4735933074256388,0.0,0.7071067811865475,-0.6597250460563985,26
4943,2.0292885925110493,1.613638851519845,-0.1832315464703722,1.8894245151847455,1.2129658809947248,0.7071067811865475,0.0,1.3494642287191325,46
4944,-0.12792277383035552,1.2614310857886681,-0.1832315464703722,1.8894245151847455,-0.6844132059781843,0.7071067811865475,0.0,1.3494642287191325,21
4945,-0.12792277383035552,0.20480778859513823,-0.1832315464703722,-0.23510237636567338,-0.2627734088730934,0.7071067811865475,0.0,-0.25788719110129227,27
4947,-0.12792277383035552,1.2614310857886681,1.8254808954748094,1.8894245151847455,-0.05195351032054794,0.0,0.7071067811865475,1.7513020836742388,21
4948,-0.12792277383035552,-0.14739997713603842,-0.1832315464703722,-0.23510237636567338,-0.4735933074256388,0.7071067811865475,0.0,-0.6597250460563985,29
4949,-0.12792277383035552,-0.14739997713603842,-0.1832315464703722,-0.23510237636567338,0.15886638823199753,0.7071067811865475,0.0,-1.0615629010115046,46
4950,-0.12792277383035552,-0.14739997713603842,-0.1832315464703722,-0.23510237636567338,-0.6844132059781843,0.7071067811865475,0.0,0.5457885188089201,24
4951,-0.12792277383035552,-1.2040232743295685,-0.1832315464703722,-0.23510237636567338,-0.2627734088730934,0.0,0.7071067811865475,-1.0615629010115046,51
4952,-0.12792277383035552,-0.14739997713603842,-0.1832315464703722,-0.23510237636567338,1.0021459824421792,0.0,0.7071067811865475,-0.6597250460563985,57
4953,-0.12792277383035552,-0.8518155085983917,-0.1832315464703722,-0.23510237636567338,0.15886638823199753,0.7071067811865475,0.0,0.14395066385381394,33
4955,-0.12792277383035552,1.613638851519845,1.8254808954748094,-0.23510237636567338,0.15886638823199753,0.7071067811865475,0.0,0.9476263737640264,23
4956,-0.12792277383035552,1.2614310857886681,-0.1832315464703722,-0.23510237636567338,0.36968628678454296,0.7071067811865475,0.0,0.14395066385381394,29
4958,-0.12792277383035552,-0.14739997713603842,-0.1832315464703722,-0.23510237636567338,-0.6844132059781843,0.0,0.7071067811865475,0.5457885188089201,22
4959,-0.12792277383035552,-0.8518155085983917,-0.1832315464703722,-0.23510237636567338,1.4237857795472701,0.0,0.7071067811865475,-1.0615629010115046,56
4960,-0.12792277383035552,0.5570155543263149,-0.1832315464703722,-0.23510237636567338,-0.4735933074256388,0.0,0.7071067811865475,-0.25788719110129227,33
4961,-0.12792277383035552,-0.14739997713603842,-0.1832315464703722,-0.23510237636567338,-0.6844132059781843,0.7071067811865475,0.0,0.14395066385381394,27
4964,-0.12792277383035552,1.2614310857886681,-0.1832315464703722,-0.23510237636567338,-0.05195351032054794,0.7071067811865475,0.0,0.5457885188089201,40
4965,-0.12792277383035552,-1.2040232743295685,-0.1832315464703722,-0.23510237636567338,-0.6844132059781843,0.0,0.7071067811865475,-1.0615629010115046,48
4967,-0.12792277383035552,0.5570155543263149,5.842905779365172,-0.23510237636567338,1.4237857795472701,0.7071067811865475,0.0,0.5457885188089201,32
4969,-0.12792277383035552,-0.14739997713603842,-0.1832315464703722,-0.23510237636567338,-0.4735933074256388,0.0,0.7071067811865475,0.14395066385381394,24
4970,-0.12792277383035552,-0.8518155085983917,-0.1832315464703722,-0.23510237636567338,-0.4735933074256388,0.7071067811865475,0.0,-0.6597250460563985,32
4971,-0.12792277383035552,0.9092233200574916,1.8254808954748094,-0.23510237636567338,-0.2627734088730934,0.7071067811865475,0.0,1.7513020836742388,19
4973,-0.12792277383035552,1.613638851519845,-0.1832315464703722,-0.23510237636567338,0.5805061853370884,0.7071067811865475,0.0,1.7513020836742388,23
4977,12.815345424218075,0.9092233200574916,1.8254808954748094,-0.23510237636567338,2.8995250694150885,0.7071067811865475,0.0,0.5457885188089201,39
4978,-0.12792277383035552,-0.4996077428672151,-0.1832315464703722,-0.23510237636567338,-0.4735933074256388,0.7071067811865475,0.0,0.9476263737640264,25
4979,-0.12792277383035552,1.2614310857886681,-0.1832315464703722,-0.23510237636567338,0.5805061853370884,0.7071067811865475,0.0,1.7513020836742388,42
4980,-0.12792277383035552,-0.4996077428672151,-0.1832315464703722,-0.23510237636567338,-0.4735933074256388,0.0,0.7071067811865475,-0.6597250460563985,29
4982,-0.12792277383035552,-1.2040232743295685,-0.1832315464703722,-0.23510237636567338,-0.2627734088730934,0.0,0.7071067811865475,-0.6597250460563985,38
4983,-0.12792277383035552,0.20480778859513823,3.834193337419991,1.8894245151847455,1.4237857795472701,0.7071067811865475,0.0,-0.25788719110129227,32
4990,-0.12792277383035552,0.20480778859513823,-0.1832315464703722,-0.23510237636567338,0.15886638823199753,0.0,0.7071067811865475,0.14395066385381394,23
4991,-0.12792277383035552,-0.4996077428672151,-0.1832315464703722,-0.23510237636567338,1.4237857795472701,0.7071067811865475,0.0,-0.6597250460563985,58
4992,-0.12792277383035552,0.5570155543263149,-0.1832315464703722,-0.23510237636567338,1.2129658809947248,0.7071067811865475,0.0,0.14395066385381394,42
4993,-0.12792277383035552,-0.14739997713603842,-0.1832315464703722,-0.23510237636567338,-0.05195351032054794,0.7071067811865475,0.0,-0.25788719110129227,52
4994,-0.12792277383035552,-0.14739997713603842,-0.1832315464703722,-0.23510237636567338,-0.4735933074256388,0.7071067811865475,0.0,0.14395066385381394,26
4996,-0.12792277383035552,-1.2040232743295685,-0.1832315464703722,-0.23510237636567338,-0.4735933074256388,0.7071067811865475,0.0,-0.6597250460563985,27
4998,-0.12792277383035552,-0.8518155085983917,-0.1832315464703722,-0.23510237636567338,-0.4735933074256388,0.7071067811865475,0.0,-0.6597250460563985,33
4999,-0.12792277383035552,1.2614310857886681,-0.1832315464703722,-0.23510237636567338,-0.2627734088730934,0.7071067811865475,0.0,2.153139938629345,33
5001,-0.12792277383035552,-0.8518155085983917,-0.1832315464703722,-0.23510237636567338,-0.6844132059781843,0.0,0.7071067811865475,0.14395066385381394,23
5003,-0.12792277383035552,1.2614310857886681,1.8254808954748094,-0.23510237636567338,0.15886638823199753,0.7071067811865475,0.0,0.9476263737640264,25
5004,-0.12792277383035552,-0.8518155085983917,-0.1832315464703722,-0.23510237636567338,-0.6844132059781843,0.7071067811865475,0.0,-1.0615629010115046,32
5005,-0.12792277383035552,1.613638851519845,-0.1832315464703722,-0.23510237636567338,2.2670653737574518,0.7071067811865475,0.0,2.153139938629345,34
5009,-0.12792277383035552,-0.8518155085983917,-0.1832315464703722,-0.23510237636567338,-0.6844132059781843,0.0,0.7071067811865475,-0.6597250460563985,29
5010,-0.12792277383035552,1.613638851519845,-0.1832315464703722,-0.23510237636567338,3.321164866520179,0.7071067811865475,0.0,0.5457885188089201,38
5012,-0.12792277383035552,-1.2040232743295685,-0.1832315464703722,-0.23510237636567338,-0.6844132059781843,0.0,0.7071067811865475,-0.6597250460563985,29
5014,-0.12792277383035552,1.2614310857886681,-0.1832315464703722,-0.23510237636567338,0.5805061853370884,0.7071067811865475,0.0,2.153139938629345,27
5015,-0.12792277383035552,-0.8518155085983917,-0.1832315464703722,-0.23510237636567338,-0.6844132059781843,0.0,0.7071067811865475,-0.6597250460563985,25
5017,-0.12792277383035552,0.20480778859513823,-0.1832315464703722,4.013951406735165,-0.2627734088730934,0.7071067811865475,0.0,0.14395066385381394,31
5019,-0.12792277383035552,1.613638851519845,-0.1832315464703722,-0.23510237636567338,1.0021459824421792,0.7071067811865475,0.0,2.153139938629345,30
5020,-0.12792277383035552,0.9092233200574916,-0.1832315464703722,-0.23510237636567338,-0.6844132059781843,0.7071067811865475,0.0,-1.0615629010115046,41
5022,-0.12792277383035552,-0.14739997713603842,-0.1832315464703722,-0.23510237636567338,1.0021459824421792,0.7071067811865475,0.0,-0.6597250460563985,59
5023,-0.12792277383035552,-0.14739997713603842,-0.1832315464703722,-0.23510237636567338,-0.4735933074256388,0.0,0.7071067811865475,1.3494642287191325,21
5027,-0.12792277383035552,-0.14739997713603842,-0.1832315464703722,-0.23510237636567338,0.5805061853370884,0.7071067811865475,0.0,-0.6597250460563985,27
5033,-0.12792277383035552,-1.2040232743295685,-0.1832315464703722,-0.23510237636567338,-0.6844132059781843,0.7071067811865475,0.0,-0.6597250460563985,30
5035,-0.12792277383035552,0.20480778859513823,-0.1832315464703722,-0.23510237636567338,0.15886638823199753,0.7071067811865475,0.0,-1.0615629010115046,43
5037,-0.12792277383035552,1.613638851519845,-0.1832315464703722,1.8894245151847455,-0.2627734088730934,0.7071067811865475,0.0,0.14395066385381394,24
5042,-0.12792277383035552,0.9092233200574916,-0.1832315464703722,-0.23510237636567338,2.0562454752049066,0.0,0.7071067811865475,0.9476263737640264,45
5043,-0.12792277383035552,1.613638851519845,-0.1832315464703722,1.8894245151847455,-0.6844132059781843,0.7071067811865475,0.0,2.153139938629345,23
5045,-0.12792277383035552,1.9658466172510216,-0.1832315464703722,-0.23510237636567338,0.36968628678454296,0.7071067811865475,0.0,-0.25788719110129227,40
5046,-0.12792277383035552,0.9092233200574916,-0.1832315464703722,-0.23510237636567338,-0.6844132059781843,0.7071067811865475,0.0,0.9476263737640264,23
5047,-0.12792277383035552,-0.8518155085983917,-0.1832315464703722,-0.23510237636567338,-0.05195351032054794,0.7071067811865475,0.0,-0.25788719110129227,39
5048,-0.12792277383035552,0.20480778859513823,-0.1832315464703722,-0.23510237636567338,0.36968628678454296,0.7071067811865475,0.0,0.9476263737640264,26
5049,-0.12792277383035552,-0.8518155085983917,-0.1832315464703722,-0.23510237636567338,-0.6844132059781843,0.0,0.7071067811865475,-0.6597250460563985,26
5050,-0.12792277383035552,-0.14739997713603842,-0.1832315464703722,-0.23510237636567338,-0.6844132059781843,0.0,0.7071067811865475,0.9476263737640264,21
5051,-0.12792277383035552,-0.4996077428672151,1.8254808954748094,1.8894245151847455,-0.05195351032054794,0.7071067811865475,0.0,-0.25788719110129227,30
5052,-0.12792277383035552,-0.14739997713603842,-0.1832315464703722,-0.23510237636567338,-0.6844132059781843,0.7071067811865475,0.0,-1.0615629010115046,44
5053,-0.12792277383035552,0.9092233200574916,-0.1832315464703722,-0.23510237636567338,-0.4735933074256388,0.7071067811865475,0.0,1.7513020836742388,21
5054,-0.12792277383035552,-0.14739997713603842,-0.1832315464703722,-0.23510237636567338,-0.6844132059781843,0.0,0.7071067811865475,0.5457885188089201,23
5057,-0.12792277383035552,-1.2040232743295685,-0.1832315464703722,-0.23510237636567338,-0.4735933074256388,0.7071067811865475,0.0,-1.0615629010115046,49
5058,-0.12792277383035552,1.9658466172510216,-0.1832315464703722,-0.23510237636567338,-0.05195351032054794,0.7071067811865475,0.0,1.7513020836742388,23
5060,-0.12792277383035552,0.20480778859513823,-0.1832315464703722,-0.23510237636567338,-0.4735933074256388,0.7071067811865475,0.0,1.3494642287191325,24
5061,-0.12792277383035552,-0.14739997713603842,-0.1832315464703722,-0.23510237636567338,-0.4735933074256388,0.7071067811865475,0.0,0.5457885188089201,21
5062,-0.12792277383035552,0.5570155543263149,-0.1832315464703722,-0.23510237636567338,0.7913260838896339,0.7071067811865475,0.0,-0.6597250460563985,37
5064,-0.12792277383035552,-0.8518155085983917,-0.1832315464703722,-0.23510237636567338,-0.2627734088730934,0.7071067811865475,0.0,-0.25788719110129227,28
5066,-0.12792277383035552,0.5570155543263149,3.834193337419991,-0.23510237636567338,0.7913260838896339,0.7071067811865475,0.0,1.7513020836742388,23
5067,-0.12792277383035552,0.5570155543263149,-0.1832315464703722,-0.23510237636567338,-0.2627734088730934,0.7071067811865475,0.0,0.14395066385381394,24
5068,-0.12792277383035552,0.9092233200574916,-0.1832315464703722,-0.23510237636567338,-0.6844132059781843,0.7071067811865475,0.0,0.9476263737640264,31
5069,2.0292885925110493,1.9658466172510216,-0.1832315464703722,-0.23510237636567338,-0.2627734088730934,0.0,0.7071067811865475,2.153139938629345,24
5071,-0.12792277383035552,-0.8518155085983917,-0.1832315464703722,-0.23510237636567338,-0.4735933074256388,0.7071067811865475,0.0,-0.25788719110129227,25
5074,-0.12792277383035552,-1.2040232743295685,-0.1832315464703722,-0.23510237636567338,-0.4735933074256388,0.0,0.7071067811865475,-1.0615629010115046,33
5075,2.0292885925110493,1.9658466172510216,5.842905779365172,-0.23510237636567338,4.375264359282906,0.0,0.7071067811865475,2.554977793584451,26
5078,-0.12792277383035552,0.9092233200574916,-0.1832315464703722,-0.23510237636567338,-0.4735933074256388,0.7071067811865475,0.0,0.14395066385381394,27
5086,-0.12792277383035552,-1.2040232743295685,-0.1832315464703722,-0.23510237636567338,-0.6844132059781843,0.7071067811865475,0.0,-1.0615629010115046,46
5088,-0.12792277383035552,0.5570155543263149,-0.1832315464703722,-0.23510237636567338,-0.4735933074256388,0.0,0.7071067811865475,0.14395066385381394,38
5094,-0.12792277383035552,0.20480778859513823,-0.1832315464703722,-0.23510237636567338,-0.6844132059781843,0.0,0.7071067811865475,0.5457885188089201,24
5096,-0.12792277383035552,-0.14739997713603842,-0.1832315464703722,-0.23510237636567338,-0.6844132059781843,0.0,0.7071067811865475,-1.0615629010115046,38
5098,-0.12792277383035552,1.613638851519845,-0.1832315464703722,-0.23510237636567338,0.7913260838896339,0.7071067811865475,0.0,0.9476263737640264,27
5099,-0.12792277383035552,-0.4996077428672151,-0.1832315464703722,-0.23510237636567338,0.5805061853370884,0.7071067811865475,0.0,-0.6597250460563985,48
5100,-0.12792277383035552,-0.14739997713603842,-0.1832315464703722,-0.23510237636567338,-0.2627734088730934,0.7071067811865475,0.0,-1.0615629010115046,31
5101,-0.12792277383035552,0.20480778859513823,-0.1832315464703722,-0.23510237636567338,0.36968628678454296,0.0,0.7071067811865475,1.3494642287191325,28
5103,-0.12792277383035552,1.613638851519845,-0.1832315464703722,-0.23510237636567338,0.7913260838896339,0.7071067811865475,0.0,1.3494642287191325,30
5106,-0.12792277383035552,0.20480778859513823,-0.1832315464703722,1.8894245151847455,0.5805061853370884,0.0,0.7071067811865475,0.14395066385381394,25
5108,-0.12792277383035552,-1.2040232743295685,-0.1832315464703722,-0.23510237636567338,-0.6844132059781843,0.0,0.7071067811865475,-1.0615629010115046,55
5112,-0.12792277383035552,0.9092233200574916,-0.1832315464703722,-0.23510237636567338,0.36968628678454296,0.7071067811865475,0.0,1.3494642287191325,40
5113,-0.12792277383035552,-0.14739997713603842,-0.1832315464703722,-0.23510237636567338,-0.6844132059781843,0.7071067811865475,0.0,0.9476263737640264,21
5116,-0.12792277383035552,0.9092233200574916,1.8254808954748094,-0.23510237636567338,1.4237857795472701,0.7071067811865475,0.0,0.9476263737640264,28
5117,-0.12792277383035552,1.613638851519845,1.8254808954748094,-0.23510237636567338,-0.2627734088730934,0.7071067811865475,0.0,1.3494642287191325,20
5119,10.65813405787667,1.613638851519845,-0.1832315464703722,-0.23510237636567338,1.4237857795472701,0.7071067811865475,0.0,0.9476263737640264,31
5120,-0.12792277383035552,-1.2040232743295685,-0.1832315464703722,-0.23510237636567338,-0.6844132059781843,0.0,0.7071067811865475,-1.0615629010115046,57
5121,-0.12792277383035552,-0.8518155085983917,-0.1832315464703722,-0.23510237636567338,-0.6844132059781843,0.0,0.7071067811865475,0.14395066385381394,25
5122,-0.12792277383035552,1.2614310857886681,7.851618221310354,-0.23510237636567338,0.7913260838896339,0.7071067811865475,0.0,2.153139938629345,22
5123,-0.12792277383035552,-0.4996077428672151,-0.1832315464703722,-0.23510237636567338,-0.05195351032054794,0.7071067811865475,0.0,-0.6597250460563985,31
5126,-0.12792277383035552,-0.14739997713603842,-0.1832315464703722,-0.23510237636567338,0.7913260838896339,0.7071067811865475,0.0,-0.25788719110129227,43
5127,-0.12792277383035552,-0.14739997713603842,-0.1832315464703722,-0.23510237636567338,-0.6844132059781843,0.0,0.7071067811865475,-0.25788719110129227,25
5128,-0.12792277383035552,-0.8518155085983917,-0.1832315464703722,-0.23510237636567338,-0.4735933074256388,0.0,0.7071067811865475,-0.6597250460563985,39
5130,-0.12792277383035552,-1.2040232743295685,-0.1832315464703722,-0.23510237636567338,-0.4735933074256388,0.7071067811865475,0.0,-1.0615629010115046,40
5131,-0.12792277383035552,0.20480778859513823,-0.1832315464703722,-0.23510237636567338,-0.6844132059781843,0.7071067811865475,0.0,1.3494642287191325,20
5132,-0.12792277383035552,0.9092233200574916,-0.1832315464703722,-0.23510237636567338,-0.2627734088730934,0.0,0.7071067811865475,0.14395066385381394,35
5133,-0.12792277383035552,-1.2040232743295685,-0.1832315464703722,-0.23510237636567338,-0.4735933074256388,0.0,0.7071067811865475,-1.0615629010115046,34
5134,-0.12792277383035552,1.613638851519845,-0.1832315464703722,1.8894245151847455,3.1103449679676336,0.7071067811865475,0.0,2.554977793584451,27
5137,-0.12792277383035552,-1.2040232743295685,-0.1832315464703722,-0.23510237636567338,-0.05195351032054794,0.7071067811865475,0.0,-1.0615629010115046,38
5138,-0.12792277383035552,0.9092233200574916,-0.1832315464703722,-0.23510237636567338,-0.6844132059781843,0.7071067811865475,0.0,1.3494642287191325,21
5140,-0.12792277383035552,-1.2040232743295685,-0.1832315464703722,-0.23510237636567338,-0.6844132059781843,0.0,0.7071067811865475,-0.6597250460563985,25
5141,-0.12792277383035552,0.5570155543263149,-0.1832315464703722,-0.23510237636567338,0.5805061853370884,0.0,0.7071067811865475,-0.25788719110129227,53
5142,-0.12792277383035552,-0.4996077428672151,-0.1832315464703722,-0.23510237636567338,0.15886638823199753,0.7071067811865475,0.0,-1.0615629010115046,50
5143,-0.12792277383035552,0.5570155543263149,-0.1832315464703722,-0.23510237636567338,-0.4735933074256388,0.0,0.7071067811865475,0.14395066385381394,23
5147,-0.12792277383035552,0.20480778859513823,-0.1832315464703722,-0.23510237636567338,-0.6844132059781843,0.7071067811865475,0.0,0.9476263737640264,22
5148,-0.12792277383035552,-0.4996077428672151,-0.1832315464703722,-0.23510237636567338,-0.6844132059781843,0.0,0.7071067811865475,-0.25788719110129227,27
5149,-0.12792277383035552,1.2614310857886681,-0.1832315464703722,-0.23510237636567338,0.36968628678454296,0.7071067811865475,0.0,1.3494642287191325,29
5150,-0.12792277383035552,-1.2040232743295685,-0.1832315464703722,-0.23510237636567338,-0.4735933074256388,0.0,0.7071067811865475,-1.0615629010115046,38
5151,-0.12792277383035552,-0.8518155085983917,-0.1832315464703722,-0.23510237636567338,-0.2627734088730934,0.7071067811865475,0.0,-1.0615629010115046,54
5152,-0.12792277383035552,1.9658466172510216,-0.1832315464703722,-0.23510237636567338,-0.4735933074256388,0.7071067811865475,0.0,2.554977793584451,26
5153,2.0292885925110493,1.2614310857886681,15.88646798909108,10.387532081386421,4.164444460730361,0.7071067811865475,0.0,0.9476263737640264,37
5154,-0.12792277383035552,1.9658466172510216,3.834193337419991,1.8894245151847455,4.586084257835452,0.0,0.7071067811865475,-0.25788719110129227,36
5155,-0.12792277383035552,1.9658466172510216,-0.1832315464703722,-0.23510237636567338,3.1103449679676336,0.7071067811865475,0.0,1.3494642287191325,28
5158,-0.12792277383035552,-1.2040232743295685,-0.1832315464703722,-0.23510237636567338,-0.4735933074256388,0.0,0.7071067811865475,-1.0615629010115046,49
5160,-0.12792277383035552,0.9092233200574916,-0.1832315464703722,-0.23510237636567338,1.6346056780998157,0.7071067811865475,0.0,-0.25788719110129227,36
5162,-0.12792277383035552,-0.4996077428672151,-0.1832315464703722,-0.23510237636567338,-0.6844132059781843,0.7071067811865475,0.0,-1.0615629010115046,41
5163,-0.12792277383035552,0.9092233200574916,-0.1832315464703722,1.8894245151847455,1.2129658809947248,0.7071067811865475,0.0,0.5457885188089201,26
5166,2.0292885925110493,1.613638851519845,-0.1832315464703722,-0.23510237636567338,1.2129658809947248,0.7071067811865475,0.0,0.9476263737640264,40
5168,2.0292885925110493,1.9658466172510216,-0.1832315464703722,-0.23510237636567338,0.7913260838896339,0.7071067811865475,0.0,2.554977793584451,21
5170,-0.12792277383035552,-0.8518155085983917,-0.1832315464703722,-0.23510237636567338,-0.6844132059781843,0.7071067811865475,0.0,0.14395066385381394,22
5171,-0.12792277383035552,-1.2040232743295685,-0.1832315464703722,-0.23510237636567338,-0.6844132059781843,0.7071067811865475,0.0,-1.0615629010115046,33
5172,-0.12792277383035552,0.9092233200574916,-0.1832315464703722,-0.23510237636567338,0.7913260838896339,0.7071067811865475,0.0,0.9476263737640264,26
5173,-0.12792277383035552,-0.4996077428672151,-0.1832315464703722,-0.23510237636567338,-0.6844132059781843,0.0,0.7071067811865475,-0.25788719110129227,27
5174,-0.12792277383035552,-0.8518155085983917,-0.1832315464703722,-0.23510237636567338,-0.4735933074256388,0.7071067811865475,0.0,-1.0615629010115046,35
5176,-0.12792277383035552,-0.8518155085983917,-0.1832315464703722,-0.23510237636567338,-0.05195351032054794,0.0,0.7071067811865475,0.14395066385381394,27
5177,-0.12792277383035552,-1.2040232743295685,-0.1832315464703722,-0.23510237636567338,-0.05195351032054794,0.0,0.7071067811865475,-1.0615629010115046,37
5178,-0.12792277383035552,0.20480778859513823,-0.1832315464703722,-0.23510237636567338,-0.05195351032054794,0.7071067811865475,0.0,-0.25788719110129227,31
5179,2.0292885925110493,1.2614310857886681,-0.1832315464703722,-0.23510237636567338,4.796904156387997,0.7071067811865475,0.0,0.14395066385381394,36
5180,-0.12792277383035552,-0.8518155085983917,-0.1832315464703722,-0.23510237636567338,-0.6844132059781843,0.0,0.7071067811865475,-0.6597250460563985,32
5181,-0.12792277383035552,-1.2040232743295685,-0.1832315464703722,-0.23510237636567338,-0.4735933074256388,0.7071067811865475,0.0,-1.0615629010115046,50
5182,-0.12792277383035552,-1.2040232743295685,-0.1832315464703722,-0.23510237636567338,-0.4735933074256388,0.7071067811865475,0.0,-1.0615629010115046,52
5183,-0.12792277383035552,-0.14739997713603842,-0.1832315464703722,-0.23510237636567338,-0.4735933074256388,0.0,0.7071067811865475,0.14395066385381394,24
5184,-0.12792277383035552,-0.14739997713603842,-0.1832315464703722,-0.23510237636567338,-0.6844132059781843,0.7071067811865475,0.0,-0.25788719110129227,38
5186,-0.12792277383035552,1.2614310857886681,-0.1832315464703722,-0.23510237636567338,1.6346056780998157,0.7071067811865475,0.0,-0.25788719110129227,54
5187,-0.12792277383035552,-0.8518155085983917,-0.1832315464703722,-0.23510237636567338,2.0562454752049066,0.7071067811865475,0.0,-1.0615629010115046,71
5188,-0.12792277383035552,0.9092233200574916,7.851618221310354,8.263005189836003,1.2129658809947248,0.7071067811865475,0.0,-0.25788719110129227,27
5189,-0.12792277383035552,-0.14739997713603842,-0.1832315464703722,-0.23510237636567338,-0.4735933074256388,0.7071067811865475,0.0,-1.0615629010115046,39
5190,-0.12792277383035552,-0.8518155085983917,-0.1832315464703722,-0.23510237636567338,-0.4735933074256388,0.0,0.7071067811865475,-0.6597250460563985,34
5191,-0.12792277383035552,1.2614310857886681,-0.1832315464703722,-0.23510237636567338,-0.6844132059781843,0.0,0.7071067811865475,0.5457885188089201,23
5193,-0.12792277383035552,0.5570155543263149,-0.1832315464703722,-0.23510237636567338,0.36968628678454296,0.7071067811865475,0.0,0.14395066385381394,36
5194,-0.12792277383035552,-1.2040232743295685,-0.1832315464703722,-0.23510237636567338,-0.6844132059781843,0.7071067811865475,0.0,-1.0615629010115046,55
5198,-0.12792277383035552,-0.14739997713603842,-0.1832315464703722,-0.23510237636567338,-0.6844132059781843,0.7071067811865475,0.0,-0.25788719110129227,27
5201,-0.12792277383035552,-0.14739997713603842,-0.1832315464703722,6.138478298285584,-0.2627734088730934,0.7071067811865475,0.0,0.14395066385381394,23
5203,2.0292885925110493,0.9092233200574916,-0.1832315464703722,-0.23510237636567338,-0.4735933074256388,0.7071067811865475,0.0,1.3494642287191325,20
5204,-0.12792277383035552,1.2614310857886681,3.834193337419991,-0.23510237636567338,1.4237857795472701,0.7071067811865475,0.0,0.14395066385381394,31
5205,-0.12792277383035552,1.613638851519845,-0.1832315464703722,-0.23510237636567338,1.0021459824421792,0.7071067811865475,0.0,2.153139938629345,24
5207,-0.12792277383035552,1.2614310857886681,-0.1832315464703722,-0.23510237636567338,-0.2627734088730934,0.7071067811865475,0.0,-0.6597250460563985,37
5209,-0.12792277383035552,-0.4996077428672151,-0.1832315464703722,-0.23510237636567338,-0.6844132059781843,0.7071067811865475,0.0,-0.25788719110129227,26
5215,-0.12792277383035552,-0.8518155085983917,-0.1832315464703722,-0.23510237636567338,-0.6844132059781843,0.7071067811865475,0.0,-0.25788719110129227,29
5216,-0.12792277383035552,-1.2040232743295685,-0.1832315464703722,-0.23510237636567338,0.15886638823199753,0.0,0.7071067811865475,-1.0615629010115046,41
5217,-0.12792277383035552,-1.2040232743295685,-0.1832315464703722,-0.23510237636567338,-0.6844132059781843,0.7071067811865475,0.0,-1.0615629010115046,37
5218,-0.12792277383035552,-0.4996077428672151,-0.1832315464703722,-0.23510237636567338,-0.2627734088730934,0.7071067811865475,0.0,-1.0615629010115046,46
5219,-0.12792277383035552,0.20480778859513823,-0.1832315464703722,-0.23510237636567338,1.4237857795472701,0.7071067811865475,0.0,0.14395066385381394,56
5222,-0.12792277383035552,-0.4996077428672151,-0.1832315464703722,-0.23510237636567338,-0.6844132059781843,0.7071067811865475,0.0,0.5457885188089201,23
5223,-0.12792277383035552,0.20480778859513823,-0.1832315464703722,-0.23510237636567338,-0.4735933074256388,0.7071067811865475,0.0,0.5457885188089201,23
5224,-0.12792277383035552,1.2614310857886681,-0.1832315464703722,-0.23510237636567338,-0.6844132059781843,0.7071067811865475,0.0,0.9476263737640264,25
5225,-0.12792277383035552,0.9092233200574916,-0.1832315464703722,-0.23510237636567338,-0.4735933074256388,0.7071067811865475,0.0,0.9476263737640264,24
5231,-0.12792277383035552,-0.8518155085983917,-0.1832315464703722,-0.23510237636567338,-0.4735933074256388,0.0,0.7071067811865475,-0.25788719110129227,26
5232,-0.12792277383035552,0.9092233200574916,-0.1832315464703722,-0.23510237636567338,-0.2627734088730934,0.7071067811865475,0.0,0.5457885188089201,24
5243,-0.12792277383035552,1.613638851519845,-0.1832315464703722,-0.23510237636567338,-0.6844132059781843,0.7071067811865475,0.0,0.9476263737640264,23
5244,-0.12792277383035552,-1.2040232743295685,-0.1832315464703722,-0.23510237636567338,-0.2627734088730934,0.7071067811865475,0.0,-1.0615629010115046,43
5246,-0.12792277383035552,-1.2040232743295685,-0.1832315464703722,-0.23510237636567338,-0.6844132059781843,0.0,0.7071067811865475,-1.0615629010115046,53
5247,-0.12792277383035552,0.5570155543263149,-0.1832315464703722,-0.23510237636567338,-0.4735933074256388,0.7071067811865475,0.0,0.5457885188089201,24
5249,-0.12792277383035552,-0.14739997713603842,-0.1832315464703722,-0.23510237636567338,-0.6844132059781843,0.7071067811865475,0.0,0.5457885188089201,28
5251,-0.12792277383035552,-0.4996077428672151,-0.1832315464703722,-0.23510237636567338,-0.4735933074256388,0.7071067811865475,0.0,0.5457885188089201,21
5252,-0.12792277383035552,-0.8518155085983917,-0.1832315464703722,-0.23510237636567338,-0.6844132059781843,0.0,0.7071067811865475,-0.6597250460563985,31
5253,-0.12792277383035552,0.9092233200574916,-0.1832315464703722,-0.23510237636567338,-0.05195351032054794,0.7071067811865475,0.0,0.14395066385381394,33
5255,-0.12792277383035552,-1.2040232743295685,-0.1832315464703722,-0.23510237636567338,-0.4735933074256388,0.7071067811865475,0.0,-1.0615629010115046,35
5258,-0.12792277383035552,-0.4996077428672151,-0.1832315464703722,-0.23510237636567338,-0.05195351032054794,0.0,0.7071067811865475,-1.0615629010115046,55
5259,-0.12792277383035552,0.20480778859513823,-0.1832315464703722,-0.23510237636567338,1.2129658809947248,0.0,0.7071067811865475,0.9476263737640264,50
5260,-0.12792277383035552,-0.4996077428672151,-0.1832315464703722,-0.23510237636567338,-0.6844132059781843,0.0,0.7071067811865475,-0.25788719110129227,28
5261,-0.12792277383035552,-1.2040232743295685,-0.1832315464703722,-0.23510237636567338,-0.6844132059781843,0.0,0.7071067811865475,-1.0615629010115046,44
5263,4.186499958852454,1.9658466172510216,1.8254808954748094,1.8894245151847455,-0.05195351032054794,0.7071067811865475,0.0,2.554977793584451,19
5264,-0.12792277383035552,0.9092233200574916,-0.1832315464703722,-0.23510237636567338,-0.2627734088730934,0.0,0.7071067811865475,2.153139938629345,23
5265,-0.12792277383035552,1.2614310857886681,-0.1832315464703722,1.8894245151847455,-0.05195351032054794,0.7071067811865475,0.0,1.3494642287191325,24
5266,-0.12792277383035552,-0.4996077428672151,-0.1832315464703722,-0.23510237636567338,-0.2627734088730934,0.7071067811865475,0.0,0.9476263737640264,50
5270,-0.12792277383035552,-0.14739997713603842,-0.1832315464703722,-0.23510237636567338,-0.6844132059781843,0.0,0.7071067811865475,-0.25788719110129227,31
5271,-0.12792277383035552,-0.14739997713603842,-0.1832315464703722,-0.23510237636567338,-0.6844132059781843,0.7071067811865475,0.0,-0.25788719110129227,28
5272,-0.12792277383035552,-1.2040232743295685,-0.1832315464703722,-0.23510237636567338,-0.6844132059781843,0.7071067811865475,0.0,-1.0615629010115046,42
5274,-0.12792277383035552,1.613638851519845,-0.1832315464703722,-0.23510237636567338,-0.6844132059781843,0.0,0.7071067811865475,0.9476263737640264,21
5278,-0.12792277383035552,1.2614310857886681,-0.1832315464703722,-0.23510237636567338,-0.6844132059781843,0.7071067811865475,0.0,0.5457885188089201,21
5279,-0.12792277383035552,-0.14739997713603842,-0.1832315464703722,-0.23510237636567338,-0.6844132059781843,0.0,0.7071067811865475,0.14395066385381394,24
5280,-0.12792277383035552,0.20480778859513823,-0.1832315464703722,-0.23510237636567338,-0.05195351032054794,0.7071067811865475,0.0,-0.25788719110129227,31
5281,-0.12792277383035552,-0.4996077428672151,-0.1832315464703722,-0.23510237636567338,-0.6844132059781843,0.0,0.7071067811865475,0.5457885188089201,23
5282,-0.12792277383035552,1.613638851519845,-0.1832315464703722,-0.23510237636567338,-0.6844132059781843,0.7071067811865475,0.0,1.7513020836742388,27
5287,-0.12792277383035552,-0.8518155085983917,-0.1832315464703722,-0.23510237636567338,-0.6844132059781843,0.0,0.7071067811865475,-0.6597250460563985,32
5289,-0.12792277383035552,0.20480778859513823,-0.1832315464703722,-0.23510237636567338,0.7913260838896339,0.7071067811865475,0.0,-0.25788719110129227,28
5290,-0.12792277383035552,-1.2040232743295685,-0.1832315464703722,-0.23510237636567338,-0.6844132059781843,0.0,0.7071067811865475,-1.0615629010115046,67
5293,-0.12792277383035552,0.9092233200574916,-0.1832315464703722,-0.23510237636567338,1.6346056780998157,0.7071067811865475,0.0,0.14395066385381394,32
5294,-0.12792277383035552,-0.14739997713603842,-0.1832315464703722,-0.23510237636567338,0.7913260838896339,0.7071067811865475,0.0,-0.25788719110129227,44
5295,-0.12792277383035552,-0.14739997713603842,-0.1832315464703722,-0.23510237636567338,-0.4735933074256388,0.7071067811865475,0.0,0.5457885188089201,25
5297,-0.12792277383035552,1.2614310857886681,-0.1832315464703722,-0.23510237636567338,2.4778852723099973,0.0,0.7071067811865475,0.14395066385381394,30
5298,-0.12792277383035552,-0.14739997713603842,1.8254808954748094,-0.23510237636567338,1.2129658809947248,0.0,0.7071067811865475,-0.25788719110129227,28
5301,-0.12792277383035552,0.5570155543263149,-0.1832315464703722,-0.23510237636567338,-0.6844132059781843,0.7071067811865475,0.0,0.9476263737640264,27
5308,-0.12792277383035552,-0.8518155085983917,-0.1832315464703722,-0.23510237636567338,1.0021459824421792,0.0,0.7071067811865475,-0.6597250460563985,36
5309,-0.12792277383035552,-0.14739997713603842,-0.1832315464703722,-0.23510237636567338,-0.6844132059781843,0.0,0.7071067811865475,0.14395066385381394,25
5312,-0.12792277383035552,0.20480778859513823,-0.1832315464703722,-0.23510237636567338,0.36968628678454296,0.7071067811865475,0.0,-0.6597250460563985,31
5313,-0.12792277383035552,-1.2040232743295685,-0.1832315464703722,-0.23510237636567338,-0.6844132059781843,0.0,0.7071067811865475,-0.6597250460563985,30
5314,-0.12792277383035552,-0.8518155085983917,-0.1832315464703722,-0.23510237636567338,0.15886638823199753,0.7071067811865475,0.0,-0.6597250460563985,33
5315,-0.12792277383035552,-1.2040232743295685,-0.1832315464703722,-0.23510237636567338,-0.6844132059781843,0.0,0.7071067811865475,-1.0615629010115046,38
5316,-0.12792277383035552,-0.4996077428672151,-0.1832315464703722,-0.23510237636567338,-0.4735933074256388,0.0,0.7071067811865475,-0.25788719110129227,26
5318,-0.12792277383035552,-0.4996077428672151,-0.1832315464703722,-0.23510237636567338,0.36968628678454296,0.7071067811865475,0.0,-1.0615629010115046,52
5321,-0.12792277383035552,0.9092233200574916,-0.1832315464703722,-0.23510237636567338,-0.2627734088730934,0.0,0.7071067811865475,0.9476263737640264,22
5322,-0.12792277383035552,-1.2040232743295685,-0.1832315464703722,-0.23510237636567338,-0.6844132059781843,0.7071067811865475,0.0,-1.0615629010115046,50
5324,-0.12792277383035552,-1.2040232743295685,-0.1832315464703722,-0.23510237636567338,-0.4735933074256388,0.7071067811865475,0.0,-1.0615629010115046,58
5326,-0.12792277383035552,-0.14739997713603842,-0.1832315464703722,-0.23510237636567338,-0.05195351032054794,0.0,0.7071067811865475,-0.25788719110129227,34
5327,-0.12792277383035552,-1.2040232743295685,-0.1832315464703722,-0.23510237636567338,-0.4735933074256388,0.7071067811865475,0.0,-1.0615629010115046,32
5330,-0.12792277383035552,-1.2040232743295685,-0.1832315464703722,-0.23510237636567338,-0.6844132059781843,0.0,0.7071067811865475,-0.6597250460563985,29
5331,-0.12792277383035552,-1.2040232743295685,-0.1832315464703722,-0.23510237636567338,-0.6844132059781843,0.0,0.7071067811865475,-0.6597250460563985,27
5332,-0.12792277383035552,-0.4996077428672151,-0.1832315464703722,-0.23510237636567338,0.36968628678454296,0.7071067811865475,0.0,-0.6597250460563985,39
5333,-0.12792277383035552,-0.4996077428672151,-0.1832315464703722,-0.23510237636567338,-0.6844132059781843,0.7071067811865475,0.0,0.14395066385381394,24
5334,2.0292885925110493,0.9092233200574916,-0.1832315464703722,-0.23510237636567338,1.0021459824421792,0.0,0.7071067811865475,0.9476263737640264,38
5335,-0.12792277383035552,-0.8518155085983917,-0.1832315464703722,-0.23510237636567338,0.7913260838896339,0.7071067811865475,0.0,-1.0615629010115046,52
5337,-0.12792277383035552,-0.8518155085983917,-0.1832315464703722,-0.23510237636567338,-0.05195351032054794,0.0,0.7071067811865475,-1.0615629010115046,56
5339,-0.12792277383035552,0.5570155543263149,-0.1832315464703722,-0.23510237636567338,0.7913260838896339,0.7071067811865475,0.0,1.3494642287191325,46
5341,-0.12792277383035552,-1.2040232743295685,-0.1832315464703722,-0.23510237636567338,0.36968628678454296,0.7071067811865475,0.0,-0.6597250460563985,38
5342,-0.12792277383035552,0.20480778859513823,-0.1832315464703722,-0.23510237636567338,-0.05195351032054794,0.0,0.7071067811865475,-1.0615629010115046,47
5344,-0.12792277383035552,-1.2040232743295685,-0.1832315464703722,-0.23510237636567338,-0.6844132059781843,0.7071067811865475,0.0,-0.6597250460563985,32
5346,-0.12792277383035552,0.9092233200574916,1.8254808954748094,-0.23510237636567338,5.007724054940543,0.0,0.7071067811865475,-0.25788719110129227,34
5347,-0.12792277383035552,0.5570155543263149,-0.1832315464703722,-0.23510237636567338,0.36968628678454296,0.7071067811865475,0.0,0.9476263737640264,42
5348,-0.12792277383035552,-1.2040232743295685,-0.1832315464703722,-0.23510237636567338,-0.6844132059781843,0.0,0.7071067811865475,-1.0615629010115046,35
5349,-0.12792277383035552,1.9658466172510216,-0.1832315464703722,-0.23510237636567338,-0.6844132059781843,0.7071067811865475,0.0,2.554977793584451,20
5350,-0.12792277383035552,1.9658466172510216,-0.1832315464703722,-0.23510237636567338,-0.2627734088730934,0.7071067811865475,0.0,0.14395066385381394,32
5351,-0.12792277383035552,0.20480778859513823,-0.1832315464703722,1.8894245151847455,-0.6844132059781843,0.0,0.7071067811865475,1.3494642287191325,21
5352,-0.12792277383035552,-0.8518155085983917,-0.1832315464703722,-0.23510237636567338,-0.6844132059781843,0.0,0.7071067811865475,-0.25788719110129227,24
5354,-0.12792277383035552,1.613638851519845,-0.1832315464703722,-0.23510237636567338,-0.4735933074256388,0.0,0.7071067811865475,2.153139938629345,24
5358,-0.12792277383035552,-0.4996077428672151,-0.1832315464703722,-0.23510237636567338,-0.6844132059781843,0.0,0.7071067811865475,0.14395066385381394,26
5360,-0.12792277383035552,-0.8518155085983917,-0.1832315464703722,-0.23510237636567338,1.0021459824421792,0.7071067811865475,0.0,-1.0615629010115046,52
5363,-0.12792277383035552,-0.8518155085983917,-0.1832315464703722,-0.23510237636567338,-0.4735933074256388,0.0,0.7071067811865475,0.14395066385381394,27
5364,-0.12792277383035552,0.20480778859513823,-0.1832315464703722,-0.23510237636567338,-0.6844132059781843,0.0,0.7071067811865475,-0.25788719110129227,27
5365,-0.12792277383035552,-1.2040232743295685,-0.1832315464703722,-0.23510237636567338,-0.6844132059781843,0.7071067811865475,0.0,-1.0615629010115046,56
5366,-0.12792277383035552,1.613638851519845,-0.1832315464703722,-0.23510237636567338,2.688705170862543,0.7071067811865475,0.0,0.14395066385381394,52
5367,-0.12792277383035552,-1.2040232743295685,-0.1832315464703722,-0.23510237636567338,-0.05195351032054794,0.7071067811865475,0.0,-1.0615629010115046,37
5369,-0.12792277383035552,-1.2040232743295685,-0.1832315464703722,-0.23510237636567338,-0.6844132059781843,0.0,0.7071067811865475,-1.0615629010115046,45
5371,-0.12792277383035552,0.5570155543263149,-0.1832315464703722,-0.23510237636567338,-0.05195351032054794,0.7071067811865475,0.0,1.3494642287191325,36
5372,-0.12792277383035552,-0.8518155085983917,-0.1832315464703722,-0.23510237636567338,-0.6844132059781843,0.7071067811865475,0.0,-0.6597250460563985,29
5373,-0.12792277383035552,-0.4996077428672151,-0.1832315464703722,-0.23510237636567338,-0.6844132059781843,0.7071067811865475,0.0,0.9476263737640264,21
5374,-0.12792277383035552,-0.8518155085983917,3.834193337419991,1.8894245151847455,-0.05195351032054794,0.0,0.7071067811865475,0.14395066385381394,20
5379,-0.12792277383035552,1.2614310857886681,1.8254808954748094,-0.23510237636567338,1.6346056780998157,0.7071067811865475,0.0,0.9476263737640264,27
5380,2.0292885925110493,1.2614310857886681,-0.1832315464703722,1.8894245151847455,1.6346056780998157,0.7071067811865475,0.0,0.9476263737640264,28
5381,-0.12792277383035552,-1.2040232743295685,-0.1832315464703722,-0.23510237636567338,0.15886638823199753,0.0,0.7071067811865475,-1.0615629010115046,38
5382,-0.12792277383035552,-1.2040232743295685,-0.1832315464703722,-0.23510237636567338,-0.6844132059781843,0.7071067811865475,0.0,-0.6597250460563985,30
5383,-0.12792277383035552,1.613638851519845,-0.1832315464703722,-0.23510237636567338,-0.4735933074256388,0.7071067811865475,0.0,1.3494642287191325,19
5386,-0.12792277383035552,-1.2040232743295685,-0.1832315464703722,-0.23510237636567338,-0.4735933074256388,0.7071067811865475,0.0,-1.0615629010115046,37
5387,-0.12792277383035552,-1.2040232743295685,-0.1832315464703722,-0.23510237636567338,-0.6844132059781843,0.0,0.7071067811865475,-1.0615629010115046,34
5388,-0.12792277383035552,1.2614310857886681,-0.1832315464703722,-0.23510237636567338,0.7913260838896339,0.7071067811865475,0.0,0.9476263737640264,37
5389,-0.12792277383035552,1.2614310857886681,-0.1832315464703722,1.8894245151847455,-0.4735933074256388,0.7071067811865475,0.0,1.3494642287191325,21
5390,-0.12792277383035552,1.613638851519845,-0.1832315464703722,-0.23510237636567338,-0.6844132059781843,0.7071067811865475,0.0,1.7513020836742388,21
5391,-0.12792277383035552,-0.14739997713603842,-0.1832315464703722,-0.23510237636567338,-0.05195351032054794,0.7071067811865475,0.0,-0.6597250460563985,38
5392,-0.12792277383035552,-0.14739997713603842,-0.1832315464703722,-0.23510237636567338,-0.4735933074256388,0.0,0.7071067811865475,0.5457885188089201,47
5394,-0.12792277383035552,-0.8518155085983917,-0.1832315464703722,-0.23510237636567338,-0.05195351032054794,0.7071067811865475,0.0,-0.6597250460563985,56
5395,-0.12792277383035552,0.9092233200574916,-0.1832315464703722,-0.23510237636567338,-0.2627734088730934,0.7071067811865475,0.0,1.3494642287191325,27
5398,-0.12792277383035552,1.2614310857886681,-0.1832315464703722,-0.23510237636567338,-0.6844132059781843,0.0,0.7071067811865475,1.7513020836742388,23
5399,-0.12792277383035552,-1.2040232743295685,-0.1832315464703722,-0.23510237636567338,-0.6844132059781843,0.7071067811865475,0.0,-1.0615629010115046,57
5400,-0.12792277383035552,0.9092233200574916,1.8254808954748094,-0.23510237636567338,1.2129658809947248,0.7071067811865475,0.0,0.14395066385381394,25
5402,-0.12792277383035552,1.9658466172510216,-0.1832315464703722,-0.23510237636567338,-0.2627734088730934,0.7071067811865475,0.0,2.153139938629345,23
5403,-0.12792277383035552,1.9658466172510216,-0.1832315464703722,-0.23510237636567338,1.0021459824421792,0.7071067811865475,0.0,0.5457885188089201,32
5404,-0.12792277383035552,0.20480778859513823,-0.1832315464703722,-0.23510237636567338,-0.2627734088730934,0.0,0.7071067811865475,-0.25788719110129227,36
5405,-0.12792277383035552,0.20480778859513823,-0.1832315464703722,-0.23510237636567338,0.36968628678454296,0.0,0.7071067811865475,0.9476263737640264,41
5410,-0.12792277383035552,-1.2040232743295685,-0.1832315464703722,-0.23510237636567338,-0.6844132059781843,0.7071067811865475,0.0,-1.0615629010115046,39
5411,-0.12792277383035552,0.5570155543263149,-0.1832315464703722,-0.23510237636567338,-0.4735933074256388,0.7071067811865475,0.0,0.9476263737640264,21
5416,-0.12792277383035552,-0.14739997713603842,-0.1832315464703722,-0.23510237636567338,-0.2627734088730934,0.0,0.7071067811865475,0.9476263737640264,31
5417,-0.12792277383035552,-1.2040232743295685,-0.1832315464703722,-0.23510237636567338,-0.6844132059781843,0.0,0.7071067811865475,-0.6597250460563985,37
5418,-0.12792277383035552,-0.8518155085983917,-0.1832315464703722,-0.23510237636567338,-0.6844132059781843,0.7071067811865475,0.0,0.14395066385381394,27
5420,-0.12792277383035552,-0.14739997713603842,-0.1832315464703722,-0.23510237636567338,-0.2627734088730934,0.7071067811865475,0.0,0.14395066385381394,22
5423,-0.12792277383035552,-1.2040232743295685,-0.1832315464703722,-0.23510237636567338,-0.2627734088730934,0.7071067811865475,0.0,-1.0615629010115046,59
5425,-0.12792277383035552,1.613638851519845,-0.1832315464703722,-0.23510237636567338,-0.6844132059781843,0.7071067811865475,0.0,1.3494642287191325,33
5427,-0.12792277383035552,-0.4996077428672151,-0.1832315464703722,-0.23510237636567338,-0.2627734088730934,0.7071067811865475,0.0,-1.0615629010115046,43
5428,-0.12792277383035552,-0.14739997713603842,-0.1832315464703722,-0.23510237636567338,0.36968628678454296,0.7071067811865475,0.0,0.5457885188089201,25
5430,-0.12792277383035552,0.20480778859513823,-0.1832315464703722,-0.23510237636567338,-0.05195351032054794,0.7071067811865475,0.0,0.5457885188089201,23
5431,-0.12792277383035552,-0.8518155085983917,-0.1832315464703722,-0.23510237636567338,-0.05195351032054794,0.0,0.7071067811865475,-1.0615629010115046,43
5432,-0.12792277383035552,-1.2040232743295685,-0.1832315464703722,-0.23510237636567338,1.2129658809947248,0.0,0.7071067811865475,-1.0615629010115046,56
5433,-0.12792277383035552,1.2614310857886681,-0.1832315464703722,-0.23510237636567338,-0.4735933074256388,0.7071067811865475,0.0,0.9476263737640264,20
5434,-0.12792277383035552,0.20480778859513823,-0.1832315464703722,-0.23510237636567338,-0.2627734088730934,0.0,0.7071067811865475,-1.0615629010115046,50
5436,-0.12792277383035552,-0.8518155085983917,-0.1832315464703722,-0.23510237636567338,-0.4735933074256388,0.0,0.7071067811865475,-1.0615629010115046,54
5438,-0.12792277383035552,1.9658466172510216,-0.1832315464703722,-0.23510237636567338,-0.4735933074256388,0.7071067811865475,0.0,1.7513020836742388,20
5439,-0.12792277383035552,-0.14739997713603842,-0.1832315464703722,-0.23510237636567338,-0.05195351032054794,0.0,0.7071067811865475,-0.25788719110129227,36
5440,-0.12792277383035552,0.5570155543263149,-0.1832315464703722,-0.23510237636567338,-0.05195351032054794,0.7071067811865475,0.0,0.14395066385381394,36
5441,-0.12792277383035552,-0.14739997713603842,-0.1832315464703722,-0.23510237636567338,-0.6844132059781843,0.0,0.7071067811865475,-1.0615629010115046,56
5443,2.0292885925110493,1.613638851519845,-0.1832315464703722,-0.23510237636567338,-0.2627734088730934,0.7071067811865475,0.0,1.3494642287191325,25
5444,-0.12792277383035552,-0.4996077428672151,-0.1832315464703722,-0.23510237636567338,-0.4735933074256388,0.7071067811865475,0.0,-1.0615629010115046,42
5446,-0.12792277383035552,0.5570155543263149,-0.1832315464703722,-0.23510237636567338,0.15886638823199753,0.7071067811865475,0.0,-0.25788719110129227,48
5447,2.0292885925110493,1.9658466172510216,-0.1832315464703722,-0.23510237636567338,3.7428046636252703,0.0,0.7071067811865475,2.554977793584451,34
5448,-0.12792277383035552,-0.8518155085983917,-0.1832315464703722,-0.23510237636567338,-0.6844132059781843,0.7071067811865475,0.0,-0.6597250460563985,28
5449,-0.12792277383035552,-0.4996077428672151,-0.1832315464703722,-0.23510237636567338,-0.4735933074256388,0.7071067811865475,0.0,-0.6597250460563985,32
5451,-0.12792277383035552,-1.2040232743295685,-0.1832315464703722,-0.23510237636567338,-0.2627734088730934,0.7071067811865475,0.0,-1.0615629010115046,31
5453,-0.12792277383035552,1.613638851519845,-0.1832315464703722,-0.23510237636567338,0.15886638823199753,0.7071067811865475,0.0,1.7513020836742388,24
5454,-0.12792277383035552,-0.14739997713603842,-0.1832315464703722,-0.23510237636567338,-0.6844132059781843,0.7071067811865475,0.0,0.14395066385381394,25
5455,-0.12792277383035552,-0.8518155085983917,-0.1832315464703722,1.8894245151847455,0.15886638823199753,0.7071067811865475,0.0,-1.0615629010115046,32
5456,-0.12792277383035552,1.613638851519845,-0.1832315464703722,-0.23510237636567338,3.5319847650727247,0.7071067811865475,0.0,0.5457885188089201,37
5458,-0.12792277383035552,-0.4996077428672151,-0.1832315464703722,-0.23510237636567338,-0.4735933074256388,0.7071067811865475,0.0,0.14395066385381394,24
5459,-0.12792277383035552,-1.2040232743295685,-0.1832315464703722,-0.23510237636567338,-0.6844132059781843,0.0,0.7071067811865475,-1.0615629010115046,48
5461,-0.12792277383035552,-0.8518155085983917,-0.1832315464703722,-0.23510237636567338,-0.4735933074256388,0.7071067811865475,0.0,-1.0615629010115046,35
5463,-0.12792277383035552,-0.14739997713603842,-0.1832315464703722,-0.23510237636567338,-0.4735933074256388,0.7071067811865475,0.0,0.9476263737640264,21
5465,-0.12792277383035552,1.9658466172510216,-0.1832315464703722,-0.23510237636567338,-0.6844132059781843,0.7071067811865475,0.0,2.153139938629345,21
5472,-0.12792277383035552,-0.8518155085983917,-0.1832315464703722,-0.23510237636567338,-0.6844132059781843,0.7071067811865475,0.0,-0.6597250460563985,27
5473,-0.12792277383035552,-0.8518155085983917,-0.1832315464703722,-0.23510237636567338,-0.6844132059781843,0.7071067811865475,0.0,0.14395066385381394,22
5474,-0.12792277383035552,0.20480778859513823,-0.1832315464703722,-0.23510237636567338,0.15886638823199753,0.7071067811865475,0.0,0.5457885188089201,28
5475,-0.12792277383035552,-0.8518155085983917,-0.1832315464703722,-0.23510237636567338,-0.6844132059781843,0.0,0.7071067811865475,-0.25788719110129227,26
5476,-0.12792277383035552,-0.8518155085983917,-0.1832315464703722,-0.23510237636567338,-0.6844132059781843,0.0,0.7071067811865475,-0.25788719110129227,23
5477,-0.12792277383035552,-0.8518155085983917,-0.1832315464703722,-0.23510237636567338,-0.6844132059781843,0.7071067811865475,0.0,-1.0615629010115046,34
5479,-0.12792277383035552,1.613638851519845,-0.1832315464703722,-0.23510237636567338,-0.05195351032054794,0.7071067811865475,0.0,2.153139938629345,22
5482,-0.12792277383035552,0.20480778859513823,-0.1832315464703722,-0.23510237636567338,0.36968628678454296,0.7071067811865475,0.0,0.14395066385381394,30
5483,-0.12792277383035552,-0.8518155085983917,-0.1832315464703722,-0.23510237636567338,0.36968628678454296,0.7071067811865475,0.0,-1.0615629010115046,44
5484,-0.12792277383035552,-0.8518155085983917,-0.1832315464703722,-0.23510237636567338,-0.4735933074256388,0.7071067811865475,0.0,-1.0615629010115046,57
5485,-0.12792277383035552,1.2614310857886681,-0.1832315464703722,1.8894245151847455,-0.6844132059781843,0.7071067811865475,0.0,2.153139938629345,22
5489,-0.12792277383035552,1.2614310857886681,-0.1832315464703722,-0.23510237636567338,0.7913260838896339,0.7071067811865475,0.0,1.3494642287191325,24
5491,-0.12792277383035552,-0.14739997713603842,-0.1832315464703722,-0.23510237636567338,-0.6844132059781843,0.7071067811865475,0.0,1.3494642287191325,20
5494,-0.12792277383035552,-1.2040232743295685,-0.1832315464703722,-0.23510237636567338,-0.4735933074256388,0.0,0.7071067811865475,-1.0615629010115046,53
5495,-0.12792277383035552,-0.4996077428672151,-0.1832315464703722,-0.23510237636567338,2.0562454752049066,0.7071067811865475,0.0,-1.0615629010115046,60
5496,-0.12792277383035552,0.20480778859513823,-0.1832315464703722,-0.23510237636567338,-0.2627734088730934,0.7071067811865475,0.0,1.3494642287191325,22
5497,-0.12792277383035552,-1.2040232743295685,-0.1832315464703722,-0.23510237636567338,-0.6844132059781843,0.0,0.7071067811865475,-1.0615629010115046,43
5500,-0.12792277383035552,-0.14739997713603842,-0.1832315464703722,-0.23510237636567338,0.7913260838896339,0.7071067811865475,0.0,-1.0615629010115046,72
5501,-0.12792277383035552,0.20480778859513823,-0.1832315464703722,-0.23510237636567338,-0.05195351032054794,0.7071067811865475,0.0,-0.6597250460563985,33
5502,-0.12792277383035552,-0.14739997713603842,-0.1832315464703722,-0.23510237636567338,-0.4735933074256388,0.7071067811865475,0.0,0.14395066385381394,24
5505,-0.12792277383035552,-1.2040232743295685,-0.1832315464703722,-0.23510237636567338,-0.6844132059781843,0.7071067811865475,0.0,-1.0615629010115046,60
5506,-0.12792277383035552,0.20480778859513823,-0.1832315464703722,-0.23510237636567338,-0.05195351032054794,0.7071067811865475,0.0,0.14395066385381394,24
5508,-0.12792277383035552,-0.14739997713603842,-0.1832315464703722,-0.23510237636567338,-0.4735933074256388,0.0,0.7071067811865475,0.9476263737640264,30
5511,-0.12792277383035552,0.5570155543263149,-0.1832315464703722,-0.23510237636567338,-0.6844132059781843,0.0,0.7071067811865475,-1.0615629010115046,43
5512,-0.12792277383035552,-1.2040232743295685,-0.1832315464703722,-0.23510237636567338,-0.4735933074256388,0.0,0.7071067811865475,-1.0615629010115046,48
5514,-0.12792277383035552,-1.2040232743295685,-0.1832315464703722,-0.23510237636567338,-0.6844132059781843,0.0,0.7071067811865475,-1.0615629010115046,54
5515,-0.12792277383035552,-1.2040232743295685,-0.1832315464703722,-0.23510237636567338,-0.4735933074256388,0.0,0.7071067811865475,-1.0615629010115046,45
5517,-0.12792277383035552,-0.14739997713603842,-0.1832315464703722,-0.23510237636567338,-0.6844132059781843,0.7071067811865475,0.0,-0.6597250460563985,36
5518,-0.12792277383035552,-1.2040232743295685,-0.1832315464703722,-0.23510237636567338,-0.4735933074256388,0.0,0.7071067811865475,-1.0615629010115046,31
5519,-0.12792277383035552,-1.2040232743295685,-0.1832315464703722,-0.23510237636567338,-0.6844132059781843,0.0,0.7071067811865475,-1.0615629010115046,40
5520,-0.12792277383035552,-1.2040232743295685,-0.1832315464703722,-0.23510237636567338,-0.4735933074256388,0.7071067811865475,0.0,-1.0615629010115046,50
5522,-0.12792277383035552,0.5570155543263149,-0.1832315464703722,-0.23510237636567338,-0.4735933074256388,0.0,0.7071067811865475,0.14395066385381394,26
5524,-0.12792277383035552,-0.14739997713603842,-0.1832315464703722,-0.23510237636567338,0.7913260838896339,0.7071067811865475,0.0,-1.0615629010115046,41
5525,-0.12792277383035552,0.5570155543263149,-0.1832315464703722,1.8894245151847455,0.36968628678454296,0.7071067811865475,0.0,0.5457885188089201,34
5528,-0.12792277383035552,0.5570155543263149,-0.1832315464703722,-0.23510237636567338,-0.6844132059781843,0.7071067811865475,0.0,-0.25788719110129227,28
5531,-0.12792277383035552,1.613638851519845,-0.1832315464703722,4.013951406735165,-0.2627734088730934,0.7071067811865475,0.0,2.153139938629345,23
5532,-0.12792277383035552,-1.2040232743295685,-0.1832315464703722,-0.23510237636567338,-0.6844132059781843,0.0,0.7071067811865475,-1.0615629010115046,37
5534,-0.12792277383035552,-0.8518155085983917,-0.1832315464703722,-0.23510237636567338,0.36968628678454296,0.0,0.7071067811865475,-1.0615629010115046,35
5535,-0.12792277383035552,0.5570155543263149,-0.1832315464703722,1.8894245151847455,-0.4735933074256388,0.7071067811865475,0.0,1.3494642287191325,21
5537,-0.12792277383035552,1.2614310857886681,1.8254808954748094,-0.23510237636567338,-0.2627734088730934,0.0,0.7071067811865475,1.7513020836742388,22
5539,-0.12792277383035552,1.2614310857886681,-0.1832315464703722,-0.23510237636567338,0.5805061853370884,0.7071067811865475,0.0,0.14395066385381394,29
5542,-0.12792277383035552,-0.8518155085983917,-0.1832315464703722,-0.23510237636567338,-0.6844132059781843,0.0,0.7071067811865475,-0.6597250460563985,30
5543,-0.12792277383035552,-0.4996077428672151,-0.1832315464703722,-0.23510237636567338,-0.05195351032054794,0.0,0.7071067811865475,-0.6597250460563985,45
5544,-0.12792277383035552,-0.14739997713603842,-0.1832315464703722,-0.23510237636567338,-0.2627734088730934,0.7071067811865475,0.0,0.14395066385381394,24
5545,-0.12792277383035552,1.2614310857886681,-0.1832315464703722,-0.23510237636567338,0.15886638823199753,0.7071067811865475,0.0,1.7513020836742388,31
5546,-0.12792277383035552,-1.2040232743295685,-0.1832315464703722,-0.23510237636567338,-0.6844132059781843,0.0,0.7071067811865475,-1.0615629010115046,56
5550,-0.12792277383035552,1.9658466172510216,7.851618221310354,-0.23510237636567338,2.2670653737574518,0.7071067811865475,0.0,2.554977793584451,24
5551,-0.12792277383035552,0.5570155543263149,-0.1832315464703722,-0.23510237636567338,1.6346056780998157,0.7071067811865475,0.0,-0.6597250460563985,38
5552,-0.12792277383035552,1.613638851519845,-0.1832315464703722,-0.23510237636567338,3.9536245621778154,0.7071067811865475,0.0,-0.6597250460563985,51
5553,-0.12792277383035552,-0.4996077428672151,-0.1832315464703722,-0.23510237636567338,-0.6844132059781843,0.7071067811865475,0.0,0.5457885188089201,22
5554,-0.12792277383035552,1.2614310857886681,-0.1832315464703722,-0.23510237636567338,0.36968628678454296,0.0,0.7071067811865475,0.9476263737640264,28
5556,-0.12792277383035552,1.2614310857886681,-0.1832315464703722,1.8894245151847455,3.321164866520179,0.7071067811865475,0.0,-0.25788719110129227,47
5557,-0.12792277383035552,-0.14739997713603842,-0.1832315464703722,-0.23510237636567338,-0.6844132059781843,0.0,0.7071067811865475,-1.0615629010115046,51
5558,-0.12792277383035552,-0.4996077428672151,-0.1832315464703722,-0.23510237636567338,-0.4735933074256388,0.0,0.7071067811865475,0.14395066385381394,25
5560,-0.12792277383035552,-1.2040232743295685,-0.1832315464703722,-0.23510237636567338,-0.4735933074256388,0.7071067811865475,0.0,-1.0615629010115046,53
5561,-0.12792277383035552,-1.2040232743295685,-0.1832315464703722,-0.23510237636567338,-0.6844132059781843,0.7071067811865475,0.0,-1.0615629010115046,30
5563,-0.12792277383035552,0.5570155543263149,-0.1832315464703722,-0.23510237636567338,-0.6844132059781843,0.7071067811865475,0.0,-0.25788719110129227,33
5564,-0.12792277383035552,-0.14739997713603842,-0.1832315464703722,-0.23510237636567338,0.36968628678454296,0.7071067811865475,0.0,-0.25788719110129227,35
5567,-0.12792277383035552,-0.8518155085983917,-0.1832315464703722,-0.23510237636567338,-0.6844132059781843,0.7071067811865475,0.0,-0.6597250460563985,33
5569,-0.12792277383035552,-1.2040232743295685,-0.1832315464703722,-0.23510237636567338,-0.4735933074256388,0.0,0.7071067811865475,-1.0615629010115046,59
5573,-0.12792277383035552,0.9092233200574916,-0.1832315464703722,-0.23510237636567338,-0.4735933074256388,0.7071067811865475,0.0,0.5457885188089201,33
5574,-0.12792277383035552,0.9092233200574916,-0.1832315464703722,-0.23510237636567338,-0.2627734088730934,0.7071067811865475,0.0,1.3494642287191325,27
5575,-0.12792277383035552,0.9092233200574916,-0.1832315464703722,-0.23510237636567338,1.2129658809947248,0.7071067811865475,0.0,0.5457885188089201,29
5578,-0.12792277383035552,1.9658466172510216,-0.1832315464703722,6.138478298285584,-0.05195351032054794,0.7071067811865475,0.0,2.153139938629345,24
5579,-0.12792277383035552,1.613638851519845,-0.1832315464703722,-0.23510237636567338,0.36968628678454296,0.7071067811865475,0.0,0.5457885188089201,43
5583,-0.12792277383035552,0.9092233200574916,-0.1832315464703722,-0.23510237636567338,1.6346056780998157,0.0,0.7071067811865475,-0.25788719110129227,37
5584,-0.12792277383035552,0.9092233200574916,-0.1832315464703722,-0.23510237636567338,2.0562454752049066,0.7071067811865475,0.0,0.9476263737640264,53
5586,-0.12792277383035552,1.2614310857886681,-0.1832315464703722,-0.23510237636567338,0.15886638823199753,0.7071067811865475,0.0,0.5457885188089201,26
5590,-0.12792277383035552,-0.4996077428672151,-0.1832315464703722,-0.23510237636567338,-0.4735933074256388,0.0,0.7071067811865475,-0.6597250460563985,30
5591,-0.12792277383035552,0.9092233200574916,-0.1832315464703722,-0.23510237636567338,0.5805061853370884,0.7071067811865475,0.0,0.9476263737640264,27
5592,-0.12792277383035552,0.20480778859513823,-0.1832315464703722,-0.23510237636567338,1.2129658809947248,0.7071067811865475,0.0,-0.25788719110129227,39
5593,-0.12792277383035552,-0.14739997713603842,-0.1832315464703722,-0.23510237636567338,0.15886638823199753,0.0,0.7071067811865475,-0.25788719110129227,37
5594,-0.12792277383035552,1.9658466172510216,-0.1832315464703722,-0.23510237636567338,-0.05195351032054794,0.0,0.7071067811865475,0.9476263737640264,22
5596,-0.12792277383035552,0.5570155543263149,-0.1832315464703722,-0.23510237636567338,-0.6844132059781843,0.7071067811865475,0.0,0.14395066385381394,25
5598,-0.12792277383035552,0.20480778859513823,-0.1832315464703722,-0.23510237636567338,-0.4735933074256388,0.7071067811865475,0.0,-0.25788719110129227,26
5599,-0.12792277383035552,0.5570155543263149,-0.1832315464703722,-0.23510237636567338,-0.6844132059781843,0.0,0.7071067811865475,-0.6597250460563985,28
5600,-0.12792277383035552,0.20480778859513823,-0.1832315464703722,-0.23510237636567338,-0.6844132059781843,0.0,0.7071067811865475,-0.25788719110129227,25
5601,-0.12792277383035552,-1.2040232743295685,-0.1832315464703722,-0.23510237636567338,-0.4735933074256388,0.7071067811865475,0.0,-1.0615629010115046,58
5603,-0.12792277383035552,0.20480778859513823,-0.1832315464703722,-0.23510237636567338,-0.4735933074256388,0.0,0.7071067811865475,-0.25788719110129227,29
5604,-0.12792277383035552,0.20480778859513823,-0.1832315464703722,-0.23510237636567338,1.0021459824421792,0.7071067811865475,0.0,-0.25788719110129227,33
5605,-0.12792277383035552,-1.2040232743295685,-0.1832315464703722,-0.23510237636567338,-0.6844132059781843,0.7071067811865475,0.0,-1.0615629010115046,38
5607,-0.12792277383035552,-0.4996077428672151,-0.1832315464703722,-0.23510237636567338,-0.2627734088730934,0.7071067811865475,0.0,-0.6597250460563985,38
5609,-0.12792277383035552,0.5570155543263149,-0.1832315464703722,-0.23510237636567338,3.9536245621778154,0.7071067811865475,0.0,0.9476263737640264,59
5611,-0.12792277383035552,0.20480778859513823,-0.1832315464703722,-0.23510237636567338,0.15886638823199753,0.0,0.7071067811865475,0.14395066385381394,29
5613,-0.12792277383035552,-0.8518155085983917,-0.1832315464703722,-0.23510237636567338,-0.6844132059781843,0.0,0.7071067811865475,-0.6597250460563985,53
5614,-0.12792277383035552,1.2614310857886681,-0.1832315464703722,-0.23510237636567338,-0.2627734088730934,0.7071067811865475,0.0,1.3494642287191325,33
5617,-0.12792277383035552,-1.2040232743295685,-0.1832315464703722,-0.23510237636567338,-0.4735933074256388,0.0,0.7071067811865475,-1.0615629010115046,58
5621,-0.12792277383035552,-0.14739997713603842,-0.1832315464703722,-0.23510237636567338,-0.2627734088730934,0.7071067811865475,0.0,-0.6597250460563985,53
5623,-0.12792277383035552,0.5570155543263149,-0.1832315464703722,-0.23510237636567338,-0.6844132059781843,0.0,0.7071067811865475,1.7513020836742388,32
5627,-0.12792277383035552,1.2614310857886681,-0.1832315464703722,-0.23510237636567338,0.5805061853370884,0.7071067811865475,0.0,0.9476263737640264,35
5628,-0.12792277383035552,-1.2040232743295685,-0.1832315464703722,-0.23510237636567338,-0.4735933074256388,0.7071067811865475,0.0,-1.0615629010115046,39
5631,-0.12792277383035552,1.613638851519845,-0.1832315464703722,-0.23510237636567338,-0.4735933074256388,0.0,0.7071067811865475,0.14395066385381394,36
5632,-0.12792277383035552,-0.14739997713603842,-0.1832315464703722,-0.23510237636567338,0.36968628678454296,0.0,0.7071067811865475,-1.0615629010115046,42
5633,-0.12792277383035552,-0.8518155085983917,-0.1832315464703722,-0.23510237636567338,-0.6844132059781843,0.0,0.7071067811865475,-0.6597250460563985,37
5634,-0.12792277383035552,-1.2040232743295685,-0.1832315464703722,-0.23510237636567338,-0.6844132059781843,0.7071067811865475,0.0,-1.0615629010115046,39
5635,-0.12792277383035552,-1.2040232743295685,-0.1832315464703722,-0.23510237636567338,-0.05195351032054794,0.0,0.7071067811865475,-1.0615629010115046,52
5637,-0.12792277383035552,-1.2040232743295685,-0.1832315464703722,-0.23510237636567338,-0.4735933074256388,0.0,0.7071067811865475,-1.0615629010115046,60
5638,-0.12792277383035552,-1.2040232743295685,-0.1832315464703722,-0.23510237636567338,-0.2627734088730934,0.0,0.7071067811865475,-1.0615629010115046,37
5639,-0.12792277383035552,-1.2040232743295685,-0.1832315464703722,-0.23510237636567338,0.15886638823199753,0.7071067811865475,0.0,-0.6597250460563985,42
5646,-0.12792277383035552,0.5570155543263149,-0.1832315464703722,-0.23510237636567338,0.5805061853370884,0.7071067811865475,0.0,1.3494642287191325,23
5647,-0.12792277383035552,-1.2040232743295685,-0.1832315464703722,-0.23510237636567338,-0.6844132059781843,0.0,0.7071067811865475,-1.0615629010115046,42
5650,-0.12792277383035552,-0.14739997713603842,-0.1832315464703722,-0.23510237636567338,0.36968628678454296,0.7071067811865475,0.0,0.14395066385381394,28
5651,-0.12792277383035552,0.20480778859513823,-0.1832315464703722,-0.23510237636567338,1.845425576652361,0.7071067811865475,0.0,-0.25788719110129227,38
5652,-0.12792277383035552,-0.8518155085983917,-0.1832315464703722,-0.23510237636567338,-0.2627734088730934,0.7071067811865475,0.0,-1.0615629010115046,43
5654,-0.12792277383035552,0.20480778859513823,-0.1832315464703722,-0.23510237636567338,-0.6844132059781843,0.7071067811865475,0.0,0.5457885188089201,42
5655,-0.12792277383035552,-0.4996077428672151,-0.1832315464703722,-0.23510237636567338,-0.6844132059781843,0.0,0.7071067811865475,-0.25788719110129227,25
5657,-0.12792277383035552,1.613638851519845,-0.1832315464703722,-0.23510237636567338,0.7913260838896339,0.7071067811865475,0.0,2.153139938629345,32
5658,-0.12792277383035552,0.5570155543263149,-0.1832315464703722,-0.23510237636567338,-0.6844132059781843,0.7071067811865475,0.0,1.3494642287191325,21
5659,-0.12792277383035552,0.20480778859513823,-0.1832315464703722,-0.23510237636567338,-0.4735933074256388,0.0,0.7071067811865475,-0.6597250460563985,35
5660,-0.12792277383035552,0.20480778859513823,-0.1832315464703722,-0.23510237636567338,-0.6844132059781843,0.7071067811865475,0.0,-0.25788719110129227,37
5664,-0.12792277383035552,-0.8518155085983917,-0.1832315464703722,-0.23510237636567338,-0.2627734088730934,0.7071067811865475,0.0,-1.0615629010115046,33
5665,-0.12792277383035552,-0.4996077428672151,-0.1832315464703722,-0.23510237636567338,0.15886638823199753,0.7071067811865475,0.0,-1.0615629010115046,51
5666,-0.12792277383035552,-0.14739997713603842,-0.1832315464703722,-0.23510237636567338,-0.05195351032054794,0.7071067811865475,0.0,-0.6597250460563985,39
5667,-0.12792277383035552,0.5570155543263149,-0.1832315464703722,-0.23510237636567338,0.36968628678454296,0.0,0.7071067811865475,0.9476263737640264,35
5668,-0.12792277383035552,0.9092233200574916,-0.1832315464703722,-0.23510237636567338,-0.05195351032054794,0.7071067811865475,0.0,1.7513020836742388,40
5669,-0.12792277383035552,1.2614310857886681,-0.1832315464703722,-0.23510237636567338,2.8995250694150885,0.7071067811865475,0.0,-0.6597250460563985,32
5671,-0.12792277383035552,0.5570155543263149,-0.1832315464703722,-0.23510237636567338,-0.05195351032054794,0.7071067811865475,0.0,-0.6597250460563985,32
5672,-0.12792277383035552,-1.2040232743295685,-0.1832315464703722,-0.23510237636567338,-0.6844132059781843,0.0,0.7071067811865475,-1.0615629010115046,37
5673,-0.12792277383035552,0.5570155543263149,-0.1832315464703722,-0.23510237636567338,1.4237857795472701,0.7071067811865475,0.0,-0.6597250460563985,32
5675,-0.12792277383035552,-0.4996077428672151,-0.1832315464703722,-0.23510237636567338,0.36968628678454296,0.0,0.7071067811865475,-0.6597250460563985,47
5676,-0.12792277383035552,0.9092233200574916,-0.1832315464703722,-0.23510237636567338,-0.6844132059781843,0.0,0.7071067811865475,0.5457885188089201,23
5677,-0.12792277383035552,-0.14739997713603842,-0.1832315464703722,-0.23510237636567338,1.4237857795472701,0.7071067811865475,0.0,-1.0615629010115046,63
5678,-0.12792277383035552,1.613638851519845,1.8254808954748094,-0.23510237636567338,2.688705170862543,0.7071067811865475,0.0,2.554977793584451,38
5680,-0.12792277383035552,0.20480778859513823,-0.1832315464703722,-0.23510237636567338,0.5805061853370884,0.0,0.7071067811865475,0.14395066385381394,32
5681,-0.12792277383035552,1.2614310857886681,-0.1832315464703722,-0.23510237636567338,0.15886638823199753,0.7071067811865475,0.0,-0.25788719110129227,31
5684,-0.12792277383035552,-0.4996077428672151,-0.1832315464703722,-0.23510237636567338,-0.6844132059781843,0.7071067811865475,0.0,-0.25788719110129227,23
5685,-0.12792277383035552,0.20480778859513823,-0.1832315464703722,-0.23510237636567338,-0.4735933074256388,0.0,0.7071067811865475,-0.6597250460563985,38
5686,-0.12792277383035552,-1.2040232743295685,-0.1832315464703722,-0.23510237636567338,-0.6844132059781843,0.0,0.7071067811865475,-1.0615629010115046,47
5687,-0.12792277383035552,1.2614310857886681,-0.1832315464703722,-0.23510237636567338,-0.4735933074256388,0.7071067811865475,0.0,0.14395066385381394,33
5689,-0.12792277383035552,-0.14739997713603842,-0.1832315464703722,-0.23510237636567338,-0.4735933074256388,0.7071067811865475,0.0,0.5457885188089201,22
5692,-0.12792277383035552,-1.2040232743295685,-0.1832315464703722,-0.23510237636567338,-0.6844132059781843,0.0,0.7071067811865475,-1.0615629010115046,40
5693,21.44419088958369,0.9092233200574916,-0.1832315464703722,-0.23510237636567338,2.2670653737574518,0.7071067811865475,0.0,0.5457885188089201,36
5695,-0.12792277383035552,-1.2040232743295685,-0.1832315464703722,-0.23510237636567338,-0.6844132059781843,0.0,0.7071067811865475,-1.0615629010115046,65
5697,-0.12792277383035552,-0.4996077428672151,-0.1832315464703722,-0.23510237636567338,-0.6844132059781843,0.0,0.7071067811865475,0.14395066385381394,22
5698,-0.12792277383035552,-1.2040232743295685,-0.1832315464703722,-0.23510237636567338,-0.6844132059781843,0.0,0.7071067811865475,-1.0615629010115046,34
5699,-0.12792277383035552,-1.2040232743295685,-0.1832315464703722,-0.23510237636567338,-0.6844132059781843,0.7071067811865475,0.0,-1.0615629010115046,38
5700,-0.12792277383035552,-0.4996077428672151,-0.1832315464703722,-0.23510237636567338,0.15886638823199753,0.7071067811865475,0.0,-0.25788719110129227,26
5701,-0.12792277383035552,-0.14739997713603842,-0.1832315464703722,-0.23510237636567338,-0.6844132059781843,0.0,0.7071067811865475,0.9476263737640264,20
5703,-0.12792277383035552,-1.2040232743295685,-0.1832315464703722,-0.23510237636567338,-0.6844132059781843,0.7071067811865475,0.0,-1.0615629010115046,49
5711,-0.12792277383035552,1.613638851519845,-0.1832315464703722,-0.23510237636567338,-0.2627734088730934,0.7071067811865475,0.0,-1.0615629010115046,52
5713,-0.12792277383035552,-0.8518155085983917,-0.1832315464703722,-0.23510237636567338,-0.2627734088730934,0.0,0.7071067811865475,-0.25788719110129227,25
5716,-0.12792277383035552,-1.2040232743295685,-0.1832315464703722,-0.23510237636567338,0.36968628678454296,0.7071067811865475,0.0,-0.6597250460563985,34
5717,-0.12792277383035552,-1.2040232743295685,-0.1832315464703722,-0.23510237636567338,-0.4735933074256388,0.0,0.7071067811865475,-0.6597250460563985,33
5719,-0.12792277383035552,0.9092233200574916,1.8254808954748094,4.013951406735165,-0.4735933074256388,0.7071067811865475,0.0,2.153139938629345,21
5722,-0.12792277383035552,-0.14739997713603842,-0.1832315464703722,-0.23510237636567338,1.2129658809947248,0.7071067811865475,0.0,-0.6597250460563985,46
5724,-0.12792277383035552,-0.14739997713603842,-0.1832315464703722,-0.23510237636567338,-0.4735933074256388,0.0,0.7071067811865475,-0.25788719110129227,57
5725,-0.12792277383035552,-0.4996077428672151,-0.1832315464703722,1.8894245151847455,-0.2627734088730934,0.7071067811865475,0.0,0.9476263737640264,22
5726,-0.12792277383035552,-1.2040232743295685,-0.1832315464703722,-0.23510237636567338,-0.4735933074256388,0.0,0.7071067811865475,-1.0615629010115046,48
5727,-0.12792277383035552,0.20480778859513823,-0.1832315464703722,-0.23510237636567338,3.7428046636252703,0.7071067811865475,0.0,-0.25788719110129227,40
5728,-0.12792277383035552,-0.8518155085983917,-0.1832315464703722,-0.23510237636567338,-0.4735933074256388,0.7071067811865475,0.0,-1.0615629010115046,30
5729,-0.12792277383035552,0.9092233200574916,1.8254808954748094,-0.23510237636567338,0.15886638823199753,0.0,0.7071067811865475,0.9476263737640264,21
5730,-0.12792277383035552,1.9658466172510216,3.834193337419991,-0.23510237636567338,3.9536245621778154,0.7071067811865475,0.0,-0.25788719110129227,39
5732,-0.12792277383035552,0.5570155543263149,-0.1832315464703722,-0.23510237636567338,-0.6844132059781843,0.0,0.7071067811865475,-0.25788719110129227,33
5733,-0.12792277383035552,-0.4996077428672151,-0.1832315464703722,-0.23510237636567338,-0.6844132059781843,0.7071067811865475,0.0,0.14395066385381394,24
5735,-0.12792277383035552,-1.2040232743295685,-0.1832315464703722,-0.23510237636567338,-0.6844132059781843,0.7071067811865475,0.0,-1.0615629010115046,43
5736,-0.12792277383035552,-1.2040232743295685,-0.1832315464703722,-0.23510237636567338,-0.6844132059781843,0.0,0.7071067811865475,-1.0615629010115046,45
5738,-0.12792277383035552,-0.4996077428672151,-0.1832315464703722,-0.23510237636567338,-0.05195351032054794,0.7071067811865475,0.0,-0.6597250460563985,51
5740,-0.12792277383035552,0.9092233200574916,-0.1832315464703722,-0.23510237636567338,1.2129658809947248,0.0,0.7071067811865475,-0.25788719110129227,31
5741,-0.12792277383035552,-0.8518155085983917,-0.1832315464703722,-0.23510237636567338,-0.6844132059781843,0.0,0.7071067811865475,-0.25788719110129227,27
5742,-0.12792277383035552,-0.8518155085983917,-0.1832315464703722,-0.23510237636567338,-0.4735933074256388,0.7071067811865475,0.0,-0.25788719110129227,32
5743,-0.12792277383035552,-1.2040232743295685,-0.1832315464703722,-0.23510237636567338,-0.6844132059781843,0.0,0.7071067811865475,-1.0615629010115046,49
5745,-0.12792277383035552,-0.4996077428672151,-0.1832315464703722,-0.23510237636567338,-0.2627734088730934,0.7071067811865475,0.0,-0.6597250460563985,29
5748,-0.12792277383035552,0.5570155543263149,1.8254808954748094,-0.23510237636567338,-0.2627734088730934,0.7071067811865475,0.0,0.5457885188089201,23
5749,-0.12792277383035552,-0.4996077428672151,-0.1832315464703722,-0.23510237636567338,0.5805061853370884,0.0,0.7071067811865475,-0.6597250460563985,30
5753,-0.12792277383035552,-0.14739997713603842,-0.1832315464703722,-0.23510237636567338,-0.6844132059781843,0.0,0.7071067811865475,0.5457885188089201,30
5754,-0.12792277383035552,-0.14739997713603842,-0.1832315464703722,-0.23510237636567338,2.0562454752049066,0.7071067811865475,0.0,-1.0615629010115046,34
5756,-0.12792277383035552,0.5570155543263149,-0.1832315464703722,-0.23510237636567338,0.15886638823199753,0.7071067811865475,0.0,-0.6597250460563985,33
5757,-0.12792277383035552,-0.8518155085983917,-0.1832315464703722,-0.23510237636567338,-0.4735933074256388,0.0,0.7071067811865475,-0.25788719110129227,28
5759,-0.12792277383035552,1.2614310857886681,-0.1832315464703722,-0.23510237636567338,-0.4735933074256388,0.7071067811865475,0.0,1.7513020836742388,29
5760,-0.12792277383035552,-1.2040232743295685,-0.1832315464703722,-0.23510237636567338,-0.6844132059781843,0.0,0.7071067811865475,-1.0615629010115046,38
5761,-0.12792277383035552,-0.4996077428672151,-0.1832315464703722,-0.23510237636567338,-0.6844132059781843,0.7071067811865475,0.0,-0.6597250460563985,37
5762,-0.12792277383035552,-1.2040232743295685,-0.1832315464703722,-0.23510237636567338,-0.6844132059781843,0.0,0.7071067811865475,-1.0615629010115046,33
5763,-0.12792277383035552,-0.8518155085983917,-0.1832315464703722,-0.23510237636567338,-0.6844132059781843,0.7071067811865475,0.0,-0.6597250460563985,30
5765,2.0292885925110493,1.613638851519845,-0.1832315464703722,1.8894245151847455,3.321164866520179,0.7071067811865475,0.0,0.14395066385381394,51
5768,-0.12792277383035552,0.20480778859513823,-0.1832315464703722,-0.23510237636567338,0.7913260838896339,0.0,0.7071067811865475,-1.0615629010115046,65
5769,-0.12792277383035552,-1.2040232743295685,-0.1832315464703722,-0.23510237636567338,-0.4735933074256388,0.0,0.7071067811865475,-1.0615629010115046,32
5772,-0.12792277383035552,0.9092233200574916,-0.1832315464703722,-0.23510237636567338,0.36968628678454296,0.7071067811865475,0.0,-0.6597250460563985,38
5773,-0.12792277383035552,-0.14739997713603842,-0.1832315464703722,-0.23510237636567338,-0.4735933074256388,0.7071067811865475,0.0,-0.25788719110129227,35
5774,-0.12792277383035552,-1.2040232743295685,-0.1832315464703722,-0.23510237636567338,-0.4735933074256388,0.7071067811865475,0.0,-1.0615629010115046,57
5776,-0.12792277383035552,-0.4996077428672151,-0.1832315464703722,-0.23510237636567338,-0.4735933074256388,0.7071067811865475,0.0,-0.25788719110129227,26
5779,4.186499958852454,0.5570155543263149,-0.1832315464703722,-0.23510237636567338,0.15886638823199753,0.0,0.7071067811865475,-0.25788719110129227,36
5782,-0.12792277383035552,-0.14739997713603842,-0.1832315464703722,-0.23510237636567338,-0.2627734088730934,0.7071067811865475,0.0,-0.6597250460563985,33
5784,-0.12792277383035552,0.20480778859513823,-0.1832315464703722,-0.23510237636567338,-0.05195351032054794,0.7071067811865475,0.0,-0.25788719110129227,35
5785,-0.12792277383035552,-1.2040232743295685,-0.1832315464703722,-0.23510237636567338,-0.6844132059781843,0.7071067811865475,0.0,-1.0615629010115046,33
5787,-0.12792277383035552,-1.2040232743295685,-0.1832315464703722,-0.23510237636567338,-0.6844132059781843,0.0,0.7071067811865475,-1.0615629010115046,47
5789,-0.12792277383035552,-1.2040232743295685,-0.1832315464703722,-0.23510237636567338,-0.6844132059781843,0.0,0.7071067811865475,-1.0615629010115046,53
5792,-0.12792277383035552,-0.14739997713603842,-0.1832315464703722,-0.23510237636567338,-0.4735933074256388,0.0,0.7071067811865475,-1.0615629010115046,35
5793,-0.12792277383035552,-0.4996077428672151,-0.1832315464703722,-0.23510237636567338,-0.4735933074256388,0.7071067811865475,0.0,-0.6597250460563985,36
5795,-0.12792277383035552,-0.4996077428672151,-0.1832315464703722,-0.23510237636567338,-0.6844132059781843,0.0,0.7071067811865475,-0.25788719110129227,25
5797,-0.12792277383035552,0.5570155543263149,-0.1832315464703722,-0.23510237636567338,1.4237857795472701,0.7071067811865475,0.0,1.3494642287191325,52
5801,-0.12792277383035552,-0.4996077428672151,-0.1832315464703722,-0.23510237636567338,0.5805061853370884,0.7071067811865475,0.0,-0.6597250460563985,51
5804,-0.12792277383035552,1.2614310857886681,-0.1832315464703722,8.263005189836003,1.0021459824421792,0.7071067811865475,0.0,1.7513020836742388,24
5806,-0.12792277383035552,-0.8518155085983917,-0.1832315464703722,-0.23510237636567338,-0.6844132059781843,0.7071067811865475,0.0,-1.0615629010115046,32
5808,-0.12792277383035552,0.9092233200574916,-0.1832315464703722,-0.23510237636567338,1.0021459824421792,0.7071067811865475,0.0,0.5457885188089201,43
5809,2.0292885925110493,0.9092233200574916,-0.1832315464703722,1.8894245151847455,3.5319847650727247,0.0,0.7071067811865475,-0.6597250460563985,45
5810,-0.12792277383035552,0.20480778859513823,-0.1832315464703722,-0.23510237636567338,1.4237857795472701,0.0,0.7071067811865475,-1.0615629010115046,42
5811,-0.12792277383035552,0.9092233200574916,-0.1832315464703722,-0.23510237636567338,-0.4735933074256388,0.7071067811865475,0.0,0.5457885188089201,22
5812,-0.12792277383035552,-0.14739997713603842,-0.1832315464703722,-0.23510237636567338,0.15886638823199753,0.7071067811865475,0.0,-1.0615629010115046,49
5813,-0.12792277383035552,-1.2040232743295685,-0.1832315464703722,-0.23510237636567338,-0.6844132059781843,0.7071067811865475,0.0,-1.0615629010115046,42
5814,-0.12792277383035552,1.2614310857886681,-0.1832315464703722,-0.23510237636567338,-0.6844132059781843,0.0,0.7071067811865475,2.554977793584451,40
5816,-0.12792277383035552,0.9092233200574916,1.8254808954748094,-0.23510237636567338,-0.2627734088730934,0.7071067811865475,0.0,-0.25788719110129227,25
5817,-0.12792277383035552,0.20480778859513823,-0.1832315464703722,-0.23510237636567338,-0.6844132059781843,0.0,0.7071067811865475,-0.25788719110129227,25
5818,-0.12792277383035552,0.20480778859513823,-0.1832315464703722,-0.23510237636567338,-0.6844132059781843,0.7071067811865475,0.0,1.3494642287191325,23
5820,-0.12792277383035552,0.9092233200574916,-0.1832315464703722,-0.23510237636567338,-0.2627734088730934,0.7071067811865475,0.0,1.3494642287191325,21
5821,-0.12792277383035552,0.20480778859513823,-0.1832315464703722,-0.23510237636567338,-0.05195351032054794,0.0,0.7071067811865475,0.14395066385381394,31
5824,-0.12792277383035552,-0.8518155085983917,-0.1832315464703722,-0.23510237636567338,-0.6844132059781843,0.0,0.7071067811865475,-0.6597250460563985,28
5825,-0.12792277383035552,1.613638851519845,-0.1832315464703722,-0.23510237636567338,1.6346056780998157,0.7071067811865475,0.0,0.5457885188089201,24
5826,-0.12792277383035552,-1.2040232743295685,-0.1832315464703722,-0.23510237636567338,-0.6844132059781843,0.7071067811865475,0.0,-1.0615629010115046,45
5827,-0.12792277383035552,-0.14739997713603842,-0.1832315464703722,-0.23510237636567338,-0.2627734088730934,0.0,0.7071067811865475,0.14395066385381394,23
5828,-0.12792277383035552,1.2614310857886681,-0.1832315464703722,-0.23510237636567338,0.7913260838896339,0.7071067811865475,0.0,0.9476263737640264,39
5831,-0.12792277383035552,-0.8518155085983917,1.8254808954748094,-0.23510237636567338,-0.4735933074256388,0.7071067811865475,0.0,0.14395066385381394,24
5832,-0.12792277383035552,-1.2040232743295685,-0.1832315464703722,-0.23510237636567338,-0.4735933074256388,0.7071067811865475,0.0,-1.0615629010115046,46
5833,-0.12792277383035552,-1.2040232743295685,-0.1832315464703722,-0.23510237636567338,-0.05195351032054794,0.7071067811865475,0.0,-1.0615629010115046,47
5836,-0.12792277383035552,-0.14739997713603842,-0.1832315464703722,1.8894245151847455,-0.4735933074256388,0.0,0.7071067811865475,0.5457885188089201,22
5837,-0.12792277383035552,-0.8518155085983917,-0.1832315464703722,-0.23510237636567338,-0.6844132059781843,0.0,0.7071067811865475,-1.0615629010115046,34
5838,-0.12792277383035552,-1.2040232743295685,-0.1832315464703722,-0.23510237636567338,-0.6844132059781843,0.0,0.7071067811865475,-1.0615629010115046,33
5842,-0.12792277383035552,1.9658466172510216,-0.1832315464703722,1.8894245151847455,2.688705170862543,0.7071067811865475,0.0,1.7513020836742388,29
5846,-0.12792277383035552,-0.8518155085983917,-0.1832315464703722,-0.23510237636567338,-0.05195351032054794,0.0,0.7071067811865475,-0.6597250460563985,34
5849,-0.12792277383035552,0.5570155543263149,-0.1832315464703722,-0.23510237636567338,-0.6844132059781843,0.0,0.7071067811865475,-0.25788719110129227,29
5850,-0.12792277383035552,-0.4996077428672151,-0.1832315464703722,-0.23510237636567338,-0.2627734088730934,0.0,0.7071067811865475,-0.25788719110129227,25
5851,-0.12792277383035552,0.5570155543263149,-0.1832315464703722,-0.23510237636567338,2.688705170862543,0.7071067811865475,0.0,0.9476263737640264,34
5852,-0.12792277383035552,-1.2040232743295685,-0.1832315464703722,-0.23510237636567338,-0.4735933074256388,0.7071067811865475,0.0,-1.0615629010115046,55
5853,-0.12792277383035552,-0.14739997713603842,-0.1832315464703722,-0.23510237636567338,-0.6844132059781843,0.7071067811865475,0.0,0.14395066385381394,27
5854,-0.12792277383035552,-0.4996077428672151,-0.1832315464703722,-0.23510237636567338,-0.6844132059781843,0.0,0.7071067811865475,-0.25788719110129227,26
5856,4.186499958852454,1.613638851519845,3.834193337419991,1.8894245151847455,3.321164866520179,0.7071067811865475,0.0,1.3494642287191325,39
5857,-0.12792277383035552,0.9092233200574916,-0.1832315464703722,-0.23510237636567338,-0.4735933074256388,0.7071067811865475,0.0,1.3494642287191325,24
5858,-0.12792277383035552,-0.8518155085983917,-0.1832315464703722,-0.23510237636567338,-0.6844132059781843,0.0,0.7071067811865475,-0.6597250460563985,29
5863,-0.12792277383035552,-1.2040232743295685,-0.1832315464703722,-0.23510237636567338,2.0562454752049066,0.7071067811865475,0.0,-1.0615629010115046,50
5864,-0.12792277383035552,0.20480778859513823,-0.1832315464703722,-0.23510237636567338,-0.2627734088730934,0.7071067811865475,0.0,-0.25788719110129227,25
5865,-0.12792277383035552,0.20480778859513823,-0.1832315464703722,-0.23510237636567338,0.15886638823199753,0.7071067811865475,0.0,0.14395066385381394,31
5867,-0.12792277383035552,-0.8518155085983917,-0.1832315464703722,-0.23510237636567338,-0.6844132059781843,0.0,0.7071067811865475,-0.6597250460563985,31
5869,2.0292885925110493,0.5570155543263149,-0.1832315464703722,-0.23510237636567338,-0.2627734088730934,0.7071067811865475,0.0,1.7513020836742388,26
5871,-0.12792277383035552,-0.8518155085983917,-0.1832315464703722,-0.23510237636567338,-0.2627734088730934,0.7071067811865475,0.0,-1.0615629010115046,54
5873,-0.12792277383035552,1.2614310857886681,-0.1832315464703722,-0.23510237636567338,2.2670653737574518,0.7071067811865475,0.0,0.14395066385381394,33
5875,-0.12792277383035552,-0.14739997713603842,-0.1832315464703722,-0.23510237636567338,-0.6844132059781843,0.0,0.7071067811865475,0.5457885188089201,22
5877,-0.12792277383035552,1.613638851519845,1.8254808954748094,-0.23510237636567338,1.0021459824421792,0.7071067811865475,0.0,1.7513020836742388,35
5878,-0.12792277383035552,0.9092233200574916,-0.1832315464703722,-0.23510237636567338,0.15886638823199753,0.7071067811865475,0.0,0.14395066385381394,30
5880,-0.12792277383035552,-0.8518155085983917,-0.1832315464703722,-0.23510237636567338,-0.6844132059781843,0.7071067811865475,0.0,-0.25788719110129227,25
5881,-0.12792277383035552,0.20480778859513823,-0.1832315464703722,-0.23510237636567338,-0.6844132059781843,0.7071067811865475,0.0,-0.25788719110129227,25
5882,-0.12792277383035552,-0.8518155085983917,-0.1832315464703722,-0.23510237636567338,-0.6844132059781843,0.7071067811865475,0.0,-1.0615629010115046,44
5883,-0.12792277383035552,0.9092233200574916,-0.1832315464703722,-0.23510237636567338,-0.2627734088730934,0.7071067811865475,0.0,0.14395066385381394,29
5885,-0.12792277383035552,-0.4996077428672151,-0.1832315464703722,-0.23510237636567338,-0.2627734088730934,0.7071067811865475,0.0,-1.0615629010115046,46
5886,-0.12792277383035552,-1.2040232743295685,-0.1832315464703722,-0.23510237636567338,-0.6844132059781843,0.0,0.7071067811865475,-1.0615629010115046,53
5887,-0.12792277383035552,0.9092233200574916,-0.1832315464703722,-0.23510237636567338,-0.2627734088730934,0.7071067811865475,0.0,0.14395066385381394,24
5889,-0.12792277383035552,-1.2040232743295685,-0.1832315464703722,-0.23510237636567338,-0.2627734088730934,0.7071067811865475,0.0,-1.0615629010115046,52
5890,-0.12792277383035552,-0.8518155085983917,-0.1832315464703722,-0.23510237636567338,-0.6844132059781843,0.0,0.7071067811865475,-0.6597250460563985,27
5891,-0.12792277383035552,-1.2040232743295685,-0.1832315464703722,-0.23510237636567338,-0.6844132059781843,0.7071067811865475,0.0,-1.0615629010115046,41
5892,-0.12792277383035552,0.20480778859513823,-0.1832315464703722,-0.23510237636567338,-0.6844132059781843,0.7071067811865475,0.0,0.9476263737640264,21
5895,-0.12792277383035552,-0.14739997713603842,-0.1832315464703722,-0.23510237636567338,-0.4735933074256388,0.7071067811865475,0.0,-0.25788719110129227,24
5898,-0.12792277383035552,-0.8518155085983917,-0.1832315464703722,-0.23510237636567338,-0.6844132059781843,0.0,0.7071067811865475,0.14395066385381394,23
5899,-0.12792277383035552,-1.2040232743295685,-0.1832315464703722,-0.23510237636567338,-0.6844132059781843,0.7071067811865475,0.0,-1.0615629010115046,42
5902,10.65813405787667,1.2614310857886681,-0.1832315464703722,-0.23510237636567338,0.36968628678454296,0.7071067811865475,0.0,2.153139938629345,24
5904,-0.12792277383035552,1.2614310857886681,-0.1832315464703722,-0.23510237636567338,0.15886638823199753,0.7071067811865475,0.0,0.14395066385381394,26
5905,-0.12792277383035552,-0.4996077428672151,-0.1832315464703722,-0.23510237636567338,1.2129658809947248,0.7071067811865475,0.0,-0.6597250460563985,50
5906,-0.12792277383035552,0.5570155543263149,-0.1832315464703722,-0.23510237636567338,-0.05195351032054794,0.0,0.7071067811865475,0.14395066385381394,32
5907,-0.12792277383035552,1.613638851519845,-0.1832315464703722,-0.23510237636567338,2.0562454752049066,0.7071067811865475,0.0,-0.25788719110129227,40
5914,-0.12792277383035552,-0.4996077428672151,-0.1832315464703722,-0.23510237636567338,-0.2627734088730934,0.7071067811865475,0.0,0.14395066385381394,27
5915,-0.12792277383035552,1.613638851519845,-0.1832315464703722,-0.23510237636567338,-0.6844132059781843,0.7071067811865475,0.0,0.5457885188089201,23
5916,-0.12792277383035552,1.613638851519845,-0.1832315464703722,-0.23510237636567338,3.9536245621778154,0.0,0.7071067811865475,0.14395066385381394,37
5917,-0.12792277383035552,-0.14739997713603842,-0.1832315464703722,-0.23510237636567338,-0.4735933074256388,0.0,0.7071067811865475,-0.6597250460563985,32
5921,-0.12792277383035552,-0.4996077428672151,-0.1832315464703722,-0.23510237636567338,0.15886638823199753,0.0,0.7071067811865475,-0.6597250460563985,52
5923,-0.12792277383035552,-0.8518155085983917,-0.1832315464703722,-0.23510237636567338,-0.2627734088730934,0.7071067811865475,0.0,-0.25788719110129227,29
5926,-0.12792277383035552,-1.2040232743295685,-0.1832315464703722,-0.23510237636567338,-0.6844132059781843,0.0,0.7071067811865475,-1.0615629010115046,49
5928,-0.12792277383035552,-1.2040232743295685,-0.1832315464703722,-0.23510237636567338,-0.6844132059781843,0.7071067811865475,0.0,-1.0615629010115046,50
5929,-0.12792277383035552,-0.8518155085983917,-0.1832315464703722,-0.23510237636567338,-0.2627734088730934,0.7071067811865475,0.0,-0.25788719110129227,26
5930,-0.12792277383035552,1.2614310857886681,-0.1832315464703722,-0.23510237636567338,-0.6844132059781843,0.7071067811865475,0.0,-0.6597250460563985,34
5931,-0.12792277383035552,0.9092233200574916,-0.1832315464703722,-0.23510237636567338,-0.4735933074256388,0.7071067811865475,0.0,-0.25788719110129227,28
5934,-0.12792277383035552,-0.4996077428672151,-0.1832315464703722,-0.23510237636567338,-0.6844132059781843,0.7071067811865475,0.0,-0.6597250460563985,30
5935,-0.12792277383035552,-0.14739997713603842,-0.1832315464703722,-0.23510237636567338,-0.05195351032054794,0.7071067811865475,0.0,0.14395066385381394,24
5937,-0.12792277383035552,-0.8518155085983917,-0.1832315464703722,-0.23510237636567338,-0.6844132059781843,0.0,0.7071067811865475,-0.25788719110129227,25
5938,-0.12792277383035552,-0.4996077428672151,-0.1832315464703722,-0.23510237636567338,0.15886638823199753,0.0,0.7071067811865475,-0.25788719110129227,25
5939,-0.12792277383035552,-1.2040232743295685,-0.1832315464703722,-0.23510237636567338,-0.2627734088730934,0.7071067811865475,0.0,-1.0615629010115046,45
5942,-0.12792277383035552,0.9092233200574916,-0.1832315464703722,-0.23510237636567338,-0.4735933074256388,0.7071067811865475,0.0,0.9476263737640264,26
5943,-0.12792277383035552,-1.2040232743295685,-0.1832315464703722,-0.23510237636567338,-0.2627734088730934,0.7071067811865475,0.0,-1.0615629010115046,37
5946,-0.12792277383035552,-0.8518155085983917,-0.1832315464703722,-0.23510237636567338,-0.6844132059781843,0.0,0.7071067811865475,-0.25788719110129227,24
5947,-0.12792277383035552,-1.2040232743295685,-0.1832315464703722,-0.23510237636567338,-0.2627734088730934,0.0,0.7071067811865475,-1.0615629010115046,40
5951,-0.12792277383035552,-0.8518155085983917,-0.1832315464703722,-0.23510237636567338,-0.6844132059781843,0.7071067811865475,0.0,-1.0615629010115046,33
5953,-0.12792277383035552,-0.8518155085983917,-0.1832315464703722,-0.23510237636567338,3.1103449679676336,0.7071067811865475,0.0,-1.0615629010115046,53
5954,-0.12792277383035552,-1.2040232743295685,-0.1832315464703722,-0.23510237636567338,-0.6844132059781843,0.0,0.7071067811865475,-1.0615629010115046,55
5957,-0.12792277383035552,1.613638851519845,-0.1832315464703722,-0.23510237636567338,0.5805061853370884,0.7071067811865475,0.0,1.3494642287191325,30
5958,-0.12792277383035552,0.9092233200574916,-0.1832315464703722,-0.23510237636567338,-0.4735933074256388,0.7071067811865475,0.0,1.7513020836742388,21
5960,-0.12792277383035552,-1.2040232743295685,-0.1832315464703722,-0.23510237636567338,-0.6844132059781843,0.0,0.7071067811865475,-1.0615629010115046,55
5963,-0.12792277383035552,-0.4996077428672151,-0.1832315464703722,-0.23510237636567338,-0.4735933074256388,0.7071067811865475,0.0,0.5457885188089201,22
5964,-0.12792277383035552,-0.4996077428672151,-0.1832315464703722,-0.23510237636567338,-0.4735933074256388,0.7071067811865475,0.0,0.14395066385381394,23
5968,-0.12792277383035552,-0.14739997713603842,-0.1832315464703722,-0.23510237636567338,1.2129658809947248,0.7071067811865475,0.0,-1.0615629010115046,57
5969,-0.12792277383035552,-0.4996077428672151,-0.1832315464703722,-0.23510237636567338,-0.6844132059781843,0.0,0.7071067811865475,-0.6597250460563985,33
5970,-0.12792277383035552,-1.2040232743295685,-0.1832315464703722,-0.23510237636567338,-0.2627734088730934,0.7071067811865475,0.0,-1.0615629010115046,32
5971,-0.12792277383035552,-0.8518155085983917,-0.1832315464703722,-0.23510237636567338,-0.05195351032054794,0.7071067811865475,0.0,-1.0615629010115046,47
5973,-0.12792277383035552,-1.2040232743295685,-0.1832315464703722,-0.23510237636567338,0.5805061853370884,0.0,0.7071067811865475,-1.0615629010115046,51
5974,-0.12792277383035552,0.5570155543263149,1.8254808954748094,-0.23510237636567338,-0.4735933074256388,0.7071067811865475,0.0,1.3494642287191325,22
5975,-0.12792277383035552,-1.2040232743295685,-0.1832315464703722,-0.23510237636567338,-0.2627734088730934,0.7071067811865475,0.0,-0.6597250460563985,47
5976,-0.12792277383035552,-1.2040232743295685,-0.1832315464703722,-0.23510237636567338,-0.4735933074256388,0.7071067811865475,0.0,-0.6597250460563985,28
5978,-0.12792277383035552,1.2614310857886681,-0.1832315464703722,-0.23510237636567338,0.36968628678454296,0.7071067811865475,0.0,0.14395066385381394,28
5981,-0.12792277383035552,-1.2040232743295685,-0.1832315464703722,-0.23510237636567338,-0.4735933074256388,0.0,0.7071067811865475,-1.0615629010115046,44
5982,-0.12792277383035552,-0.14739997713603842,-0.1832315464703722,-0.23510237636567338,-0.6844132059781843,0.7071067811865475,0.0,-0.25788719110129227,25
5984,-0.12792277383035552,-0.8518155085983917,-0.1832315464703722,-0.23510237636567338,0.15886638823199753,0.0,0.7071067811865475,-0.6597250460563985,34
5985,-0.12792277383035552,-1.2040232743295685,-0.1832315464703722,-0.23510237636567338,-0.6844132059781843,0.0,0.7071067811865475,-1.0615629010115046,65
5987,-0.12792277383035552,0.5570155543263149,-0.1832315464703722,-0.23510237636567338,0.36968628678454296,0.7071067811865475,0.0,0.9476263737640264,33
5988,-0.12792277383035552,-0.4996077428672151,-0.1832315464703722,-0.23510237636567338,-0.6844132059781843,0.0,0.7071067811865475,-0.25788719110129227,23
5989,-0.12792277383035552,-1.2040232743295685,-0.1832315464703722,-0.23510237636567338,-0.6844132059781843,0.0,0.7071067811865475,-1.0615629010115046,44
5992,-0.12792277383035552,-0.4996077428672151,-0.1832315464703722,-0.23510237636567338,-0.4735933074256388,0.0,0.7071067811865475,0.5457885188089201,24
5993,-0.12792277383035552,-0.8518155085983917,-0.1832315464703722,-0.23510237636567338,-0.4735933074256388,0.0,0.7071067811865475,-1.0615629010115046,51
5994,-0.12792277383035552,1.2614310857886681,-0.1832315464703722,-0.23510237636567338,-0.6844132059781843,0.7071067811865475,0.0,1.3494642287191325,21
5995,-0.12792277383035552,0.5570155543263149,-0.1832315464703722,-0.23510237636567338,0.5805061853370884,0.7071067811865475,0.0,-0.6597250460563985,39
5996,-0.12792277383035552,1.2614310857886681,-0.1832315464703722,-0.23510237636567338,5.4293638520456335,0.7071067811865475,0.0,2.153139938629345,29
5997,-0.12792277383035552,0.5570155543263149,-0.1832315464703722,-0.23510237636567338,-0.4735933074256388,0.7071067811865475,0.0,0.14395066385381394,24
6000,-0.12792277383035552,0.20480778859513823,-0.1832315464703722,-0.23510237636567338,-0.6844132059781843,0.7071067811865475,0.0,0.5457885188089201,23
6001,-0.12792277383035552,1.9658466172510216,-0.1832315464703722,4.013951406735165,1.6346056780998157,0.7071067811865475,0.0,1.3494642287191325,31
6002,-0.12792277383035552,-0.8518155085983917,-0.1832315464703722,-0.23510237636567338,-0.6844132059781843,0.0,0.7071067811865475,-1.0615629010115046,35
6004,-0.12792277383035552,-1.2040232743295685,-0.1832315464703722,-0.23510237636567338,-0.6844132059781843,0.7071067811865475,0.0,-1.0615629010115046,30
6006,-0.12792277383035552,0.5570155543263149,-0.1832315464703722,-0.23510237636567338,0.15886638823199753,0.7071067811865475,0.0,-1.0615629010115046,39
6010,-0.12792277383035552,-1.2040232743295685,-0.1832315464703722,-0.23510237636567338,-0.6844132059781843,0.0,0.7071067811865475,-1.0615629010115046,51
6011,-0.12792277383035552,0.9092233200574916,-0.1832315464703722,1.8894245151847455,-0.4735933074256388,0.7071067811865475,0.0,0.5457885188089201,22
6013,-0.12792277383035552,-0.8518155085983917,-0.1832315464703722,-0.23510237636567338,-0.2627734088730934,0.7071067811865475,0.0,-0.25788719110129227,29
6019,-0.12792277383035552,-0.8518155085983917,-0.1832315464703722,-0.23510237636567338,0.5805061853370884,0.7071067811865475,0.0,-0.25788719110129227,32
6021,-0.12792277383035552,-0.14739997713603842,-0.1832315464703722,-0.23510237636567338,-0.05195351032054794,0.0,0.7071067811865475,-0.25788719110129227,33
6022,-0.12792277383035552,-0.4996077428672151,-0.1832315464703722,-0.23510237636567338,0.36968628678454296,0.7071067811865475,0.0,-1.0615629010115046,58
6023,-0.12792277383035552,-1.2040232743295685,-0.1832315464703722,-0.23510237636567338,-0.6844132059781843,0.7071067811865475,0.0,-1.0615629010115046,54
6027,-0.12792277383035552,1.613638851519845,-0.1832315464703722,-0.23510237636567338,-0.2627734088730934,0.7071067811865475,0.0,0.5457885188089201,33
6030,-0.12792277383035552,-0.14739997713603842,-0.1832315464703722,-0.23510237636567338,1.4237857795472701,0.7071067811865475,0.0,-1.0615629010115046,48
6032,-0.12792277383035552,1.2614310857886681,-0.1832315464703722,-0.23510237636567338,-0.6844132059781843,0.0,0.7071067811865475,1.3494642287191325,23
6034,-0.12792277383035552,0.9092233200574916,-0.1832315464703722,-0.23510237636567338,-0.2627734088730934,0.7071067811865475,0.0,0.9476263737640264,23
6035,-0.12792277383035552,-1.2040232743295685,-0.1832315464703722,-0.23510237636567338,-0.4735933074256388,0.0,0.7071067811865475,-1.0615629010115046,47
6036,-0.12792277383035552,-0.14739997713603842,-0.1832315464703722,-0.23510237636567338,-0.6844132059781843,0.7071067811865475,0.0,0.9476263737640264,21
6040,-0.12792277383035552,1.613638851519845,-0.1832315464703722,-0.23510237636567338,-0.6844132059781843,0.0,0.7071067811865475,2.554977793584451,29
6041,-0.12792277383035552,-1.2040232743295685,-0.1832315464703722,-0.23510237636567338,-0.2627734088730934,0.7071067811865475,0.0,-1.0615629010115046,48
6042,-0.12792277383035552,-0.14739997713603842,-0.1832315464703722,-0.23510237636567338,0.15886638823199753,0.0,0.7071067811865475,0.14395066385381394,37
6043,-0.12792277383035552,-0.4996077428672151,-0.1832315464703722,-0.23510237636567338,-0.05195351032054794,0.7071067811865475,0.0,-1.0615629010115046,50
6044,-0.12792277383035552,1.2614310857886681,-0.1832315464703722,-0.23510237636567338,-0.05195351032054794,0.7071067811865475,0.0,1.7513020836742388,19
6046,4.186499958852454,-0.4996077428672151,-0.1832315464703722,-0.23510237636567338,2.0562454752049066,0.7071067811865475,0.0,-0.6597250460563985,49
6047,-0.12792277383035552,0.20480778859513823,-0.1832315464703722,-0.23510237636567338,-0.2627734088730934,0.7071067811865475,0.0,-0.6597250460563985,58
6048,-0.12792277383035552,1.2614310857886681,-0.1832315464703722,-0.23510237636567338,0.5805061853370884,0.7071067811865475,0.0,0.9476263737640264,31
6051,-0.12792277383035552,0.9092233200574916,-0.1832315464703722,4.013951406735165,-0.4735933074256388,0.0,0.7071067811865475,0.5457885188089201,23
6055,-0.12792277383035552,-0.4996077428672151,-0.1832315464703722,-0.23510237636567338,-0.6844132059781843,0.7071067811865475,0.0,0.14395066385381394,23
6056,-0.12792277383035552,1.2614310857886681,-0.1832315464703722,-0.23510237636567338,2.8995250694150885,0.7071067811865475,0.0,1.7513020836742388,31
6058,-0.12792277383035552,-1.2040232743295685,-0.1832315464703722,-0.23510237636567338,-0.6844132059781843,0.7071067811865475,0.0,-0.6597250460563985,33
6062,-0.12792277383035552,-0.8518155085983917,-0.1832315464703722,-0.23510237636567338,0.5805061853370884,0.7071067811865475,0.0,-0.6597250460563985,57
6064,-0.12792277383035552,-0.8518155085983917,-0.1832315464703722,-0.23510237636567338,-0.6844132059781843,0.0,0.7071067811865475,-0.6597250460563985,31
6065,-0.12792277383035552,0.5570155543263149,-0.1832315464703722,-0.23510237636567338,3.321164866520179,0.7071067811865475,0.0,-1.0615629010115046,57
6066,-0.12792277383035552,0.20480778859513823,-0.1832315464703722,-0.23510237636567338,1.845425576652361,0.0,0.7071067811865475,-1.0615629010115046,57
6067,-0.12792277383035552,0.9092233200574916,-0.1832315464703722,-0.23510237636567338,0.5805061853370884,0.0,0.7071067811865475,0.14395066385381394,29
6070,-0.12792277383035552,-1.2040232743295685,-0.1832315464703722,-0.23510237636567338,-0.6844132059781843,0.0,0.7071067811865475,-1.0615629010115046,30
6071,-0.12792277383035552,-0.4996077428672151,-0.1832315464703722,-0.23510237636567338,1.6346056780998157,0.7071067811865475,0.0,-0.25788719110129227,45
6073,-0.12792277383035552,0.20480778859513823,-0.1832315464703722,-0.23510237636567338,-0.6844132059781843,0.7071067811865475,0.0,-0.6597250460563985,42
6074,-0.12792277383035552,-0.8518155085983917,-0.1832315464703722,-0.23510237636567338,0.7913260838896339,0.7071067811865475,0.0,-0.6597250460563985,48
6075,-0.12792277383035552,1.2614310857886681,3.834193337419991,-0.23510237636567338,1.845425576652361,0.7071067811865475,0.0,0.5457885188089201,29
6078,-0.12792277383035552,-0.8518155085983917,-0.1832315464703722,-0.23510237636567338,-0.6844132059781843,0.7071067811865475,0.0,-0.6597250460563985,28
6080,-0.12792277383035552,-0.8518155085983917,-0.1832315464703722,-0.23510237636567338,-0.4735933074256388,0.0,0.7071067811865475,-0.25788719110129227,25
6081,-0.12792277383035552,0.20480778859513823,-0.1832315464703722,-0.23510237636567338,-0.05195351032054794,0.0,0.7071067811865475,-0.6597250460563985,34
6084,-0.12792277383035552,-0.8518155085983917,-0.1832315464703722,-0.23510237636567338,-0.6844132059781843,0.7071067811865475,0.0,0.14395066385381394,27
6085,-0.12792277383035552,-0.14739997713603842,-0.1832315464703722,-0.23510237636567338,0.15886638823199753,0.7071067811865475,0.0,-0.6597250460563985,39
6089,-0.12792277383035552,0.20480778859513823,-0.1832315464703722,-0.23510237636567338,0.15886638823199753,0.7071067811865475,0.0,0.9476263737640264,27
6094,-0.12792277383035552,1.9658466172510216,-0.1832315464703722,1.8894245151847455,0.7913260838896339,0.7071067811865475,0.0,1.7513020836742388,30
6095,6.343711325193859,1.9658466172510216,-0.1832315464703722,1.8894245151847455,2.4778852723099973,0.0,0.7071067811865475,0.14395066385381394,31
6096,-0.12792277383035552,1.613638851519845,-0.1832315464703722,1.8894245151847455,-0.4735933074256388,0.0,0.7071067811865475,1.7513020836742388,20
6097,-0.12792277383035552,1.613638851519845,-0.1832315464703722,-0.23510237636567338,-0.2627734088730934,0.7071067811865475,0.0,1.7513020836742388,26
6100,-0.12792277383035552,-1.2040232743295685,-0.1832315464703722,-0.23510237636567338,-0.6844132059781843,0.7071067811865475,0.0,-1.0615629010115046,34
6101,-0.12792277383035552,-0.8518155085983917,-0.1832315464703722,-0.23510237636567338,-0.6844132059781843,0.0,0.7071067811865475,-0.6597250460563985,27
6105,-0.12792277383035552,-0.8518155085983917,-0.1832315464703722,-0.23510237636567338,0.15886638823199753,0.7071067811865475,0.0,-0.6597250460563985,29
6106,-0.12792277383035552,0.5570155543263149,-0.1832315464703722,-0.23510237636567338,0.7913260838896339,0.7071067811865475,0.0,0.14395066385381394,27
6107,-0.12792277383035552,1.2614310857886681,-0.1832315464703722,-0.23510237636567338,-0.6844132059781843,0.7071067811865475,0.0,0.5457885188089201,24
6108,-0.12792277383035552,0.20480778859513823,-0.1832315464703722,-0.23510237636567338,-0.6844132059781843,0.7071067811865475,0.0,0.14395066385381394,29
6109,-0.12792277383035552,-0.4996077428672151,-0.1832315464703722,-0.23510237636567338,-0.6844132059781843,0.7071067811865475,0.0,0.9476263737640264,20
6110,-0.12792277383035552,-0.4996077428672151,-0.1832315464703722,-0.23510237636567338,-0.6844132059781843,0.7071067811865475,0.0,-0.25788719110129227,23
6111,-0.12792277383035552,-1.2040232743295685,-0.1832315464703722,-0.23510237636567338,-0.6844132059781843,0.0,0.7071067811865475,-1.0615629010115046,48
6112,-0.12792277383035552,-1.2040232743295685,-0.1832315464703722,-0.23510237636567338,-0.6844132059781843,0.0,0.7071067811865475,-1.0615629010115046,34
6113,-0.12792277383035552,0.5570155543263149,-0.1832315464703722,-0.23510237636567338,-0.4735933074256388,0.0,0.7071067811865475,0.14395066385381394,46
6114,-0.12792277383035552,0.20480778859513823,-0.1832315464703722,-0.23510237636567338,-0.05195351032054794,0.7071067811865475,0.0,-0.6597250460563985,41
6116,-0.12792277383035552,0.5570155543263149,-0.1832315464703722,-0.23510237636567338,-0.05195351032054794,0.7071067811865475,0.0,0.14395066385381394,26
6117,-0.12792277383035552,1.2614310857886681,-0.1832315464703722,-0.23510237636567338,1.6346056780998157,0.7071067811865475,0.0,0.9476263737640264,37
6123,-0.12792277383035552,-0.4996077428672151,-0.1832315464703722,-0.23510237636567338,-0.2627734088730934,0.7071067811865475,0.0,0.14395066385381394,22
6125,-0.12792277383035552,-1.2040232743295685,-0.1832315464703722,-0.23510237636567338,0.7913260838896339,0.7071067811865475,0.0,-1.0615629010115046,32
6127,-0.12792277383035552,-1.2040232743295685,-0.1832315464703722,-0.23510237636567338,-0.6844132059781843,0.0,0.7071067811865475,-1.0615629010115046,44
6131,-0.12792277383035552,-1.2040232743295685,-0.1832315464703722,-0.23510237636567338,-0.05195351032054794,0.0,0.7071067811865475,-1.0615629010115046,60
6133,-0.12792277383035552,-1.2040232743295685,-0.1832315464703722,-0.23510237636567338,-0.6844132059781843,0.7071067811865475,0.0,-1.0615629010115046,49
6135,-0.12792277383035552,-0.14739997713603842,-0.1832315464703722,-0.23510237636567338,1.4237857795472701,0.0,0.7071067811865475,0.5457885188089201,30
6137,-0.12792277383035552,-1.2040232743295685,-0.1832315464703722,-0.23510237636567338,-0.6844132059781843,0.7071067811865475,0.0,-1.0615629010115046,52
6140,-0.12792277383035552,1.9658466172510216,-0.1832315464703722,-0.23510237636567338,-0.6844132059781843,0.7071067811865475,0.0,2.153139938629345,34
6143,-0.12792277383035552,-0.14739997713603842,-0.1832315464703722,-0.23510237636567338,0.36968628678454296,0.7071067811865475,0.0,-1.0615629010115046,55
6146,-0.12792277383035552,0.9092233200574916,-0.1832315464703722,-0.23510237636567338,-0.6844132059781843,0.0,0.7071067811865475,1.3494642287191325,33
6147,-0.12792277383035552,0.5570155543263149,-0.1832315464703722,-0.23510237636567338,-0.6844132059781843,0.7071067811865475,0.0,0.9476263737640264,22
6148,-0.12792277383035552,-0.8518155085983917,-0.1832315464703722,-0.23510237636567338,-0.6844132059781843,0.0,0.7071067811865475,-0.6597250460563985,27
6149,-0.12792277383035552,0.20480778859513823,-0.1832315464703722,4.013951406735165,-0.6844132059781843,0.7071067811865475,0.0,1.3494642287191325,20
6150,-0.12792277383035552,-0.8518155085983917,-0.1832315464703722,-0.23510237636567338,-0.6844132059781843,0.7071067811865475,0.0,-0.6597250460563985,33
6152,-0.12792277383035552,-0.8518155085983917,-0.1832315464703722,-0.23510237636567338,-0.6844132059781843,0.0,0.7071067811865475,-0.6597250460563985,26
6153,-0.12792277383035552,0.20480778859513823,-0.1832315464703722,-0.23510237636567338,-0.6844132059781843,0.0,0.7071067811865475,-0.6597250460563985,29
6154,-0.12792277383035552,-0.4996077428672151,-0.1832315464703722,-0.23510237636567338,-0.4735933074256388,0.0,0.7071067811865475,0.14395066385381394,32
6156,-0.12792277383035552,-1.2040232743295685,-0.1832315464703722,-0.23510237636567338,0.15886638823199753,0.0,0.7071067811865475,-1.0615629010115046,37
6159,-0.12792277383035552,1.9658466172510216,-0.1832315464703722,-0.23510237636567338,2.4778852723099973,0.7071067811865475,0.0,1.3494642287191325,31
6160,-0.12792277383035552,1.2614310857886681,-0.1832315464703722,-0.23510237636567338,0.5805061853370884,0.7071067811865475,0.0,0.14395066385381394,29
6161,-0.12792277383035552,-0.14739997713603842,-0.1832315464703722,-0.23510237636567338,0.5805061853370884,0.7071067811865475,0.0,-0.6597250460563985,31
6162,-0.12792277383035552,-0.4996077428672151,-0.1832315464703722,-0.23510237636567338,-0.2627734088730934,0.7071067811865475,0.0,-0.25788719110129227,36
6164,-0.12792277383035552,-1.2040232743295685,-0.1832315464703722,-0.23510237636567338,-0.4735933074256388,0.7071067811865475,0.0,-1.0615629010115046,37
6165,-0.12792277383035552,-0.8518155085983917,-0.1832315464703722,-0.23510237636567338,0.36968628678454296,0.0,0.7071067811865475,0.14395066385381394,34
6166,-0.12792277383035552,0.20480778859513823,-0.1832315464703722,-0.23510237636567338,-0.4735933074256388,0.0,0.7071067811865475,1.3494642287191325,20
6169,-0.12792277383035552,1.613638851519845,-0.1832315464703722,4.013951406735165,1.0021459824421792,0.7071067811865475,0.0,2.554977793584451,24
6170,-0.12792277383035552,1.613638851519845,1.8254808954748094,-0.23510237636567338,1.0021459824421792,0.0,0.7071067811865475,0.5457885188089201,29
6171,-0.12792277383035552,-1.2040232743295685,-0.1832315464703722,-0.23510237636567338,-0.4735933074256388,0.7071067811865475,0.0,-1.0615629010115046,45
6172,-0.12792277383035552,0.9092233200574916,-0.1832315464703722,-0.23510237636567338,-0.2627734088730934,0.7071067811865475,0.0,0.9476263737640264,34
6173,-0.12792277383035552,-1.2040232743295685,-0.1832315464703722,-0.23510237636567338,-0.6844132059781843,0.0,0.7071067811865475,-1.0615629010115046,70
6177,2.0292885925110493,1.613638851519845,-0.1832315464703722,-0.23510237636567338,0.15886638823199753,0.7071067811865475,0.0,2.153139938629345,23
6178,-0.12792277383035552,-0.14739997713603842,-0.1832315464703722,-0.23510237636567338,0.36968628678454296,0.0,0.7071067811865475,-0.25788719110129227,27
6179,-0.12792277383035552,0.5570155543263149,-0.1832315464703722,-0.23510237636567338,0.5805061853370884,0.7071067811865475,0.0,-0.6597250460563985,44
6182,-0.12792277383035552,0.20480778859513823,-0.1832315464703722,-0.23510237636567338,-0.6844132059781843,0.0,0.7071067811865475,-0.25788719110129227,26
6183,-0.12792277383035552,0.5570155543263149,-0.1832315464703722,-0.23510237636567338,-0.2627734088730934,0.0,0.7071067811865475,0.14395066385381394,23
6185,-0.12792277383035552,1.613638851519845,-0.1832315464703722,-0.23510237636567338,-0.05195351032054794,0.7071067811865475,0.0,1.3494642287191325,27
6189,-0.12792277383035552,-0.8518155085983917,-0.1832315464703722,-0.23510237636567338,-0.4735933074256388,0.7071067811865475,0.0,-1.0615629010115046,46
6191,2.0292885925110493,0.20480778859513823,-0.1832315464703722,-0.23510237636567338,-0.4735933074256388,0.7071067811865475,0.0,0.14395066385381394,27
6192,-0.12792277383035552,-0.8518155085983917,-0.1832315464703722,-0.23510237636567338,0.7913260838896339,0.7071067811865475,0.0,-0.6597250460563985,45
6193,-0.12792277383035552,0.20480778859513823,-0.1832315464703722,-0.23510237636567338,-0.4735933074256388,0.0,0.7071067811865475,-0.6597250460563985,42
6195,-0.12792277383035552,0.20480778859513823,1.8254808954748094,-0.23510237636567338,-0.05195351032054794,0.0,0.7071067811865475,0.5457885188089201,24
6196,2.0292885925110493,1.2614310857886681,1.8254808954748094,1.8894245151847455,-0.2627734088730934,0.7071067811865475,0.0,1.3494642287191325,20
6198,-0.12792277383035552,-0.14739997713603842,-0.1832315464703722,-0.23510237636567338,-0.05195351032054794,0.7071067811865475,0.0,-0.6597250460563985,49
6200,-0.12792277383035552,-0.8518155085983917,-0.1832315464703722,-0.23510237636567338,-0.6844132059781843,0.7071067811865475,0.0,-0.6597250460563985,29
6201,-0.12792277383035552,-1.2040232743295685,-0.1832315464703722,-0.23510237636567338,-0.4735933074256388,0.7071067811865475,0.0,-1.0615629010115046,52
6202,-0.12792277383035552,-1.2040232743295685,-0.1832315464703722,-0.23510237636567338,0.15886638823199753,0.0,0.7071067811865475,-1.0615629010115046,37
6203,-0.12792277383035552,-0.4996077428672151,-0.1832315464703722,-0.23510237636567338,-0.4735933074256388,0.0,0.7071067811865475,0.14395066385381394,26
6205,-0.12792277383035552,-1.2040232743295685,-0.1832315464703722,-0.23510237636567338,2.4778852723099973,0.7071067811865475,0.0,-0.6597250460563985,53
6206,-0.12792277383035552,-1.2040232743295685,-0.1832315464703722,-0.23510237636567338,-0.4735933074256388,0.7071067811865475,0.0,-1.0615629010115046,47
6207,-0.12792277383035552,1.2614310857886681,-0.1832315464703722,-0.23510237636567338,-0.6844132059781843,0.0,0.7071067811865475,1.7513020836742388,38
6208,-0.12792277383035552,0.5570155543263149,-0.1832315464703722,-0.23510237636567338,-0.4735933074256388,0.7071067811865475,0.0,0.9476263737640264,25
6210,2.0292885925110493,1.9658466172510216,-0.1832315464703722,-0.23510237636567338,-0.4735933074256388,0.7071067811865475,0.0,2.153139938629345,21
6212,-0.12792277383035552,-1.2040232743295685,-0.1832315464703722,-0.23510237636567338,-0.6844132059781843,0.0,0.7071067811865475,-1.0615629010115046,48
6215,-0.12792277383035552,-0.4996077428672151,-0.1832315464703722,-0.23510237636567338,-0.6844132059781843,0.7071067811865475,0.0,-0.25788719110129227,24
6216,-0.12792277383035552,-0.14739997713603842,-0.1832315464703722,-0.23510237636567338,-0.6844132059781843,0.7071067811865475,0.0,0.5457885188089201,22
6221,-0.12792277383035552,-0.8518155085983917,-0.1832315464703722,-0.23510237636567338,-0.2627734088730934,0.0,0.7071067811865475,-1.0615629010115046,38
6222,-0.12792277383035552,-0.4996077428672151,-0.1832315464703722,-0.23510237636567338,-0.6844132059781843,0.7071067811865475,0.0,0.14395066385381394,23
6223,-0.12792277383035552,-1.2040232743295685,-0.1832315464703722,-0.23510237636567338,-0.2627734088730934,0.0,0.7071067811865475,-1.0615629010115046,54
6224,-0.12792277383035552,-0.14739997713603842,-0.1832315464703722,-0.23510237636567338,-0.4735933074256388,0.7071067811865475,0.0,0.14395066385381394,24
6226,-0.12792277383035552,-1.2040232743295685,-0.1832315464703722,-0.23510237636567338,-0.6844132059781843,0.0,0.7071067811865475,-1.0615629010115046,44
6228,-0.12792277383035552,-1.2040232743295685,-0.1832315464703722,-0.23510237636567338,-0.6844132059781843,0.0,0.7071067811865475,-1.0615629010115046,64
6229,-0.12792277383035552,0.20480778859513823,-0.1832315464703722,-0.23510237636567338,0.36968628678454296,0.0,0.7071067811865475,-0.6597250460563985,38
6230,-0.12792277383035552,-1.2040232743295685,-0.1832315464703722,-0.23510237636567338,-0.6844132059781843,0.0,0.7071067811865475,-1.0615629010115046,45
6231,-0.12792277383035552,0.20480778859513823,-0.1832315464703722,-0.23510237636567338,-0.4735933074256388,0.7071067811865475,0.0,0.9476263737640264,49
6236,-0.12792277383035552,-1.2040232743295685,-0.1832315464703722,-0.23510237636567338,-0.6844132059781843,0.0,0.7071067811865475,-1.0615629010115046,33
6238,-0.12792277383035552,-0.8518155085983917,-0.1832315464703722,-0.23510237636567338,-0.2627734088730934,0.7071067811865475,0.0,-1.0615629010115046,44
6239,-0.12792277383035552,-1.2040232743295685,-0.1832315464703722,-0.23510237636567338,-0.05195351032054794,0.7071067811865475,0.0,-1.0615629010115046,51
6240,-0.12792277383035552,-1.2040232743295685,-0.1832315464703722,-0.23510237636567338,-0.6844132059781843,0.7071067811865475,0.0,-1.0615629010115046,50
6241,-0.12792277383035552,-0.8518155085983917,3.834193337419991,-0.23510237636567338,-0.2627734088730934,0.0,0.7071067811865475,-0.6597250460563985,33
6242,-0.12792277383035552,-1.2040232743295685,-0.1832315464703722,-0.23510237636567338,-0.6844132059781843,0.0,0.7071067811865475,-1.0615629010115046,54
6244,-0.12792277383035552,0.20480778859513823,-0.1832315464703722,-0.23510237636567338,-0.05195351032054794,0.7071067811865475,0.0,-0.25788719110129227,28
6247,-0.12792277383035552,0.9092233200574916,-0.1832315464703722,-0.23510237636567338,2.8995250694150885,0.0,0.7071067811865475,0.14395066385381394,42
6248,-0.12792277383035552,-1.2040232743295685,-0.1832315464703722,-0.23510237636567338,-0.05195351032054794,0.7071067811865475,0.0,-1.0615629010115046,34
6249,-0.12792277383035552,-0.4996077428672151,-0.1832315464703722,-0.23510237636567338,-0.2627734088730934,0.7071067811865475,0.0,-0.25788719110129227,38
6250,-0.12792277383035552,1.613638851519845,-0.1832315464703722,-0.23510237636567338,-0.4735933074256388,0.7071067811865475,0.0,1.7513020836742388,21
6251,-0.12792277383035552,-0.14739997713603842,-0.1832315464703722,-0.23510237636567338,0.36968628678454296,0.7071067811865475,0.0,-0.6597250460563985,33
6256,-0.12792277383035552,0.9092233200574916,-0.1832315464703722,1.8894245151847455,1.2129658809947248,0.0,0.7071067811865475,0.14395066385381394,32
6259,-0.12792277383035552,-1.2040232743295685,-0.1832315464703722,-0.23510237636567338,-0.4735933074256388,0.0,0.7071067811865475,-1.0615629010115046,45
6260,-0.12792277383035552,1.2614310857886681,-0.1832315464703722,-0.23510237636567338,-0.4735933074256388,0.7071067811865475,0.0,0.9476263737640264,30
6264,-0.12792277383035552,1.9658466172510216,-0.1832315464703722,-0.23510237636567338,-0.6844132059781843,0.7071067811865475,0.0,1.3494642287191325,29
6267,-0.12792277383035552,-1.2040232743295685,-0.1832315464703722,-0.23510237636567338,-0.6844132059781843,0.0,0.7071067811865475,-1.0615629010115046,51
6268,-0.12792277383035552,-0.4996077428672151,-0.1832315464703722,-0.23510237636567338,-0.6844132059781843,0.7071067811865475,0.0,-0.25788719110129227,28
6271,-0.12792277383035552,-0.4996077428672151,-0.1832315464703722,-0.23510237636567338,-0.4735933074256388,0.7071067811865475,0.0,-0.6597250460563985,27
6274,-0.12792277383035552,1.9658466172510216,-0.1832315464703722,-0.23510237636567338,2.688705170862543,0.7071067811865475,0.0,1.7513020836742388,28
6278,-0.12792277383035552,-0.8518155085983917,-0.1832315464703722,-0.23510237636567338,-0.6844132059781843,0.7071067811865475,0.0,-0.25788719110129227,30
6280,-0.12792277383035552,0.9092233200574916,-0.1832315464703722,-0.23510237636567338,-0.6844132059781843,0.0,0.7071067811865475,-0.6597250460563985,32
6281,-0.12792277383035552,-0.14739997713603842,-0.1832315464703722,-0.23510237636567338,0.36968628678454296,0.7071067811865475,0.0,-0.25788719110129227,27
6282,-0.12792277383035552,0.20480778859513823,-0.1832315464703722,-0.23510237636567338,-0.4735933074256388,0.7071067811865475,0.0,1.3494642287191325,21
6284,-0.12792277383035552,0.20480778859513823,-0.1832315464703722,-0.23510237636567338,-0.6844132059781843,0.7071067811865475,0.0,1.3494642287191325,21
6285,-0.12792277383035552,-0.4996077428672151,-0.1832315464703722,-0.23510237636567338,-0.6844132059781843,0.7071067811865475,0.0,-0.6597250460563985,34
6286,-0.12792277383035552,1.613638851519845,-0.1832315464703722,-0.23510237636567338,0.7913260838896339,0.7071067811865475,0.0,0.9476263737640264,24
6287,-0.12792277383035552,-1.2040232743295685,-0.1832315464703722,-0.23510237636567338,-0.6844132059781843,0.0,0.7071067811865475,-1.0615629010115046,32
6289,-0.12792277383035552,0.5570155543263149,-0.1832315464703722,-0.23510237636567338,0.36968628678454296,0.7071067811865475,0.0,0.14395066385381394,38
6292,-0.12792277383035552,-1.2040232743295685,-0.1832315464703722,-0.23510237636567338,-0.05195351032054794,0.0,0.7071067811865475,-1.0615629010115046,56
6293,-0.12792277383035552,-1.2040232743295685,-0.1832315464703722,-0.23510237636567338,-0.6844132059781843,0.0,0.7071067811865475,-1.0615629010115046,44
6296,-0.12792277383035552,0.20480778859513823,-0.1832315464703722,-0.23510237636567338,-0.4735933074256388,0.0,0.7071067811865475,-0.6597250460563985,31
6297,-0.12792277383035552,0.9092233200574916,-0.1832315464703722,-0.23510237636567338,0.5805061853370884,0.7071067811865475,0.0,0.14395066385381394,25
6299,-0.12792277383035552,0.20480778859513823,-0.1832315464703722,-0.23510237636567338,-0.6844132059781843,0.0,0.7071067811865475,1.3494642287191325,20
6300,-0.12792277383035552,0.20480778859513823,-0.1832315464703722,-0.23510237636567338,-0.4735933074256388,0.0,0.7071067811865475,0.5457885188089201,35
6301,-0.12792277383035552,-0.14739997713603842,-0.1832315464703722,-0.23510237636567338,-0.4735933074256388,0.7071067811865475,0.0,-0.25788719110129227,33
6302,-0.12792277383035552,-0.4996077428672151,-0.1832315464703722,-0.23510237636567338,-0.6844132059781843,0.0,0.7071067811865475,0.14395066385381394,24
6303,-0.12792277383035552,-0.8518155085983917,-0.1832315464703722,-0.23510237636567338,-0.2627734088730934,0.0,0.7071067811865475,-1.0615629010115046,40
6304,-0.12792277383035552,1.613638851519845,-0.1832315464703722,-0.23510237636567338,1.2129658809947248,0.7071067811865475,0.0,1.7513020836742388,27
6312,-0.12792277383035552,0.20480778859513823,-0.1832315464703722,-0.23510237636567338,1.2129658809947248,0.7071067811865475,0.0,0.14395066385381394,38
6314,-0.12792277383035552,0.5570155543263149,-0.1832315464703722,1.8894245151847455,-0.6844132059781843,0.7071067811865475,0.0,2.153139938629345,20
6315,-0.12792277383035552,-0.4996077428672151,-0.1832315464703722,-0.23510237636567338,1.2129658809947248,0.7071067811865475,0.0,-0.6597250460563985,30
6317,-0.12792277383035552,0.5570155543263149,-0.1832315464703722,-0.23510237636567338,1.2129658809947248,0.7071067811865475,0.0,0.14395066385381394,36
6319,-0.12792277383035552,1.613638851519845,-0.1832315464703722,-0.23510237636567338,-0.2627734088730934,0.0,0.7071067811865475,2.153139938629345,23
6320,-0.12792277383035552,1.9658466172510216,-0.1832315464703722,-0.23510237636567338,3.7428046636252703,0.7071067811865475,0.0,1.7513020836742388,39
6322,-0.12792277383035552,0.5570155543263149,-0.1832315464703722,-0.23510237636567338,-0.05195351032054794,0.7071067811865475,0.0,-0.25788719110129227,29
6323,-0.12792277383035552,-1.2040232743295685,-0.1832315464703722,-0.23510237636567338,-0.2627734088730934,0.0,0.7071067811865475,-1.0615629010115046,58
6324,-0.12792277383035552,0.9092233200574916,-0.1832315464703722,1.8894245151847455,-0.2627734088730934,0.7071067811865475,0.0,0.5457885188089201,23
6326,-0.12792277383035552,1.2614310857886681,-0.1832315464703722,-0.23510237636567338,-0.05195351032054794,0.0,0.7071067811865475,0.9476263737640264,23
6328,-0.12792277383035552,-0.8518155085983917,-0.1832315464703722,-0.23510237636567338,0.36968628678454296,0.7071067811865475,0.0,-1.0615629010115046,68
6330,-0.12792277383035552,0.20480778859513823,-0.1832315464703722,-0.23510237636567338,-0.2627734088730934,0.0,0.7071067811865475,0.14395066385381394,26
6332,-0.12792277383035552,-0.14739997713603842,-0.1832315464703722,-0.23510237636567338,-0.6844132059781843,0.7071067811865475,0.0,-1.0615629010115046,51
6335,-0.12792277383035552,-0.8518155085983917,-0.1832315464703722,-0.23510237636567338,-0.6844132059781843,0.0,0.7071067811865475,-0.25788719110129227,25
6336,-0.12792277383035552,1.613638851519845,-0.1832315464703722,-0.23510237636567338,0.36968628678454296,0.7071067811865475,0.0,2.554977793584451,40
6337,-0.12792277383035552,0.20480778859513823,-0.1832315464703722,-0.23510237636567338,2.2670653737574518,0.7071067811865475,0.0,-0.6597250460563985,51
6338,-0.12792277383035552,0.20480778859513823,-0.1832315464703722,-0.23510237636567338,-0.2627734088730934,0.0,0.7071067811865475,-0.25788719110129227,27
6339,-0.12792277383035552,0.20480778859513823,-0.1832315464703722,-0.23510237636567338,1.6346056780998157,0.0,0.7071067811865475,0.14395066385381394,49
6341,-0.12792277383035552,-1.2040232743295685,-0.1832315464703722,-0.23510237636567338,-0.6844132059781843,0.0,0.7071067811865475,-1.0615629010115046,36
6345,-0.12792277383035552,-0.4996077428672151,-0.1832315464703722,-0.23510237636567338,-0.6844132059781843,0.7071067811865475,0.0,0.9476263737640264,20
6347,-0.12792277383035552,1.9658466172510216,-0.1832315464703722,-0.23510237636567338,-0.2627734088730934,0.7071067811865475,0.0,0.9476263737640264,21
6349,-0.12792277383035552,-0.8518155085983917,-0.1832315464703722,-0.23510237636567338,-0.6844132059781843,0.7071067811865475,0.0,-0.6597250460563985,31
6353,-0.12792277383035552,-1.2040232743295685,-0.1832315464703722,-0.23510237636567338,-0.6844132059781843,0.0,0.7071067811865475,-1.0615629010115046,57
6354,-0.12792277383035552,-0.4996077428672151,-0.1832315464703722,-0.23510237636567338,1.0021459824421792,0.7071067811865475,0.0,-1.0615629010115046,61
6356,-0.12792277383035552,-1.2040232743295685,-0.1832315464703722,-0.23510237636567338,-0.05195351032054794,0.7071067811865475,0.0,-0.6597250460563985,35
6359,-0.12792277383035552,0.5570155543263149,-0.1832315464703722,-0.23510237636567338,-0.05195351032054794,0.7071067811865475,0.0,-0.25788719110129227,54
6360,-0.12792277383035552,-0.4996077428672151,-0.1832315464703722,-0.23510237636567338,-0.6844132059781843,0.7071067811865475,0.0,-0.6597250460563985,39
6361,-0.12792277383035552,0.9092233200574916,1.8254808954748094,-0.23510237636567338,-0.4735933074256388,0.7071067811865475,0.0,1.3494642287191325,24
6362,-0.12792277383035552,-0.14739997713603842,-0.1832315464703722,-0.23510237636567338,-0.6844132059781843,0.7071067811865475,0.0,-0.6597250460563985,29
6365,-0.12792277383035552,1.613638851519845,-0.1832315464703722,1.8894245151847455,1.0021459824421792,0.7071067811865475,0.0,0.14395066385381394,48
6367,-0.12792277383035552,0.9092233200574916,-0.1832315464703722,1.8894245151847455,0.5805061853370884,0.0,0.7071067811865475,-0.25788719110129227,30
6368,-0.12792277383035552,1.9658466172510216,1.8254808954748094,-0.23510237636567338,1.4237857795472701,0.7071067811865475,0.0,2.554977793584451,26
6371,-0.12792277383035552,1.613638851519845,-0.1832315464703722,-0.23510237636567338,1.845425576652361,0.7071067811865475,0.0,1.7513020836742388,37
6372,-0.12792277383035552,0.5570155543263149,-0.1832315464703722,-0.23510237636567338,0.15886638823199753,0.7071067811865475,0.0,-0.25788719110129227,26
6373,-0.12792277383035552,1.9658466172510216,-0.1832315464703722,-0.23510237636567338,0.7913260838896339,0.0,0.7071067811865475,2.153139938629345,29
6375,-0.12792277383035552,0.5570155543263149,-0.1832315464703722,-0.23510237636567338,-0.4735933074256388,0.0,0.7071067811865475,0.5457885188089201,26
6376,-0.12792277383035552,-1.2040232743295685,-0.1832315464703722,-0.23510237636567338,-0.2627734088730934,0.7071067811865475,0.0,-1.0615629010115046,60
6377,-0.12792277383035552,0.9092233200574916,-0.1832315464703722,-0.23510237636567338,-0.2627734088730934,0.7071067811865475,0.0,0.9476263737640264,27
6379,-0.12792277383035552,0.5570155543263149,-0.1832315464703722,1.8894245151847455,-0.4735933074256388,0.7071067811865475,0.0,1.3494642287191325,22
6380,-0.12792277383035552,0.9092233200574916,-0.1832315464703722,-0.23510237636567338,-0.05195351032054794,0.7071067811865475,0.0,1.7513020836742388,28
6381,-0.12792277383035552,0.5570155543263149,-0.1832315464703722,-0.23510237636567338,2.0562454752049066,0.7071067811865475,0.0,0.14395066385381394,33
6382,-0.12792277383035552,-0.8518155085983917,-0.1832315464703722,-0.23510237636567338,-0.2627734088730934,0.7071067811865475,0.0,-0.25788719110129227,28
6383,-0.12792277383035552,-1.2040232743295685,-0.1832315464703722,-0.23510237636567338,-0.6844132059781843,0.0,0.7071067811865475,-1.0615629010115046,55
6384,-0.12792277383035552,1.2614310857886681,1.8254808954748094,-0.23510237636567338,0.5805061853370884,0.7071067811865475,0.0,1.3494642287191325,21
6386,-0.12792277383035552,-0.4996077428672151,-0.1832315464703722,-0.23510237636567338,-0.2627734088730934,0.7071067811865475,0.0,-0.6597250460563985,28
6387,-0.12792277383035552,-0.8518155085983917,-0.1832315464703722,-0.23510237636567338,-0.6844132059781843,0.0,0.7071067811865475,0.14395066385381394,22
6389,-0.12792277383035552,0.9092233200574916,-0.1832315464703722,-0.23510237636567338,0.5805061853370884,0.7071067811865475,0.0,-0.6597250460563985,29
6391,-0.12792277383035552,1.2614310857886681,-0.1832315464703722,-0.23510237636567338,-0.2627734088730934,0.0,0.7071067811865475,0.9476263737640264,24
6392,-0.12792277383035552,-1.2040232743295685,-0.1832315464703722,-0.23510237636567338,1.845425576652361,0.7071067811865475,0.0,-1.0615629010115046,50
6393,-0.12792277383035552,0.5570155543263149,-0.1832315464703722,-0.23510237636567338,-0.4735933074256388,0.0,0.7071067811865475,0.9476263737640264,24
6394,-0.12792277383035552,-0.8518155085983917,-0.1832315464703722,-0.23510237636567338,-0.4735933074256388,0.7071067811865475,0.0,-0.25788719110129227,47
6396,-0.12792277383035552,-1.2040232743295685,-0.1832315464703722,-0.23510237636567338,0.5805061853370884,0.7071067811865475,0.0,-1.0615629010115046,54
6398,-0.12792277383035552,-0.8518155085983917,-0.1832315464703722,-0.23510237636567338,-0.6844132059781843,0.0,0.7071067811865475,-1.0615629010115046,42
6399,-0.12792277383035552,-0.4996077428672151,-0.1832315464703722,-0.23510237636567338,0.36968628678454296,0.7071067811865475,0.0,-0.6597250460563985,35
6400,-0.12792277383035552,-0.14739997713603842,-0.1832315464703722,-0.23510237636567338,-0.6844132059781843,0.7071067811865475,0.0,-0.6597250460563985,30
6401,-0.12792277383035552,-1.2040232743295685,-0.1832315464703722,-0.23510237636567338,-0.4735933074256388,0.7071067811865475,0.0,-1.0615629010115046,53
6402,-0.12792277383035552,-0.4996077428672151,-0.1832315464703722,-0.23510237636567338,-0.2627734088730934,0.0,0.7071067811865475,-0.6597250460563985,31
6409,-0.12792277383035552,-0.8518155085983917,-0.1832315464703722,-0.23510237636567338,-0.6844132059781843,0.7071067811865475,0.0,-0.6597250460563985,31
6412,-0.12792277383035552,1.9658466172510216,-0.1832315464703722,-0.23510237636567338,0.15886638823199753,0.7071067811865475,0.0,2.554977793584451,23
6413,-0.12792277383035552,-0.14739997713603842,-0.1832315464703722,-0.23510237636567338,1.2129658809947248,0.7071067811865475,0.0,-0.6597250460563985,47
6420,-0.12792277383035552,1.613638851519845,1.8254808954748094,-0.23510237636567338,1.2129658809947248,0.0,0.7071067811865475,0.5457885188089201,24
6422,-0.12792277383035552,1.613638851519845,1.8254808954748094,-0.23510237636567338,-0.2627734088730934,0.7071067811865475,0.0,1.7513020836742388,22
6424,-0.12792277383035552,-1.2040232743295685,-0.1832315464703722,-0.23510237636567338,-0.4735933074256388,0.0,0.7071067811865475,-1.0615629010115046,45
6425,-0.12792277383035552,-0.8518155085983917,-0.1832315464703722,-0.23510237636567338,-0.2627734088730934,0.7071067811865475,0.0,-0.6597250460563985,30
6426,-0.12792277383035552,1.2614310857886681,-0.1832315464703722,-0.23510237636567338,0.36968628678454296,0.0,0.7071067811865475,-0.25788719110129227,30
6428,-0.12792277383035552,1.9658466172510216,-0.1832315464703722,-0.23510237636567338,3.9536245621778154,0.0,0.7071067811865475,0.14395066385381394,43
6430,-0.12792277383035552,-1.2040232743295685,-0.1832315464703722,-0.23510237636567338,-0.6844132059781843,0.0,0.7071067811865475,-1.0615629010115046,50
6431,-0.12792277383035552,-0.14739997713603842,-0.1832315464703722,-0.23510237636567338,-0.2627734088730934,0.7071067811865475,0.0,-0.25788719110129227,24
6432,-0.12792277383035552,0.20480778859513823,-0.1832315464703722,-0.23510237636567338,-0.05195351032054794,0.7071067811865475,0.0,-1.0615629010115046,42
6433,-0.12792277383035552,0.9092233200574916,-0.1832315464703722,-0.23510237636567338,-0.4735933074256388,0.7071067811865475,0.0,0.5457885188089201,29
6436,-0.12792277383035552,-1.2040232743295685,-0.1832315464703722,-0.23510237636567338,-0.6844132059781843,0.0,0.7071067811865475,-1.0615629010115046,31
6439,-0.12792277383035552,1.613638851519845,-0.1832315464703722,-0.23510237636567338,0.36968628678454296,0.7071067811865475,0.0,0.9476263737640264,25
6441,-0.12792277383035552,0.20480778859513823,-0.1832315464703722,-0.23510237636567338,0.15886638823199753,0.7071067811865475,0.0,-0.25788719110129227,36
6442,-0.12792277383035552,0.20480778859513823,-0.1832315464703722,-0.23510237636567338,-0.4735933074256388,0.0,0.7071067811865475,1.3494642287191325,24
6443,-0.12792277383035552,0.20480778859513823,-0.1832315464703722,-0.23510237636567338,0.36968628678454296,0.7071067811865475,0.0,0.14395066385381394,28
6446,-0.12792277383035552,-1.2040232743295685,-0.1832315464703722,-0.23510237636567338,-0.6844132059781843,0.0,0.7071067811865475,-1.0615629010115046,31
6447,-0.12792277383035552,-0.14739997713603842,-0.1832315464703722,-0.23510237636567338,-0.6844132059781843,0.7071067811865475,0.0,0.9476263737640264,23
6448,-0.12792277383035552,0.5570155543263149,-0.1832315464703722,-0.23510237636567338,0.15886638823199753,0.0,0.7071067811865475,-0.25788719110129227,29
6449,-0.12792277383035552,0.20480778859513823,-0.1832315464703722,-0.23510237636567338,1.6346056780998157,0.0,0.7071067811865475,1.3494642287191325,51
6450,-0.12792277383035552,0.20480778859513823,-0.1832315464703722,-0.23510237636567338,-0.4735933074256388,0.7071067811865475,0.0,-0.25788719110129227,34
6451,-0.12792277383035552,-0.8518155085983917,-0.1832315464703722,-0.23510237636567338,1.845425576652361,0.7071067811865475,0.0,0.14395066385381394,29
6453,-0.12792277383035552,1.9658466172510216,1.8254808954748094,-0.23510237636567338,2.0562454752049066,0.7071067811865475,0.0,0.9476263737640264,39
6458,-0.12792277383035552,-0.8518155085983917,-0.1832315464703722,-0.23510237636567338,-0.6844132059781843,0.0,0.7071067811865475,-1.0615629010115046,36
6459,-0.12792277383035552,0.5570155543263149,-0.1832315464703722,-0.23510237636567338,2.4778852723099973,0.0,0.7071067811865475,-0.6597250460563985,59
6462,-0.12792277383035552,1.2614310857886681,-0.1832315464703722,4.013951406735165,-0.05195351032054794,0.7071067811865475,0.0,1.7513020836742388,23
6463,-0.12792277383035552,1.2614310857886681,-0.1832315464703722,-0.23510237636567338,2.4778852723099973,0.7071067811865475,0.0,-0.25788719110129227,31
6466,-0.12792277383035552,-1.2040232743295685,-0.1832315464703722,-0.23510237636567338,-0.6844132059781843,0.0,0.7071067811865475,-1.0615629010115046,53
6467,-0.12792277383035552,0.9092233200574916,-0.1832315464703722,-0.23510237636567338,1.845425576652361,0.7071067811865475,0.0,0.5457885188089201,34
6468,-0.12792277383035552,-1.2040232743295685,-0.1832315464703722,-0.23510237636567338,-0.4735933074256388,0.7071067811865475,0.0,-1.0615629010115046,63
6469,-0.12792277383035552,-0.14739997713603842,-0.1832315464703722,-0.23510237636567338,-0.6844132059781843,0.7071067811865475,0.0,0.9476263737640264,21
6470,-0.12792277383035552,0.9092233200574916,-0.1832315464703722,-0.23510237636567338,-0.6844132059781843,0.7071067811865475,0.0,0.9476263737640264,21
6471,-0.12792277383035552,1.613638851519845,-0.1832315464703722,-0.23510237636567338,5.218543953493088,0.7071067811865475,0.0,-0.25788719110129227,47
6473,-0.12792277383035552,0.20480778859513823,-0.1832315464703722,-0.23510237636567338,0.7913260838896339,0.7071067811865475,0.0,-0.6597250460563985,34
6477,-0.12792277383035552,0.20480778859513823,-0.1832315464703722,-0.23510237636567338,0.15886638823199753,0.7071067811865475,0.0,-0.25788719110129227,58
6478,-0.12792277383035552,-0.4996077428672151,-0.1832315464703722,-0.23510237636567338,0.15886638823199753,0.7071067811865475,0.0,-1.0615629010115046,40
6480,6.343711325193859,1.2614310857886681,-0.1832315464703722,-0.23510237636567338,2.688705170862543,0.7071067811865475,0.0,1.3494642287191325,36
6481,-0.12792277383035552,-0.14739997713603842,-0.1832315464703722,-0.23510237636567338,-0.6844132059781843,0.0,0.7071067811865475,0.14395066385381394,23
6482,-0.12792277383035552,-0.8518155085983917,-0.1832315464703722,-0.23510237636567338,0.36968628678454296,0.7071067811865475,0.0,-1.0615629010115046,34
6483,-0.12792277383035552,-0.8518155085983917,-0.1832315464703722,-0.23510237636567338,2.0562454752049066,0.7071067811865475,0.0,-1.0615629010115046,56
6484,-0.12792277383035552,-1.2040232743295685,-0.1832315464703722,-0.23510237636567338,-0.6844132059781843,0.7071067811865475,0.0,-1.0615629010115046,52
6485,-0.12792277383035552,-0.8518155085983917,-0.1832315464703722,-0.23510237636567338,-0.6844132059781843,0.7071067811865475,0.0,-1.0615629010115046,56
6487,-0.12792277383035552,-1.2040232743295685,-0.1832315464703722,-0.23510237636567338,-0.6844132059781843,0.0,0.7071067811865475,-1.0615629010115046,37
6488,-0.12792277383035552,-1.2040232743295685,-0.1832315464703722,-0.23510237636567338,-0.6844132059781843,0.0,0.7071067811865475,-1.0615629010115046,50
6489,-0.12792277383035552,-0.8518155085983917,-0.1832315464703722,-0.23510237636567338,-0.4735933074256388,0.7071067811865475,0.0,-0.25788719110129227,25
6490,-0.12792277383035552,0.20480778859513823,-0.1832315464703722,-0.23510237636567338,-0.6844132059781843,0.7071067811865475,0.0,0.5457885188089201,22
6491,-0.12792277383035552,-1.2040232743295685,-0.1832315464703722,-0.23510237636567338,-0.6844132059781843,0.0,0.7071067811865475,-1.0615629010115046,43
6492,-0.12792277383035552,-0.8518155085983917,-0.1832315464703722,-0.23510237636567338,-0.4735933074256388,0.0,0.7071067811865475,-0.6597250460563985,30
6495,-0.12792277383035552,-1.2040232743295685,-0.1832315464703722,-0.23510237636567338,-0.6844132059781843,0.7071067811865475,0.0,-0.6597250460563985,29
6496,-0.12792277383035552,-0.8518155085983917,-0.1832315464703722,-0.23510237636567338,-0.6844132059781843,0.7071067811865475,0.0,-0.25788719110129227,24
6497,-0.12792277383035552,1.2614310857886681,-0.1832315464703722,-0.23510237636567338,0.7913260838896339,0.0,0.7071067811865475,-0.25788719110129227,29
6500,-0.12792277383035552,-0.14739997713603842,-0.1832315464703722,-0.23510237636567338,-0.6844132059781843,0.7071067811865475,0.0,0.5457885188089201,24
6501,-0.12792277383035552,-1.2040232743295685,-0.1832315464703722,-0.23510237636567338,-0.6844132059781843,0.7071067811865475,0.0,-1.0615629010115046,74
6502,-0.12792277383035552,0.9092233200574916,-0.1832315464703722,1.8894245151847455,1.0021459824421792,0.0,0.7071067811865475,0.5457885188089201,27
6503,-0.12792277383035552,-0.8518155085983917,-0.1832315464703722,-0.23510237636567338,-0.4735933074256388,0.7071067811865475,0.0,-1.0615629010115046,37
6505,-0.12792277383035552,-0.8518155085983917,-0.1832315464703722,-0.23510237636567338,0.36968628678454296,0.7071067811865475,0.0,-0.25788719110129227,29
6508,-0.12792277383035552,-0.4996077428672151,-0.1832315464703722,-0.23510237636567338,0.36968628678454296,0.7071067811865475,0.0,-0.25788719110129227,35
6511,-0.12792277383035552,0.5570155543263149,-0.1832315464703722,-0.23510237636567338,-0.4735933074256388,0.0,0.7071067811865475,0.5457885188089201,29
6512,-0.12792277383035552,-0.8518155085983917,-0.1832315464703722,-0.23510237636567338,-0.4735933074256388,0.7071067811865475,0.0,-1.0615629010115046,36
6514,-0.12792277383035552,-0.14739997713603842,-0.1832315464703722,-0.23510237636567338,-0.2627734088730934,0.7071067811865475,0.0,1.3494642287191325,26
6520,-0.12792277383035552,0.20480778859513823,-0.1832315464703722,-0.23510237636567338,-0.4735933074256388,0.7071067811865475,0.0,0.14395066385381394,26
6521,-0.12792277383035552,0.5570155543263149,1.8254808954748094,-0.23510237636567338,1.6346056780998157,0.7071067811865475,0.0,-0.25788719110129227,39
6522,-0.12792277383035552,-0.14739997713603842,1.8254808954748094,-0.23510237636567338,-0.05195351032054794,0.7071067811865475,0.0,0.9476263737640264,22
6524,-0.12792277383035552,-0.4996077428672151,-0.1832315464703722,-0.23510237636567338,-0.6844132059781843,0.7071067811865475,0.0,-0.6597250460563985,28
6525,-0.12792277383035552,-1.2040232743295685,-0.1832315464703722,-0.23510237636567338,-0.4735933074256388,0.7071067811865475,0.0,-1.0615629010115046,51
6526,-0.12792277383035552,-0.8518155085983917,-0.1832315464703722,-0.23510237636567338,-0.6844132059781843,0.0,0.7071067811865475,-1.0615629010115046,35
6527,-0.12792277383035552,-0.8518155085983917,-0.1832315464703722,-0.23510237636567338,-0.6844132059781843,0.0,0.7071067811865475,-0.25788719110129227,23
6528,2.0292885925110493,0.5570155543263149,3.834193337419991,-0.23510237636567338,0.5805061853370884,0.7071067811865475,0.0,1.7513020836742388,29
6529,-0.12792277383035552,-0.4996077428672151,-0.1832315464703722,-0.23510237636567338,-0.6844132059781843,0.7071067811865475,0.0,0.5457885188089201,20
6531,-0.12792277383035552,1.613638851519845,-0.1832315464703722,4.013951406735165,-0.4735933074256388,0.0,0.7071067811865475,2.153139938629345,24
6533,-0.12792277383035552,-0.14739997713603842,1.8254808954748094,-0.23510237636567338,-0.2627734088730934,0.0,0.7071067811865475,0.9476263737640264,23
6534,-0.12792277383035552,0.9092233200574916,-0.1832315464703722,-0.23510237636567338,0.36968628678454296,0.7071067811865475,0.0,0.5457885188089201,33
6535,2.0292885925110493,-0.4996077428672151,-0.1832315464703722,-0.23510237636567338,-0.4735933074256388,0.7071067811865475,0.0,0.9476263737640264,21
6536,-0.12792277383035552,-1.2040232743295685,-0.1832315464703722,-0.23510237636567338,-0.05195351032054794,0.0,0.7071067811865475,-1.0615629010115046,59
6537,-0.12792277383035552,-0.14739997713603842,-0.1832315464703722,-0.23510237636567338,0.15886638823199753,0.7071067811865475,0.0,-0.25788719110129227,26
6539,-0.12792277383035552,-1.2040232743295685,-0.1832315464703722,-0.23510237636567338,-0.2627734088730934,0.7071067811865475,0.0,-1.0615629010115046,38
6546,-0.12792277383035552,1.2614310857886681,-0.1832315464703722,-0.23510237636567338,-0.2627734088730934,0.7071067811865475,0.0,0.9476263737640264,28
6547,-0.12792277383035552,0.20480778859513823,-0.1832315464703722,-0.23510237636567338,-0.2627734088730934,0.7071067811865475,0.0,0.14395066385381394,23
6548,-0.12792277383035552,0.20480778859513823,-0.1832315464703722,4.013951406735165,-0.4735933074256388,0.7071067811865475,0.0,0.5457885188089201,21
6549,-0.12792277383035552,-1.2040232743295685,-0.1832315464703722,-0.23510237636567338,-0.6844132059781843,0.0,0.7071067811865475,-1.0615629010115046,52
6550,-0.12792277383035552,0.20480778859513823,-0.1832315464703722,-0.23510237636567338,1.845425576652361,0.7071067811865475,0.0,0.14395066385381394,56
6551,-0.12792277383035552,-0.14739997713603842,-0.1832315464703722,-0.23510237636567338,-0.4735933074256388,0.0,0.7071067811865475,-0.25788719110129227,40
6552,-0.12792277383035552,-0.14739997713603842,-0.1832315464703722,-0.23510237636567338,1.0021459824421792,0.0,0.7071067811865475,-0.6597250460563985,48
6554,-0.12792277383035552,-0.14739997713603842,-0.1832315464703722,-0.23510237636567338,-0.6844132059781843,0.7071067811865475,0.0,0.14395066385381394,26
6558,-0.12792277383035552,-1.2040232743295685,-0.1832315464703722,-0.23510237636567338,-0.4735933074256388,0.7071067811865475,0.0,-1.0615629010115046,66
6560,-0.12792277383035552,-0.14739997713603842,-0.1832315464703722,-0.23510237636567338,0.5805061853370884,0.7071067811865475,0.0,-1.0615629010115046,54
6563,-0.12792277383035552,0.9092233200574916,-0.1832315464703722,-0.23510237636567338,0.15886638823199753,0.0,0.7071067811865475,1.3494642287191325,31
6564,-0.12792277383035552,-0.4996077428672151,-0.1832315464703722,-0.23510237636567338,-0.6844132059781843,0.7071067811865475,0.0,-0.6597250460563985,34
6566,-0.12792277383035552,1.613638851519845,-0.1832315464703722,-0.23510237636567338,1.2129658809947248,0.7071067811865475,0.0,1.7513020836742388,25
6570,-0.12792277383035552,-0.14739997713603842,-0.1832315464703722,-0.23510237636567338,-0.2627734088730934,0.7071067811865475,0.0,-1.0615629010115046,47
6571,-0.12792277383035552,1.2614310857886681,-0.1832315464703722,1.8894245151847455,1.845425576652361,0.7071067811865475,0.0,-0.25788719110129227,51
6572,-0.12792277383035552,-0.4996077428672151,-0.1832315464703722,-0.23510237636567338,-0.4735933074256388,0.7071067811865475,0.0,-0.25788719110129227,25
6573,-0.12792277383035552,-0.8518155085983917,-0.1832315464703722,-0.23510237636567338,-0.6844132059781843,0.7071067811865475,0.0,0.14395066385381394,25
6574,-0.12792277383035552,-0.8518155085983917,-0.1832315464703722,-0.23510237636567338,-0.2627734088730934,0.7071067811865475,0.0,-0.6597250460563985,31
6577,-0.12792277383035552,-0.8518155085983917,-0.1832315464703722,-0.23510237636567338,-0.4735933074256388,0.7071067811865475,0.0,-0.25788719110129227,36
6580,-0.12792277383035552,-1.2040232743295685,-0.1832315464703722,-0.23510237636567338,-0.6844132059781843,0.0,0.7071067811865475,-1.0615629010115046,49
6583,-0.12792277383035552,0.9092233200574916,-0.1832315464703722,-0.23510237636567338,-0.6844132059781843,0.7071067811865475,0.0,0.14395066385381394,31
6584,-0.12792277383035552,-0.4996077428672151,-0.1832315464703722,1.8894245151847455,-0.4735933074256388,0.7071067811865475,0.0,-0.25788719110129227,30
6585,2.0292885925110493,1.613638851519845,-0.1832315464703722,-0.23510237636567338,-0.05195351032054794,0.7071067811865475,0.0,0.9476263737640264,29
6586,-0.12792277383035552,0.20480778859513823,-0.1832315464703722,-0.23510237636567338,0.5805061853370884,0.7071067811865475,0.0,-1.0615629010115046,53
6587,-0.12792277383035552,1.613638851519845,1.8254808954748094,-0.23510237636567338,-0.4735933074256388,0.7071067811865475,0.0,1.7513020836742388,21
6588,-0.12792277383035552,-0.14739997713603842,-0.1832315464703722,-0.23510237636567338,-0.6844132059781843,0.7071067811865475,0.0,0.9476263737640264,21
6589,-0.12792277383035552,0.20480778859513823,-0.1832315464703722,-0.23510237636567338,-0.4735933074256388,0.7071067811865475,0.0,0.14395066385381394,27
6591,-0.12792277383035552,-1.2040232743295685,-0.1832315464703722,-0.23510237636567338,-0.6844132059781843,0.7071067811865475,0.0,-1.0615629010115046,65
6592,-0.12792277383035552,-1.2040232743295685,-0.1832315464703722,-0.23510237636567338,-0.6844132059781843,0.0,0.7071067811865475,-1.0615629010115046,59
6593,-0.12792277383035552,-1.2040232743295685,-0.1832315464703722,-0.23510237636567338,-0.6844132059781843,0.0,0.7071067811865475,-1.0615629010115046,59
6594,-0.12792277383035552,0.9092233200574916,-0.1832315464703722,-0.23510237636567338,-0.6844132059781843,0.0,0.7071067811865475,1.3494642287191325,24
6595,-0.12792277383035552,-1.2040232743295685,-0.1832315464703722,-0.23510237636567338,-0.6844132059781843,0.7071067811865475,0.0,-1.0615629010115046,40
6596,-0.12792277383035552,-1.2040232743295685,-0.1832315464703722,-0.23510237636567338,-0.6844132059781843,0.7071067811865475,0.0,-1.0615629010115046,51
6597,2.0292885925110493,1.613638851519845,-0.1832315464703722,-0.23510237636567338,1.4237857795472701,0.7071067811865475,0.0,0.14395066385381394,34
6600,-0.12792277383035552,-0.8518155085983917,-0.1832315464703722,-0.23510237636567338,-0.4735933074256388,0.7071067811865475,0.0,-0.6597250460563985,30
6601,-0.12792277383035552,-1.2040232743295685,-0.1832315464703722,-0.23510237636567338,-0.4735933074256388,0.7071067811865475,0.0,-1.0615629010115046,52
6604,-0.12792277383035552,-0.4996077428672151,-0.1832315464703722,-0.23510237636567338,-0.2627734088730934,0.7071067811865475,0.0,-1.0615629010115046,38
6605,-0.12792277383035552,1.2614310857886681,-0.1832315464703722,-0.23510237636567338,-0.6844132059781843,0.7071067811865475,0.0,1.7513020836742388,22
6606,-0.12792277383035552,0.20480778859513823,-0.1832315464703722,-0.23510237636567338,-0.6844132059781843,0.7071067811865475,0.0,-0.25788719110129227,43
6608,-0.12792277383035552,1.613638851519845,-0.1832315464703722,-0.23510237636567338,0.36968628678454296,0.7071067811865475,0.0,-0.25788719110129227,32
6611,-0.12792277383035552,-1.2040232743295685,-0.1832315464703722,-0.23510237636567338,-0.6844132059781843,0.7071067811865475,0.0,-1.0615629010115046,55
6613,-0.12792277383035552,-0.8518155085983917,-0.1832315464703722,-0.23510237636567338,-0.2627734088730934,0.7071067811865475,0.0,-0.25788719110129227,26
6614,-0.12792277383035552,-0.8518155085983917,-0.1832315464703722,1.8894245151847455,-0.4735933074256388,0.0,0.7071067811865475,-0.25788719110129227,23
6615,-0.12792277383035552,-1.2040232743295685,-0.1832315464703722,-0.23510237636567338,-0.6844132059781843,0.7071067811865475,0.0,-1.0615629010115046,47
6616,-0.12792277383035552,-0.8518155085983917,-0.1832315464703722,-0.23510237636567338,-0.4735933074256388,0.0,0.7071067811865475,-0.6597250460563985,28
6621,-0.12792277383035552,-0.8518155085983917,-0.1832315464703722,-0.23510237636567338,-0.6844132059781843,0.7071067811865475,0.0,-0.25788719110129227,27
6624,-0.12792277383035552,-0.14739997713603842,-0.1832315464703722,-0.23510237636567338,-0.2627734088730934,0.7071067811865475,0.0,-1.0615629010115046,61
6626,-0.12792277383035552,-0.8518155085983917,-0.1832315464703722,-0.23510237636567338,-0.6844132059781843,0.7071067811865475,0.0,-0.25788719110129227,26
6629,-0.12792277383035552,0.20480778859513823,-0.1832315464703722,-0.23510237636567338,-0.4735933074256388,0.0,0.7071067811865475,-0.6597250460563985,28
6631,-0.12792277383035552,0.20480778859513823,-0.1832315464703722,-0.23510237636567338,-0.6844132059781843,0.7071067811865475,0.0,0.14395066385381394,43
6634,-0.12792277383035552,0.9092233200574916,-0.1832315464703722,-0.23510237636567338,3.7428046636252703,0.0,0.7071067811865475,0.9476263737640264,33
6636,-0.12792277383035552,-0.4996077428672151,-0.1832315464703722,1.8894245151847455,-0.6844132059781843,0.0,0.7071067811865475,0.5457885188089201,21
6637,-0.12792277383035552,-1.2040232743295685,-0.1832315464703722,1.8894245151847455,-0.6844132059781843,0.0,0.7071067811865475,-1.0615629010115046,32
6638,-0.12792277383035552,-0.14739997713603842,-0.1832315464703722,-0.23510237636567338,-0.4735933074256388,0.7071067811865475,0.0,0.5457885188089201,22
6639,-0.12792277383035552,-1.2040232743295685,-0.1832315464703722,-0.23510237636567338,-0.05195351032054794,0.7071067811865475,0.0,-1.0615629010115046,51
6641,-0.12792277383035552,1.9658466172510216,-0.1832315464703722,1.8894245151847455,-0.2627734088730934,0.7071067811865475,0.0,1.7513020836742388,20
6642,-0.12792277383035552,-0.4996077428672151,-0.1832315464703722,-0.23510237636567338,-0.2627734088730934,0.7071067811865475,0.0,-0.6597250460563985,35
6645,-0.12792277383035552,-1.2040232743295685,-0.1832315464703722,-0.23510237636567338,-0.05195351032054794,0.7071067811865475,0.0,-1.0615629010115046,37
6646,-0.12792277383035552,0.9092233200574916,-0.1832315464703722,-0.23510237636567338,-0.6844132059781843,0.0,0.7071067811865475,1.3494642287191325,28
6649,-0.12792277383035552,0.20480778859513823,-0.1832315464703722,-0.23510237636567338,-0.05195351032054794,0.0,0.7071067811865475,-0.6597250460563985,41
6650,-0.12792277383035552,1.2614310857886681,-0.1832315464703722,-0.23510237636567338,-0.6844132059781843,0.0,0.7071067811865475,1.7513020836742388,24
6651,-0.12792277383035552,-0.14739997713603842,-0.1832315464703722,-0.23510237636567338,-0.05195351032054794,0.0,0.7071067811865475,-0.25788719110129227,33
6653,-0.12792277383035552,0.5570155543263149,-0.1832315464703722,-0.23510237636567338,0.15886638823199753,0.7071067811865475,0.0,0.5457885188089201,30
6654,-0.12792277383035552,0.9092233200574916,-0.1832315464703722,-0.23510237636567338,-0.4735933074256388,0.7071067811865475,0.0,0.9476263737640264,20
6655,-0.12792277383035552,-1.2040232743295685,-0.1832315464703722,-0.23510237636567338,-0.4735933074256388,0.7071067811865475,0.0,-1.0615629010115046,42
6657,-0.12792277383035552,0.9092233200574916,-0.1832315464703722,-0.23510237636567338,2.4778852723099973,0.7071067811865475,0.0,0.9476263737640264,40
6658,-0.12792277383035552,-0.14739997713603842,-0.1832315464703722,-0.23510237636567338,-0.6844132059781843,0.7071067811865475,0.0,-1.0615629010115046,39
6659,-0.12792277383035552,0.9092233200574916,-0.1832315464703722,-0.23510237636567338,-0.6844132059781843,0.7071067811865475,0.0,1.7513020836742388,21
6660,-0.12792277383035552,-0.8518155085983917,-0.1832315464703722,-0.23510237636567338,-0.2627734088730934,0.7071067811865475,0.0,-0.6597250460563985,39
6661,-0.12792277383035552,-0.8518155085983917,-0.1832315464703722,-0.23510237636567338,-0.6844132059781843,0.7071067811865475,0.0,-0.25788719110129227,24
6662,-0.12792277383035552,-1.2040232743295685,-0.1832315464703722,-0.23510237636567338,-0.6844132059781843,0.7071067811865475,0.0,-1.0615629010115046,41
6663,-0.12792277383035552,-0.14739997713603842,-0.1832315464703722,-0.23510237636567338,-0.4735933074256388,0.7071067811865475,0.0,-0.6597250460563985,39
6665,-0.12792277383035552,1.2614310857886681,-0.1832315464703722,-0.23510237636567338,-0.05195351032054794,0.7071067811865475,0.0,2.554977793584451,24
6667,-0.12792277383035552,-0.14739997713603842,-0.1832315464703722,-0.23510237636567338,-0.4735933074256388,0.7071067811865475,0.0,0.14395066385381394,24
6668,-0.12792277383035552,-0.8518155085983917,-0.1832315464703722,-0.23510237636567338,-0.6844132059781843,0.0,0.7071067811865475,-0.25788719110129227,29
6670,-0.12792277383035552,0.20480778859513823,-0.1832315464703722,-0.23510237636567338,-0.2627734088730934,0.0,0.7071067811865475,1.3494642287191325,25
6671,-0.12792277383035552,0.5570155543263149,-0.1832315464703722,-0.23510237636567338,-0.6844132059781843,0.7071067811865475,0.0,0.14395066385381394,23
6672,-0.12792277383035552,1.9658466172510216,-0.1832315464703722,1.8894245151847455,-0.4735933074256388,0.7071067811865475,0.0,2.554977793584451,22
6679,-0.12792277383035552,0.9092233200574916,-0.1832315464703722,-0.23510237636567338,0.15886638823199753,0.0,0.7071067811865475,0.14395066385381394,26
6681,-0.12792277383035552,1.613638851519845,5.842905779365172,-0.23510237636567338,-0.05195351032054794,0.0,0.7071067811865475,2.153139938629345,26
6683,-0.12792277383035552,0.5570155543263149,-0.1832315464703722,-0.23510237636567338,-0.05195351032054794,0.0,0.7071067811865475,0.5457885188089201,24
6685,-0.12792277383035552,0.20480778859513823,-0.1832315464703722,-0.23510237636567338,-0.6844132059781843,0.0,0.7071067811865475,0.14395066385381394,44
6686,-0.12792277383035552,-0.8518155085983917,-0.1832315464703722,-0.23510237636567338,-0.4735933074256388,0.7071067811865475,0.0,-0.6597250460563985,36
6687,-0.12792277383035552,1.2614310857886681,-0.1832315464703722,-0.23510237636567338,1.4237857795472701,0.7071067811865475,0.0,0.5457885188089201,39
6688,-0.12792277383035552,-0.14739997713603842,-0.1832315464703722,-0.23510237636567338,-0.6844132059781843,0.7071067811865475,0.0,-1.0615629010115046,42
6689,-0.12792277383035552,-1.2040232743295685,-0.1832315464703722,-0.23510237636567338,-0.4735933074256388,0.0,0.7071067811865475,-1.0615629010115046,45
6690,-0.12792277383035552,1.9658466172510216,1.8254808954748094,-0.23510237636567338,0.7913260838896339,0.7071067811865475,0.0,2.554977793584451,25
6692,-0.12792277383035552,-0.8518155085983917,-0.1832315464703722,-0.23510237636567338,-0.6844132059781843,0.7071067811865475,0.0,-1.0615629010115046,33
6693,-0.12792277383035552,-0.4996077428672151,-0.1832315464703722,-0.23510237636567338,-0.6844132059781843,0.0,0.7071067811865475,0.14395066385381394,25
6695,-0.12792277383035552,-0.14739997713603842,1.8254808954748094,-0.23510237636567338,0.36968628678454296,0.7071067811865475,0.0,-0.6597250460563985,32
6696,-0.12792277383035552,0.9092233200574916,-0.1832315464703722,-0.23510237636567338,-0.6844132059781843,0.7071067811865475,0.0,0.5457885188089201,23
6697,-0.12792277383035552,0.20480778859513823,-0.1832315464703722,-0.23510237636567338,-0.6844132059781843,0.0,0.7071067811865475,-0.6597250460563985,39
6698,-0.12792277383035552,1.2614310857886681,-0.1832315464703722,-0.23510237636567338,1.845425576652361,0.7071067811865475,0.0,0.14395066385381394,27
6699,-0.12792277383035552,0.9092233200574916,-0.1832315464703722,-0.23510237636567338,0.15886638823199753,0.0,0.7071067811865475,-0.6597250460563985,35
6702,-0.12792277383035552,-1.2040232743295685,-0.1832315464703722,-0.23510237636567338,-0.6844132059781843,0.0,0.7071067811865475,-1.0615629010115046,38
6703,-0.12792277383035552,-0.8518155085983917,-0.1832315464703722,-0.23510237636567338,0.15886638823199753,0.7071067811865475,0.0,-0.6597250460563985,30
6704,-0.12792277383035552,0.20480778859513823,-0.1832315464703722,-0.23510237636567338,-0.4735933074256388,0.7071067811865475,0.0,-0.6597250460563985,30
6705,-0.12792277383035552,1.2614310857886681,-0.1832315464703722,-0.23510237636567338,-0.6844132059781843,0.0,0.7071067811865475,0.5457885188089201,30
6706,2.0292885925110493,1.9658466172510216,1.8254808954748094,-0.23510237636567338,3.1103449679676336,0.7071067811865475,0.0,1.3494642287191325,26
6708,-0.12792277383035552,-0.8518155085983917,-0.1832315464703722,-0.23510237636567338,-0.2627734088730934,0.7071067811865475,0.0,-0.6597250460563985,31
6713,-0.12792277383035552,-0.8518155085983917,-0.1832315464703722,-0.23510237636567338,-0.6844132059781843,0.7071067811865475,0.0,-0.6597250460563985,34
6715,-0.12792277383035552,0.20480778859513823,-0.1832315464703722,-0.23510237636567338,-0.6844132059781843,0.0,0.7071067811865475,0.14395066385381394,25
6717,-0.12792277383035552,0.5570155543263149,-0.1832315464703722,-0.23510237636567338,-0.4735933074256388,0.7071067811865475,0.0,0.14395066385381394,26
6719,-0.12792277383035552,0.9092233200574916,-0.1832315464703722,-0.23510237636567338,-0.2627734088730934,0.7071067811865475,0.0,0.9476263737640264,38
6721,-0.12792277383035552,-1.2040232743295685,-0.1832315464703722,-0.23510237636567338,-0.6844132059781843,0.0,0.7071067811865475,-1.0615629010115046,37
6722,-0.12792277383035552,0.20480778859513823,-0.1832315464703722,1.8894245151847455,-0.05195351032054794,0.0,0.7071067811865475,0.5457885188089201,34
6729,-0.12792277383035552,-0.8518155085983917,-0.1832315464703722,-0.23510237636567338,-0.6844132059781843,0.7071067811865475,0.0,-1.0615629010115046,38
6730,-0.12792277383035552,0.5570155543263149,-0.1832315464703722,-0.23510237636567338,-0.6844132059781843,0.0,0.7071067811865475,0.5457885188089201,31
6731,-0.12792277383035552,-0.8518155085983917,-0.1832315464703722,-0.23510237636567338,-0.6844132059781843,0.0,0.7071067811865475,-0.6597250460563985,29
6732,2.0292885925110493,1.613638851519845,-0.1832315464703722,-0.23510237636567338,-0.4735933074256388,0.7071067811865475,0.0,2.554977793584451,20
6733,-0.12792277383035552,-0.14739997713603842,-0.1832315464703722,-0.23510237636567338,-0.6844132059781843,0.7071067811865475,0.0,0.9476263737640264,22
6735,-0.12792277383035552,-1.2040232743295685,-0.1832315464703722,-0.23510237636567338,-0.6844132059781843,0.0,0.7071067811865475,-1.0615629010115046,51
6737,-0.12792277383035552,-0.14739997713603842,-0.1832315464703722,-0.23510237636567338,-0.2627734088730934,0.0,0.7071067811865475,0.14395066385381394,24
6739,-0.12792277383035552,1.2614310857886681,-0.1832315464703722,-0.23510237636567338,-0.6844132059781843,0.7071067811865475,0.0,0.9476263737640264,47
6740,-0.12792277383035552,0.20480778859513823,-0.1832315464703722,-0.23510237636567338,-0.4735933074256388,0.7071067811865475,0.0,0.14395066385381394,36
6741,-0.12792277383035552,-0.14739997713603842,-0.1832315464703722,-0.23510237636567338,-0.4735933074256388,0.0,0.7071067811865475,0.9476263737640264,21
6744,-0.12792277383035552,1.9658466172510216,1.8254808954748094,-0.23510237636567338,-0.05195351032054794,0.0,0.7071067811865475,2.153139938629345,25
6747,-0.12792277383035552,1.613638851519845,-0.1832315464703722,1.8894245151847455,0.36968628678454296,0.7071067811865475,0.0,2.153139938629345,23
6748,-0.12792277383035552,-0.4996077428672151,-0.1832315464703722,-0.23510237636567338,-0.6844132059781843,0.0,0.7071067811865475,0.14395066385381394,23
6749,-0.12792277383035552,1.9658466172510216,-0.1832315464703722,-0.23510237636567338,-0.6844132059781843,0.0,0.7071067811865475,0.9476263737640264,24
6751,-0.12792277383035552,-0.8518155085983917,-0.1832315464703722,-0.23510237636567338,-0.2627734088730934,0.7071067811865475,0.0,-1.0615629010115046,35
6754,-0.12792277383035552,-0.14739997713603842,-0.1832315464703722,-0.23510237636567338,-0.6844132059781843,0.0,0.7071067811865475,0.5457885188089201,23
6755,-0.12792277383035552,-0.14739997713603842,-0.1832315464703722,-0.23510237636567338,-0.6844132059781843,0.0,0.7071067811865475,0.9476263737640264,19
6756,-0.12792277383035552,-1.2040232743295685,-0.1832315464703722,-0.23510237636567338,-0.6844132059781843,0.7071067811865475,0.0,-0.6597250460563985,32
6758,-0.12792277383035552,-1.2040232743295685,-0.1832315464703722,-0.23510237636567338,-0.6844132059781843,0.0,0.7071067811865475,-1.0615629010115046,39
6759,8.500922691535264,1.613638851519845,-0.1832315464703722,-0.23510237636567338,1.845425576652361,0.7071067811865475,0.0,0.9476263737640264,30
6760,-0.12792277383035552,0.9092233200574916,-0.1832315464703722,-0.23510237636567338,-0.2627734088730934,0.7071067811865475,0.0,1.3494642287191325,33
6763,-0.12792277383035552,-0.8518155085983917,-0.1832315464703722,-0.23510237636567338,-0.6844132059781843,0.0,0.7071067811865475,-1.0615629010115046,36
6766,-0.12792277383035552,1.2614310857886681,1.8254808954748094,1.8894245151847455,1.0021459824421792,0.7071067811865475,0.0,0.14395066385381394,29
6769,-0.12792277383035552,-0.8518155085983917,-0.1832315464703722,-0.23510237636567338,-0.6844132059781843,0.7071067811865475,0.0,-1.0615629010115046,40
6771,-0.12792277383035552,0.9092233200574916,-0.1832315464703722,-0.23510237636567338,0.15886638823199753,0.7071067811865475,0.0,-1.0615629010115046,53
6773,-0.12792277383035552,-0.8518155085983917,-0.1832315464703722,-0.23510237636567338,-0.6844132059781843,0.0,0.7071067811865475,-0.6597250460563985,28
6774,-0.12792277383035552,-0.8518155085983917,-0.1832315464703722,-0.23510237636567338,-0.2627734088730934,0.0,0.7071067811865475,-1.0615629010115046,38
6775,-0.12792277383035552,1.613638851519845,1.8254808954748094,-0.23510237636567338,1.2129658809947248,0.7071067811865475,0.0,1.7513020836742388,27
6776,-0.12792277383035552,-0.4996077428672151,-0.1832315464703722,-0.23510237636567338,-0.6844132059781843,0.7071067811865475,0.0,-1.0615629010115046,55
6778,2.0292885925110493,0.9092233200574916,-0.1832315464703722,-0.23510237636567338,-0.4735933074256388,0.0,0.7071067811865475,0.9476263737640264,22
6780,-0.12792277383035552,-1.2040232743295685,-0.1832315464703722,-0.23510237636567338,-0.4735933074256388,0.7071067811865475,0.0,-1.0615629010115046,34
6781,-0.12792277383035552,-0.8518155085983917,-0.1832315464703722,-0.23510237636567338,-0.4735933074256388,0.0,0.7071067811865475,-0.25788719110129227,55
6782,-0.12792277383035552,1.2614310857886681,-0.1832315464703722,-0.23510237636567338,-0.2627734088730934,0.7071067811865475,0.0,0.9476263737640264,24
6783,-0.12792277383035552,1.613638851519845,1.8254808954748094,1.8894245151847455,3.7428046636252703,0.0,0.7071067811865475,0.9476263737640264,47
6784,-0.12792277383035552,-1.2040232743295685,-0.1832315464703722,-0.23510237636567338,-0.6844132059781843,0.0,0.7071067811865475,-1.0615629010115046,41
6786,-0.12792277383035552,-0.4996077428672151,-0.1832315464703722,-0.23510237636567338,-0.6844132059781843,0.7071067811865475,0.0,-1.0615629010115046,41
6788,-0.12792277383035552,-0.4996077428672151,-0.1832315464703722,-0.23510237636567338,1.845425576652361,0.7071067811865475,0.0,0.14395066385381394,61
6791,-0.12792277383035552,-1.2040232743295685,-0.1832315464703722,-0.23510237636567338,-0.05195351032054794,0.7071067811865475,0.0,-1.0615629010115046,57
6793,-0.12792277383035552,-0.4996077428672151,-0.1832315464703722,-0.23510237636567338,-0.2627734088730934,0.0,0.7071067811865475,-0.6597250460563985,38
6794,8.500922691535264,-0.14739997713603842,-0.1832315464703722,1.8894245151847455,2.0562454752049066,0.7071067811865475,0.0,-0.25788719110129227,25
6796,-0.12792277383035552,-0.8518155085983917,-0.1832315464703722,-0.23510237636567338,-0.6844132059781843,0.7071067811865475,0.0,-0.25788719110129227,23
6798,-0.12792277383035552,0.20480778859513823,-0.1832315464703722,-0.23510237636567338,-0.05195351032054794,0.7071067811865475,0.0,0.9476263737640264,23
6800,-0.12792277383035552,-0.4996077428672151,-0.1832315464703722,-0.23510237636567338,-0.6844132059781843,0.7071067811865475,0.0,0.5457885188089201,20
6801,-0.12792277383035552,1.2614310857886681,-0.1832315464703722,-0.23510237636567338,-0.4735933074256388,0.7071067811865475,0.0,0.5457885188089201,44
6802,-0.12792277383035552,-1.2040232743295685,-0.1832315464703722,-0.23510237636567338,-0.4735933074256388,0.0,0.7071067811865475,-1.0615629010115046,38
6803,-0.12792277383035552,-0.8518155085983917,-0.1832315464703722,-0.23510237636567338,0.36968628678454296,0.7071067811865475,0.0,-0.6597250460563985,56
6804,-0.12792277383035552,-0.8518155085983917,-0.1832315464703722,-0.23510237636567338,-0.2627734088730934,0.7071067811865475,0.0,-1.0615629010115046,43
6805,-0.12792277383035552,-0.4996077428672151,-0.1832315464703722,-0.23510237636567338,-0.6844132059781843,0.7071067811865475,0.0,0.5457885188089201,22
6808,-0.12792277383035552,-1.2040232743295685,-0.1832315464703722,-0.23510237636567338,-0.6844132059781843,0.7071067811865475,0.0,-0.6597250460563985,32
6809,-0.12792277383035552,0.5570155543263149,-0.1832315464703722,-0.23510237636567338,-0.6844132059781843,0.7071067811865475,0.0,-0.25788719110129227,29
6810,-0.12792277383035552,1.613638851519845,-0.1832315464703722,-0.23510237636567338,-0.4735933074256388,0.7071067811865475,0.0,2.554977793584451,22
6811,-0.12792277383035552,1.613638851519845,-0.1832315464703722,-0.23510237636567338,-0.05195351032054794,0.7071067811865475,0.0,1.7513020836742388,23
6812,-0.12792277383035552,-0.14739997713603842,-0.1832315464703722,1.8894245151847455,-0.4735933074256388,0.7071067811865475,0.0,0.14395066385381394,24
6813,-0.12792277383035552,-1.2040232743295685,-0.1832315464703722,-0.23510237636567338,-0.6844132059781843,0.0,0.7071067811865475,-1.0615629010115046,45
6815,-0.12792277383035552,1.613638851519845,1.8254808954748094,-0.23510237636567338,-0.2627734088730934,0.7071067811865475,0.0,1.3494642287191325,21
6816,-0.12792277383035552,-0.8518155085983917,-0.1832315464703722,-0.23510237636567338,-0.6844132059781843,0.0,0.7071067811865475,-0.6597250460563985,29
6818,-0.12792277383035552,-0.14739997713603842,-0.1832315464703722,-0.23510237636567338,-0.6844132059781843,0.0,0.7071067811865475,-1.0615629010115046,51
6819,2.0292885925110493,-0.8518155085983917,-0.1832315464703722,-0.23510237636567338,-0.2627734088730934,0.0,0.7071067811865475,-1.0615629010115046,36
6820,-0.12792277383035552,-0.4996077428672151,-0.1832315464703722,-0.23510237636567338,-0.4735933074256388,0.7071067811865475,0.0,0.14395066385381394,25
6824,-0.12792277383035552,-0.4996077428672151,-0.1832315464703722,-0.23510237636567338,2.0562454752049066,0.7071067811865475,0.0,-0.6597250460563985,46
6825,-0.12792277383035552,1.2614310857886681,-0.1832315464703722,-0.23510237636567338,3.9536245621778154,0.7071067811865475,0.0,-0.6597250460563985,62
6827,-0.12792277383035552,-0.14739997713603842,-0.1832315464703722,-0.23510237636567338,-0.6844132059781843,0.7071067811865475,0.0,0.5457885188089201,25
6828,-0.12792277383035552,-0.8518155085983917,-0.1832315464703722,-0.23510237636567338,-0.2627734088730934,0.7071067811865475,0.0,-0.25788719110129227,27
6830,-0.12792277383035552,1.613638851519845,-0.1832315464703722,-0.23510237636567338,-0.05195351032054794,0.7071067811865475,0.0,0.14395066385381394,22
6834,-0.12792277383035552,-1.2040232743295685,-0.1832315464703722,-0.23510237636567338,-0.4735933074256388,0.7071067811865475,0.0,-1.0615629010115046,37
6836,-0.12792277383035552,-0.4996077428672151,-0.1832315464703722,-0.23510237636567338,-0.6844132059781843,0.7071067811865475,0.0,0.5457885188089201,21
6838,-0.12792277383035552,0.20480778859513823,-0.1832315464703722,-0.23510237636567338,-0.2627734088730934,0.7071067811865475,0.0,-1.0615629010115046,39
6840,-0.12792277383035552,-0.4996077428672151,-0.1832315464703722,-0.23510237636567338,1.0021459824421792,0.7071067811865475,0.0,-0.25788719110129227,43
6846,-0.12792277383035552,0.5570155543263149,-0.1832315464703722,-0.23510237636567338,-0.6844132059781843,0.0,0.7071067811865475,1.7513020836742388,22
6847,-0.12792277383035552,0.9092233200574916,-0.1832315464703722,-0.23510237636567338,0.15886638823199753,0.7071067811865475,0.0,-0.25788719110129227,28
6850,-0.12792277383035552,1.613638851519845,-0.1832315464703722,-0.23510237636567338,-0.6844132059781843,0.7071067811865475,0.0,-0.25788719110129227,43
6851,-0.12792277383035552,1.2614310857886681,-0.1832315464703722,-0.23510237636567338,0.7913260838896339,0.7071067811865475,0.0,0.9476263737640264,27
6852,-0.12792277383035552,-0.8518155085983917,-0.1832315464703722,-0.23510237636567338,-0.6844132059781843,0.7071067811865475,0.0,-0.25788719110129227,27
6855,-0.12792277383035552,-0.8518155085983917,-0.1832315464703722,-0.23510237636567338,-0.4735933074256388,0.7071067811865475,0.0,-0.6597250460563985,31
6857,-0.12792277383035552,-0.8518155085983917,-0.1832315464703722,-0.23510237636567338,-0.6844132059781843,0.0,0.7071067811865475,-0.6597250460563985,28
6858,-0.12792277383035552,-0.8518155085983917,-0.1832315464703722,-0.23510237636567338,-0.05195351032054794,0.0,0.7071067811865475,-1.0615629010115046,58
6859,-0.12792277383035552,-0.14739997713603842,-0.1832315464703722,-0.23510237636567338,-0.6844132059781843,0.7071067811865475,0.0,0.5457885188089201,22
6862,-0.12792277383035552,-0.14739997713603842,-0.1832315464703722,-0.23510237636567338,0.36968628678454296,0.7071067811865475,0.0,-0.25788719110129227,31
6863,-0.12792277383035552,-0.4996077428672151,-0.1832315464703722,-0.23510237636567338,-0.6844132059781843,0.7071067811865475,0.0,-0.25788719110129227,33
6864,-0.12792277383035552,1.9658466172510216,-0.1832315464703722,-0.23510237636567338,0.5805061853370884,0.0,0.7071067811865475,0.14395066385381394,26
6866,-0.12792277383035552,0.20480778859513823,1.8254808954748094,-0.23510237636567338,-0.4735933074256388,0.0,0.7071067811865475,0.5457885188089201,23
6870,-0.12792277383035552,1.9658466172510216,-0.1832315464703722,-0.23510237636567338,1.6346056780998157,0.7071067811865475,0.0,2.153139938629345,32
6875,-0.12792277383035552,1.2614310857886681,-0.1832315464703722,-0.23510237636567338,-0.6844132059781843,0.7071067811865475,0.0,1.7513020836742388,22
6877,-0.12792277383035552,-0.8518155085983917,-0.1832315464703722,-0.23510237636567338,-0.2627734088730934,0.7071067811865475,0.0,-1.0615629010115046,35
6878,-0.12792277383035552,0.5570155543263149,-0.1832315464703722,-0.23510237636567338,-0.4735933074256388,0.7071067811865475,0.0,-0.25788719110129227,47
6881,-0.12792277383035552,-1.2040232743295685,-0.1832315464703722,-0.23510237636567338,-0.2627734088730934,0.7071067811865475,0.0,-1.0615629010115046,35
6882,-0.12792277383035552,1.613638851519845,-0.1832315464703722,1.8894245151847455,2.8995250694150885,0.7071067811865475,0.0,1.7513020836742388,29
6883,-0.12792277383035552,-0.8518155085983917,-0.1832315464703722,-0.23510237636567338,-0.4735933074256388,0.0,0.7071067811865475,-1.0615629010115046,54
6884,-0.12792277383035552,1.2614310857886681,-0.1832315464703722,-0.23510237636567338,-0.6844132059781843,0.7071067811865475,0.0,-0.25788719110129227,29
6885,-0.12792277383035552,-0.14739997713603842,-0.1832315464703722,-0.23510237636567338,-0.6844132059781843,0.0,0.7071067811865475,-0.25788719110129227,28
6886,-0.12792277383035552,1.2614310857886681,-0.1832315464703722,-0.23510237636567338,2.8995250694150885,0.7071067811865475,0.0,-0.6597250460563985,51
6888,-0.12792277383035552,0.5570155543263149,-0.1832315464703722,-0.23510237636567338,-0.6844132059781843,0.0,0.7071067811865475,-0.6597250460563985,36
6889,-0.12792277383035552,-0.14739997713603842,-0.1832315464703722,-0.23510237636567338,-0.05195351032054794,0.0,0.7071067811865475,0.14395066385381394,35
6892,-0.12792277383035552,-0.14739997713603842,-0.1832315464703722,1.8894245151847455,-0.4735933074256388,0.7071067811865475,0.0,1.3494642287191325,20
6893,-0.12792277383035552,0.20480778859513823,-0.1832315464703722,-0.23510237636567338,-0.6844132059781843,0.7071067811865475,0.0,0.5457885188089201,25
6894,-0.12792277383035552,0.20480778859513823,-0.1832315464703722,-0.23510237636567338,-0.2627734088730934,0.0,0.7071067811865475,-0.25788719110129227,29
6896,-0.12792277383035552,1.9658466172510216,-0.1832315464703722,-0.23510237636567338,-0.6844132059781843,0.7071067811865475,0.0,2.153139938629345,31
6899,-0.12792277383035552,-0.8518155085983917,-0.1832315464703722,-0.23510237636567338,-0.6844132059781843,0.0,0.7071067811865475,-0.6597250460563985,39
6900,-0.12792277383035552,-0.14739997713603842,-0.1832315464703722,-0.23510237636567338,-0.4735933074256388,0.7071067811865475,0.0,-0.25788719110129227,30
6901,-0.12792277383035552,0.9092233200574916,-0.1832315464703722,-0.23510237636567338,-0.6844132059781843,0.7071067811865475,0.0,0.14395066385381394,23
6904,-0.12792277383035552,-0.14739997713603842,-0.1832315464703722,-0.23510237636567338,-0.4735933074256388,0.7071067811865475,0.0,0.14395066385381394,23
6906,-0.12792277383035552,-0.4996077428672151,-0.1832315464703722,-0.23510237636567338,-0.6844132059781843,0.0,0.7071067811865475,-0.25788719110129227,37
6908,-0.12792277383035552,0.9092233200574916,-0.1832315464703722,-0.23510237636567338,3.7428046636252703,0.7071067811865475,0.0,-0.6597250460563985,30
6910,-0.12792277383035552,1.613638851519845,-0.1832315464703722,6.138478298285584,3.1103449679676336,0.7071067811865475,0.0,1.7513020836742388,33
6911,-0.12792277383035552,-0.14739997713603842,-0.1832315464703722,-0.23510237636567338,-0.6844132059781843,0.0,0.7071067811865475,0.9476263737640264,20
6915,-0.12792277383035552,0.9092233200574916,1.8254808954748094,-0.23510237636567338,1.2129658809947248,0.7071067811865475,0.0,-0.6597250460563985,30
6916,-0.12792277383035552,0.5570155543263149,-0.1832315464703722,-0.23510237636567338,-0.4735933074256388,0.7071067811865475,0.0,0.5457885188089201,23
6919,-0.12792277383035552,-0.4996077428672151,-0.1832315464703722,-0.23510237636567338,-0.6844132059781843,0.7071067811865475,0.0,-0.25788719110129227,27
6920,-0.12792277383035552,0.5570155543263149,1.8254808954748094,-0.23510237636567338,1.4237857795472701,0.0,0.7071067811865475,-0.6597250460563985,38
6921,-0.12792277383035552,-1.2040232743295685,-0.1832315464703722,-0.23510237636567338,-0.4735933074256388,0.7071067811865475,0.0,-1.0615629010115046,42
6923,-0.12792277383035552,-0.4996077428672151,-0.1832315464703722,-0.23510237636567338,-0.6844132059781843,0.7071067811865475,0.0,-0.6597250460563985,31
6924,-0.12792277383035552,1.613638851519845,-0.1832315464703722,-0.23510237636567338,-0.2627734088730934,0.7071067811865475,0.0,1.3494642287191325,23
6926,-0.12792277383035552,-0.4996077428672151,-0.1832315464703722,-0.23510237636567338,-0.4735933074256388,0.7071067811865475,0.0,-0.6597250460563985,31
6927,-0.12792277383035552,0.20480778859513823,-0.1832315464703722,-0.23510237636567338,-0.4735933074256388,0.0,0.7071067811865475,0.14395066385381394,43
6929,-0.12792277383035552,-0.4996077428672151,-0.1832315464703722,-0.23510237636567338,-0.6844132059781843,0.7071067811865475,0.0,-1.0615629010115046,39
6931,-0.12792277383035552,-0.8518155085983917,-0.1832315464703722,-0.23510237636567338,-0.6844132059781843,0.0,0.7071067811865475,-0.6597250460563985,31
6932,-0.12792277383035552,0.9092233200574916,-0.1832315464703722,-0.23510237636567338,-0.05195351032054794,0.7071067811865475,0.0,0.9476263737640264,22
6934,-0.12792277383035552,-0.4996077428672151,-0.1832315464703722,-0.23510237636567338,-0.6844132059781843,0.7071067811865475,0.0,-0.6597250460563985,33
6936,-0.12792277383035552,0.5570155543263149,-0.1832315464703722,-0.23510237636567338,-0.4735933074256388,0.7071067811865475,0.0,1.7513020836742388,23
6937,-0.12792277383035552,-0.14739997713603842,-0.1832315464703722,-0.23510237636567338,-0.6844132059781843,0.7071067811865475,0.0,-0.25788719110129227,29
6939,-0.12792277383035552,-1.2040232743295685,-0.1832315464703722,-0.23510237636567338,-0.2627734088730934,0.7071067811865475,0.0,-1.0615629010115046,62
6941,-0.12792277383035552,-0.8518155085983917,-0.1832315464703722,-0.23510237636567338,-0.4735933074256388,0.7071067811865475,0.0,-1.0615629010115046,56
6943,-0.12792277383035552,-0.4996077428672151,-0.1832315464703722,-0.23510237636567338,0.15886638823199753,0.7071067811865475,0.0,-0.25788719110129227,24
6944,-0.12792277383035552,-1.2040232743295685,-0.1832315464703722,-0.23510237636567338,-0.6844132059781843,0.0,0.7071067811865475,-1.0615629010115046,44
6946,-0.12792277383035552,0.9092233200574916,1.8254808954748094,-0.23510237636567338,-0.2627734088730934,0.7071067811865475,0.0,1.7513020836742388,22
6947,-0.12792277383035552,0.20480778859513823,-0.1832315464703722,-0.23510237636567338,0.15886638823199753,0.7071067811865475,0.0,-0.6597250460563985,28
6948,-0.12792277383035552,0.20480778859513823,-0.1832315464703722,-0.23510237636567338,-0.6844132059781843,0.7071067811865475,0.0,-0.25788719110129227,30
6949,-0.12792277383035552,-1.2040232743295685,-0.1832315464703722,-0.23510237636567338,-0.4735933074256388,0.0,0.7071067811865475,-1.0615629010115046,32
6950,-0.12792277383035552,0.5570155543263149,-0.1832315464703722,-0.23510237636567338,-0.05195351032054794,0.7071067811865475,0.0,-0.25788719110129227,51
6952,-0.12792277383035552,0.20480778859513823,-0.1832315464703722,-0.23510237636567338,-0.6844132059781843,0.7071067811865475,0.0,0.9476263737640264,21
6955,-0.12792277383035552,1.613638851519845,-0.1832315464703722,-0.23510237636567338,-0.2627734088730934,0.7071067811865475,0.0,2.153139938629345,21
6957,-0.12792277383035552,1.613638851519845,-0.1832315464703722,-0.23510237636567338,-0.05195351032054794,0.7071067811865475,0.0,0.5457885188089201,27
6959,-0.12792277383035552,-0.14739997713603842,-0.1832315464703722,-0.23510237636567338,-0.6844132059781843,0.7071067811865475,0.0,-0.6597250460563985,28
6960,-0.12792277383035552,-1.2040232743295685,-0.1832315464703722,-0.23510237636567338,-0.6844132059781843,0.7071067811865475,0.0,-1.0615629010115046,31
6961,-0.12792277383035552,1.2614310857886681,-0.1832315464703722,-0.23510237636567338,-0.6844132059781843,0.0,0.7071067811865475,0.9476263737640264,33
6963,-0.12792277383035552,-0.8518155085983917,-0.1832315464703722,-0.23510237636567338,-0.2627734088730934,0.7071067811865475,0.0,-1.0615629010115046,49
6965,-0.12792277383035552,-0.4996077428672151,-0.1832315464703722,-0.23510237636567338,-0.2627734088730934,0.7071067811865475,0.0,-0.25788719110129227,41
6967,-0.12792277383035552,-0.14739997713603842,-0.1832315464703722,10.387532081386421,-0.6844132059781843,0.0,0.7071067811865475,1.3494642287191325,20
6968,-0.12792277383035552,0.5570155543263149,-0.1832315464703722,1.8894245151847455,1.4237857795472701,0.7071067811865475,0.0,-0.6597250460563985,31
6971,-0.12792277383035552,0.20480778859513823,-0.1832315464703722,-0.23510237636567338,0.36968628678454296,0.7071067811865475,0.0,0.14395066385381394,25
6975,-0.12792277383035552,1.613638851519845,1.8254808954748094,-0.23510237636567338,0.15886638823199753,0.7071067811865475,0.0,2.153139938629345,23
6976,-0.12792277383035552,-0.14739997713603842,-0.1832315464703722,-0.23510237636567338,-0.6844132059781843,0.0,0.7071067811865475,-0.25788719110129227,26
6977,-0.12792277383035552,-0.4996077428672151,-0.1832315464703722,-0.23510237636567338,0.5805061853370884,0.7071067811865475,0.0,-1.0615629010115046,45
6979,-0.12792277383035552,-0.8518155085983917,-0.1832315464703722,-0.23510237636567338,-0.4735933074256388,0.0,0.7071067811865475,-0.6597250460563985,28
6980,-0.12792277383035552,1.613638851519845,-0.1832315464703722,-0.23510237636567338,2.0562454752049066,0.7071067811865475,0.0,0.9476263737640264,28
6981,-0.12792277383035552,-1.2040232743295685,-0.1832315464703722,-0.23510237636567338,-0.6844132059781843,0.7071067811865475,0.0,-1.0615629010115046,39
6982,-0.12792277383035552,-0.8518155085983917,-0.1832315464703722,-0.23510237636567338,-0.4735933074256388,0.7071067811865475,0.0,-1.0615629010115046,59
6983,-0.12792277383035552,-1.2040232743295685,-0.1832315464703722,-0.23510237636567338,0.15886638823199753,0.0,0.7071067811865475,-1.0615629010115046,52
6986,-0.12792277383035552,0.20480778859513823,-0.1832315464703722,-0.23510237636567338,-0.4735933074256388,0.0,0.7071067811865475,-0.25788719110129227,36
6991,-0.12792277383035552,-0.4996077428672151,-0.1832315464703722,-0.23510237636567338,-0.2627734088730934,0.7071067811865475,0.0,-0.6597250460563985,30
6996,-0.12792277383035552,0.20480778859513823,-0.1832315464703722,-0.23510237636567338,-0.6844132059781843,0.0,0.7071067811865475,0.5457885188089201,21
6997,-0.12792277383035552,-0.14739997713603842,-0.1832315464703722,-0.23510237636567338,-0.2627734088730934,0.0,0.7071067811865475,0.5457885188089201,25
6999,-0.12792277383035552,-0.14739997713603842,-0.1832315464703722,-0.23510237636567338,-0.6844132059781843,0.7071067811865475,0.0,0.14395066385381394,22
7003,-0.12792277383035552,-0.8518155085983917,-0.1832315464703722,-0.23510237636567338,3.5319847650727247,0.0,0.7071067811865475,-1.0615629010115046,61
7004,-0.12792277383035552,0.5570155543263149,-0.1832315464703722,4.013951406735165,-0.2627734088730934,0.7071067811865475,0.0,0.5457885188089201,24
7006,-0.12792277383035552,1.613638851519845,-0.1832315464703722,-0.23510237636567338,-0.2627734088730934,0.7071067811865475,0.0,0.14395066385381394,26
7007,-0.12792277383035552,-0.4996077428672151,-0.1832315464703722,-0.23510237636567338,0.5805061853370884,0.7071067811865475,0.0,-0.6597250460563985,34
7008,2.0292885925110493,1.2614310857886681,-0.1832315464703722,-0.23510237636567338,1.845425576652361,0.0,0.7071067811865475,0.9476263737640264,45
7010,-0.12792277383035552,-0.4996077428672151,-0.1832315464703722,-0.23510237636567338,0.15886638823199753,0.7071067811865475,0.0,-1.0615629010115046,54
7011,-0.12792277383035552,0.20480778859513823,-0.1832315464703722,-0.23510237636567338,1.0021459824421792,0.0,0.7071067811865475,-1.0615629010115046,51
7012,-0.12792277383035552,-0.8518155085983917,-0.1832315464703722,-0.23510237636567338,-0.6844132059781843,0.7071067811865475,0.0,-0.25788719110129227,28
7015,-0.12792277383035552,-0.8518155085983917,-0.1832315464703722,-0.23510237636567338,-0.6844132059781843,0.7071067811865475,0.0,0.5457885188089201,23
7020,-0.12792277383035552,-0.8518155085983917,-0.1832315464703722,-0.23510237636567338,-0.6844132059781843,0.7071067811865475,0.0,-0.6597250460563985,30
7022,-0.12792277383035552,-0.4996077428672151,-0.1832315464703722,-0.23510237636567338,-0.6844132059781843,0.0,0.7071067811865475,0.14395066385381394,25
7023,-0.12792277383035552,0.20480778859513823,-0.1832315464703722,-0.23510237636567338,-0.2627734088730934,0.7071067811865475,0.0,-0.25788719110129227,25
7024,-0.12792277383035552,0.9092233200574916,-0.1832315464703722,-0.23510237636567338,-0.2627734088730934,0.7071067811865475,0.0,1.7513020836742388,28
7025,-0.12792277383035552,-1.2040232743295685,-0.1832315464703722,-0.23510237636567338,-0.6844132059781843,0.0,0.7071067811865475,-1.0615629010115046,32
7026,-0.12792277383035552,-0.14739997713603842,-0.1832315464703722,-0.23510237636567338,0.7913260838896339,0.7071067811865475,0.0,-0.25788719110129227,35
7027,-0.12792277383035552,-1.2040232743295685,-0.1832315464703722,-0.23510237636567338,-0.6844132059781843,0.0,0.7071067811865475,-1.0615629010115046,49
7028,-0.12792277383035552,-0.4996077428672151,-0.1832315464703722,-0.23510237636567338,0.36968628678454296,0.7071067811865475,0.0,-0.6597250460563985,36
7029,-0.12792277383035552,1.613638851519845,-0.1832315464703722,-0.23510237636567338,2.688705170862543,0.0,0.7071067811865475,2.153139938629345,33
7030,-0.12792277383035552,-1.2040232743295685,-0.1832315464703722,-0.23510237636567338,-0.4735933074256388,0.7071067811865475,0.0,-0.6597250460563985,30
7032,-0.12792277383035552,-0.8518155085983917,-0.1832315464703722,-0.23510237636567338,-0.4735933074256388,0.0,0.7071067811865475,-1.0615629010115046,58
7033,-0.12792277383035552,0.9092233200574916,-0.1832315464703722,-0.23510237636567338,-0.2627734088730934,0.7071067811865475,0.0,0.9476263737640264,22
7034,-0.12792277383035552,-0.4996077428672151,-0.1832315464703722,-0.23510237636567338,-0.2627734088730934,0.7071067811865475,0.0,-0.25788719110129227,28
7036,-0.12792277383035552,-1.2040232743295685,-0.1832315464703722,-0.23510237636567338,-0.6844132059781843,0.0,0.7071067811865475,-0.6597250460563985,28
7037,-0.12792277383035552,1.9658466172510216,1.8254808954748094,-0.23510237636567338,0.5805061853370884,0.7071067811865475,0.0,2.153139938629345,26
7039,-0.12792277383035552,-1.2040232743295685,-0.1832315464703722,-0.23510237636567338,-0.05195351032054794,0.7071067811865475,0.0,-1.0615629010115046,36
7040,-0.12792277383035552,1.613638851519845,-0.1832315464703722,-0.23510237636567338,-0.6844132059781843,0.7071067811865475,0.0,2.153139938629345,23
7041,-0.12792277383035552,0.20480778859513823,-0.1832315464703722,-0.23510237636567338,-0.6844132059781843,0.7071067811865475,0.0,0.9476263737640264,22
7043,-0.12792277383035552,-0.4996077428672151,-0.1832315464703722,-0.23510237636567338,-0.6844132059781843,0.7071067811865475,0.0,-0.25788719110129227,26
7044,-0.12792277383035552,0.20480778859513823,-0.1832315464703722,-0.23510237636567338,-0.4735933074256388,0.7071067811865475,0.0,0.9476263737640264,25
7047,-0.12792277383035552,0.5570155543263149,-0.1832315464703722,-0.23510237636567338,-0.2627734088730934,0.0,0.7071067811865475,-0.6597250460563985,40
7048,-0.12792277383035552,-0.8518155085983917,-0.1832315464703722,-0.23510237636567338,-0.6844132059781843,0.0,0.7071067811865475,-0.25788719110129227,28
7051,-0.12792277383035552,-1.2040232743295685,-0.1832315464703722,-0.23510237636567338,-0.4735933074256388,0.7071067811865475,0.0,-1.0615629010115046,56
7053,-0.12792277383035552,-0.14739997713603842,-0.1832315464703722,-0.23510237636567338,-0.6844132059781843,0.7071067811865475,0.0,-0.25788719110129227,36
7054,-0.12792277383035552,-1.2040232743295685,-0.1832315464703722,-0.23510237636567338,-0.6844132059781843,0.0,0.7071067811865475,-1.0615629010115046,51
7060,4.186499958852454,1.2614310857886681,-0.1832315464703722,-0.23510237636567338,1.2129658809947248,0.7071067811865475,0.0,1.3494642287191325,35
7061,-0.12792277383035552,0.20480778859513823,-0.1832315464703722,-0.23510237636567338,-0.6844132059781843,0.0,0.7071067811865475,0.14395066385381394,24
7064,-0.12792277383035552,-0.14739997713603842,-0.1832315464703722,-0.23510237636567338,0.5805061853370884,0.0,0.7071067811865475,0.14395066385381394,27
7067,-0.12792277383035552,1.613638851519845,1.8254808954748094,-0.23510237636567338,-0.2627734088730934,0.7071067811865475,0.0,1.3494642287191325,22
7074,-0.12792277383035552,1.613638851519845,-0.1832315464703722,-0.23510237636567338,0.15886638823199753,0.0,0.7071067811865475,0.5457885188089201,23
7076,-0.12792277383035552,-0.8518155085983917,-0.1832315464703722,-0.23510237636567338,-0.6844132059781843,0.0,0.7071067811865475,-0.6597250460563985,27
7077,-0.12792277383035552,1.613638851519845,-0.1832315464703722,-0.23510237636567338,1.0021459824421792,0.7071067811865475,0.0,0.5457885188089201,31
7079,-0.12792277383035552,0.9092233200574916,-0.1832315464703722,1.8894245151847455,-0.05195351032054794,0.7071067811865475,0.0,0.5457885188089201,25
7080,-0.12792277383035552,-1.2040232743295685,-0.1832315464703722,-0.23510237636567338,-0.6844132059781843,0.0,0.7071067811865475,-1.0615629010115046,52
7082,-0.12792277383035552,0.9092233200574916,-0.1832315464703722,-0.23510237636567338,-0.6844132059781843,0.7071067811865475,0.0,0.14395066385381394,35
7084,-0.12792277383035552,0.20480778859513823,-0.1832315464703722,-0.23510237636567338,-0.6844132059781843,0.7071067811865475,0.0,-0.6597250460563985,24
7087,-0.12792277383035552,-1.2040232743295685,-0.1832315464703722,-0.23510237636567338,-0.6844132059781843,0.7071067811865475,0.0,-1.0615629010115046,57
7092,-0.12792277383035552,-1.2040232743295685,-0.1832315464703722,-0.23510237636567338,-0.2627734088730934,0.7071067811865475,0.0,-1.0615629010115046,38
7095,-0.12792277383035552,0.20480778859513823,-0.1832315464703722,-0.23510237636567338,-0.4735933074256388,0.0,0.7071067811865475,-0.25788719110129227,26
7098,-0.12792277383035552,0.9092233200574916,-0.1832315464703722,-0.23510237636567338,-0.05195351032054794,0.7071067811865475,0.0,2.554977793584451,20
7099,-0.12792277383035552,-0.8518155085983917,-0.1832315464703722,-0.23510237636567338,-0.2627734088730934,0.7071067811865475,0.0,-1.0615629010115046,34
7100,-0.12792277383035552,1.613638851519845,-0.1832315464703722,-0.23510237636567338,1.6346056780998157,0.0,0.7071067811865475,1.3494642287191325,25
7101,-0.12792277383035552,0.20480778859513823,-0.1832315464703722,-0.23510237636567338,-0.6844132059781843,0.7071067811865475,0.0,0.14395066385381394,24
7104,-0.12792277383035552,0.5570155543263149,-0.1832315464703722,-0.23510237636567338,0.15886638823199753,0.0,0.7071067811865475,0.14395066385381394,49
7105,-0.12792277383035552,1.9658466172510216,-0.1832315464703722,-0.23510237636567338,2.4778852723099973,0.7071067811865475,0.0,0.5457885188089201,27
7107,-0.12792277383035552,0.20480778859513823,-0.1832315464703722,-0.23510237636567338,1.4237857795472701,0.7071067811865475,0.0,-0.25788719110129227,28
7109,-0.12792277383035552,0.20480778859513823,-0.1832315464703722,-0.23510237636567338,-0.6844132059781843,0.7071067811865475,0.0,-1.0615629010115046,55
7111,-0.12792277383035552,-0.4996077428672151,-0.1832315464703722,-0.23510237636567338,-0.05195351032054794,0.0,0.7071067811865475,-0.6597250460563985,47
7112,-0.12792277383035552,0.9092233200574916,-0.1832315464703722,-0.23510237636567338,1.4237857795472701,0.0,0.7071067811865475,0.14395066385381394,55
7114,-0.12792277383035552,-0.4996077428672151,-0.1832315464703722,-0.23510237636567338,-0.6844132059781843,0.7071067811865475,0.0,0.5457885188089201,22
7116,-0.12792277383035552,1.2614310857886681,-0.1832315464703722,-0.23510237636567338,1.2129658809947248,0.7071067811865475,0.0,1.7513020836742388,32
7117,-0.12792277383035552,-1.2040232743295685,-0.1832315464703722,-0.23510237636567338,-0.6844132059781843,0.7071067811865475,0.0,-1.0615629010115046,55
7119,-0.12792277383035552,0.20480778859513823,-0.1832315464703722,-0.23510237636567338,-0.05195351032054794,0.0,0.7071067811865475,0.9476263737640264,23
7120,-0.12792277383035552,-0.14739997713603842,-0.1832315464703722,-0.23510237636567338,-0.2627734088730934,0.7071067811865475,0.0,-0.6597250460563985,54
7121,-0.12792277383035552,-1.2040232743295685,-0.1832315464703722,-0.23510237636567338,-0.6844132059781843,0.7071067811865475,0.0,-1.0615629010115046,40
7123,-0.12792277383035552,-0.8518155085983917,-0.1832315464703722,-0.23510237636567338,-0.6844132059781843,0.0,0.7071067811865475,-0.25788719110129227,27
7125,-0.12792277383035552,0.9092233200574916,-0.1832315464703722,-0.23510237636567338,0.36968628678454296,0.7071067811865475,0.0,-0.25788719110129227,29
7126,-0.12792277383035552,-1.2040232743295685,-0.1832315464703722,-0.23510237636567338,-0.6844132059781843,0.0,0.7071067811865475,-1.0615629010115046,45
7127,-0.12792277383035552,0.5570155543263149,-0.1832315464703722,-0.23510237636567338,-0.2627734088730934,0.0,0.7071067811865475,0.9476263737640264,25
7130,-0.12792277383035552,-0.4996077428672151,-0.1832315464703722,-0.23510237636567338,0.15886638823199753,0.7071067811865475,0.0,0.5457885188089201,40
7131,-0.12792277383035552,-0.14739997713603842,-0.1832315464703722,-0.23510237636567338,0.7913260838896339,0.7071067811865475,0.0,0.14395066385381394,38
7136,-0.12792277383035552,1.9658466172510216,-0.1832315464703722,-0.23510237636567338,-0.05195351032054794,0.7071067811865475,0.0,1.7513020836742388,26
7139,-0.12792277383035552,-1.2040232743295685,-0.1832315464703722,-0.23510237636567338,-0.6844132059781843,0.7071067811865475,0.0,-1.0615629010115046,37
7141,-0.12792277383035552,-1.2040232743295685,-0.1832315464703722,-0.23510237636567338,-0.4735933074256388,0.7071067811865475,0.0,-1.0615629010115046,41
7142,-0.12792277383035552,-0.8518155085983917,-0.1832315464703722,-0.23510237636567338,-0.6844132059781843,0.7071067811865475,0.0,-1.0615629010115046,33
7143,-0.12792277383035552,-1.2040232743295685,-0.1832315464703722,-0.23510237636567338,-0.4735933074256388,0.7071067811865475,0.0,-1.0615629010115046,57
7144,-0.12792277383035552,1.613638851519845,-0.1832315464703722,-0.23510237636567338,-0.05195351032054794,0.0,0.7071067811865475,1.3494642287191325,34
7145,-0.12792277383035552,-0.14739997713603842,-0.1832315464703722,-0.23510237636567338,-0.4735933074256388,0.7071067811865475,0.0,0.5457885188089201,29
7148,-0.12792277383035552,0.9092233200574916,-0.1832315464703722,-0.23510237636567338,1.0021459824421792,0.7071067811865475,0.0,0.5457885188089201,45
7149,-0.12792277383035552,-0.14739997713603842,-0.1832315464703722,-0.23510237636567338,-0.4735933074256388,0.7071067811865475,0.0,0.5457885188089201,22
7150,-0.12792277383035552,1.2614310857886681,-0.1832315464703722,-0.23510237636567338,-0.6844132059781843,0.0,0.7071067811865475,2.153139938629345,22
7153,-0.12792277383035552,-0.14739997713603842,-0.1832315464703722,-0.23510237636567338,-0.6844132059781843,0.0,0.7071067811865475,0.9476263737640264,21
7154,-0.12792277383035552,-1.2040232743295685,-0.1832315464703722,-0.23510237636567338,-0.4735933074256388,0.0,0.7071067811865475,-1.0615629010115046,56
7156,-0.12792277383035552,-0.4996077428672151,-0.1832315464703722,-0.23510237636567338,0.15886638823199753,0.7071067811865475,0.0,-0.25788719110129227,48
7157,-0.12792277383035552,-0.8518155085983917,-0.1832315464703722,-0.23510237636567338,-0.4735933074256388,0.0,0.7071067811865475,-0.6597250460563985,27
7158,-0.12792277383035552,0.5570155543263149,-0.1832315464703722,-0.23510237636567338,-0.2627734088730934,0.7071067811865475,0.0,-0.25788719110129227,27
7159,-0.12792277383035552,-0.8518155085983917,-0.1832315464703722,-0.23510237636567338,-0.4735933074256388,0.7071067811865475,0.0,-0.6597250460563985,34
7160,-0.12792277383035552,0.5570155543263149,-0.1832315464703722,1.8894245151847455,0.36968628678454296,0.7071067811865475,0.0,0.5457885188089201,23
7162,-0.12792277383035552,0.20480778859513823,-0.1832315464703722,-0.23510237636567338,-0.05195351032054794,0.7071067811865475,0.0,2.153139938629345,47
7163,-0.12792277383035552,-0.4996077428672151,1.8254808954748094,-0.23510237636567338,0.5805061853370884,0.0,0.7071067811865475,-0.25788719110129227,33
7164,-0.12792277383035552,-1.2040232743295685,-0.1832315464703722,-0.23510237636567338,-0.4735933074256388,0.7071067811865475,0.0,-1.0615629010115046,58
7166,-0.12792277383035552,0.20480778859513823,-0.1832315464703722,-0.23510237636567338,-0.4735933074256388,0.7071067811865475,0.0,-0.6597250460563985,33
7167,-0.12792277383035552,0.20480778859513823,-0.1832315464703722,-0.23510237636567338,-0.2627734088730934,0.0,0.7071067811865475,-1.0615629010115046,40
7170,-0.12792277383035552,0.20480778859513823,-0.1832315464703722,-0.23510237636567338,-0.6844132059781843,0.7071067811865475,0.0,0.9476263737640264,22
7171,-0.12792277383035552,-0.4996077428672151,-0.1832315464703722,-0.23510237636567338,-0.2627734088730934,0.7071067811865475,0.0,-1.0615629010115046,39
7176,-0.12792277383035552,-1.2040232743295685,-0.1832315464703722,1.8894245151847455,-0.4735933074256388,0.7071067811865475,0.0,-1.0615629010115046,35
7177,-0.12792277383035552,-0.8518155085983917,-0.1832315464703722,-0.23510237636567338,-0.6844132059781843,0.0,0.7071067811865475,0.5457885188089201,22
7178,-0.12792277383035552,0.5570155543263149,-0.1832315464703722,-0.23510237636567338,0.7913260838896339,0.7071067811865475,0.0,1.3494642287191325,43
7180,-0.12792277383035552,-0.14739997713603842,-0.1832315464703722,-0.23510237636567338,0.15886638823199753,0.0,0.7071067811865475,-0.25788719110129227,37
7184,-0.12792277383035552,1.2614310857886681,-0.1832315464703722,-0.23510237636567338,-0.2627734088730934,0.7071067811865475,0.0,1.7513020836742388,26
7185,-0.12792277383035552,-0.14739997713603842,-0.1832315464703722,-0.23510237636567338,-0.6844132059781843,0.7071067811865475,0.0,-1.0615629010115046,60
7186,-0.12792277383035552,-0.14739997713603842,-0.1832315464703722,-0.23510237636567338,-0.4735933074256388,0.7071067811865475,0.0,0.14395066385381394,39
7187,-0.12792277383035552,1.2614310857886681,-0.1832315464703722,1.8894245151847455,2.688705170862543,0.0,0.7071067811865475,-0.25788719110129227,36
7189,-0.12792277383035552,-0.14739997713603842,-0.1832315464703722,-0.23510237636567338,-0.6844132059781843,0.0,0.7071067811865475,1.3494642287191325,21
7190,-0.12792277383035552,-0.4996077428672151,-0.1832315464703722,-0.23510237636567338,-0.4735933074256388,0.7071067811865475,0.0,-0.25788719110129227,28
7192,-0.12792277383035552,-1.2040232743295685,-0.1832315464703722,-0.23510237636567338,-0.6844132059781843,0.7071067811865475,0.0,-1.0615629010115046,70
7196,-0.12792277383035552,-0.8518155085983917,-0.1832315464703722,-0.23510237636567338,0.5805061853370884,0.7071067811865475,0.0,-0.6597250460563985,53
7197,-0.12792277383035552,0.5570155543263149,-0.1832315464703722,-0.23510237636567338,-0.6844132059781843,0.7071067811865475,0.0,-0.25788719110129227,37
7198,-0.12792277383035552,0.5570155543263149,-0.1832315464703722,-0.23510237636567338,-0.4735933074256388,0.7071067811865475,0.0,0.9476263737640264,21
7199,-0.12792277383035552,0.5570155543263149,-0.1832315464703722,-0.23510237636567338,-0.4735933074256388,0.7071067811865475,0.0,0.14395066385381394,28
7200,-0.12792277383035552,0.5570155543263149,-0.1832315464703722,-0.23510237636567338,-0.4735933074256388,0.7071067811865475,0.0,1.3494642287191325,21
7203,-0.12792277383035552,-1.2040232743295685,-0.1832315464703722,-0.23510237636567338,-0.6844132059781843,0.7071067811865475,0.0,-0.6597250460563985,56
7204,-0.12792277383035552,-0.4996077428672151,-0.1832315464703722,-0.23510237636567338,-0.05195351032054794,0.0,0.7071067811865475,-0.6597250460563985,30
7205,-0.12792277383035552,1.2614310857886681,-0.1832315464703722,-0.23510237636567338,-0.6844132059781843,0.7071067811865475,0.0,0.5457885188089201,27
7206,-0.12792277383035552,-0.8518155085983917,-0.1832315464703722,-0.23510237636567338,0.5805061853370884,0.7071067811865475,0.0,-0.6597250460563985,37
7210,-0.12792277383035552,1.2614310857886681,-0.1832315464703722,-0.23510237636567338,-0.4735933074256388,0.7071067811865475,0.0,2.153139938629345,27
7211,-0.12792277383035552,0.9092233200574916,-0.1832315464703722,1.8894245151847455,0.7913260838896339,0.0,0.7071067811865475,-0.25788719110129227,41
7214,-0.12792277383035552,-0.4996077428672151,-0.1832315464703722,-0.23510237636567338,0.7913260838896339,0.0,0.7071067811865475,-0.6597250460563985,30
7216,-0.12792277383035552,1.2614310857886681,1.8254808954748094,6.138478298285584,0.7913260838896339,0.7071067811865475,0.0,0.9476263737640264,32
7219,-0.12792277383035552,-0.14739997713603842,-0.1832315464703722,-0.23510237636567338,-0.05195351032054794,0.7071067811865475,0.0,0.5457885188089201,32
7222,-0.12792277383035552,0.20480778859513823,-0.1832315464703722,-0.23510237636567338,0.36968628678454296,0.7071067811865475,0.0,-1.0615629010115046,34
7223,-0.12792277383035552,-1.2040232743295685,-0.1832315464703722,-0.23510237636567338,-0.05195351032054794,0.7071067811865475,0.0,-1.0615629010115046,46
7224,-0.12792277383035552,-0.4996077428672151,-0.1832315464703722,-0.23510237636567338,-0.4735933074256388,0.7071067811865475,0.0,-0.25788719110129227,24
7225,-0.12792277383035552,0.5570155543263149,-0.1832315464703722,1.8894245151847455,0.7913260838896339,0.7071067811865475,0.0,1.3494642287191325,32
7226,-0.12792277383035552,-0.14739997713603842,-0.1832315464703722,-0.23510237636567338,0.5805061853370884,0.7071067811865475,0.0,-1.0615629010115046,43
7227,-0.12792277383035552,-0.8518155085983917,-0.1832315464703722,-0.23510237636567338,-0.05195351032054794,0.7071067811865475,0.0,-1.0615629010115046,50
7228,6.343711325193859,-0.14739997713603842,-0.1832315464703722,-0.23510237636567338,0.15886638823199753,0.7071067811865475,0.0,0.14395066385381394,30
7231,-0.12792277383035552,0.9092233200574916,-0.1832315464703722,-0.23510237636567338,-0.05195351032054794,0.0,0.7071067811865475,-0.25788719110129227,37
7234,-0.12792277383035552,0.20480778859513823,-0.1832315464703722,-0.23510237636567338,-0.4735933074256388,0.7071067811865475,0.0,-1.0615629010115046,37
7237,-0.12792277383035552,-0.14739997713603842,-0.1832315464703722,-0.23510237636567338,-0.05195351032054794,0.0,0.7071067811865475,-0.25788719110129227,40
7238,-0.12792277383035552,-1.2040232743295685,-0.1832315464703722,-0.23510237636567338,-0.6844132059781843,0.0,0.7071067811865475,-1.0615629010115046,53
7239,-0.12792277383035552,-0.8518155085983917,-0.1832315464703722,-0.23510237636567338,0.5805061853370884,0.0,0.7071067811865475,-0.6597250460563985,31
7240,-0.12792277383035552,-0.4996077428672151,-0.1832315464703722,-0.23510237636567338,0.15886638823199753,0.0,0.7071067811865475,-1.0615629010115046,33
7242,-0.12792277383035552,-0.14739997713603842,-0.1832315464703722,-0.23510237636567338,-0.6844132059781843,0.0,0.7071067811865475,0.5457885188089201,22
7243,-0.12792277383035552,-0.4996077428672151,-0.1832315464703722,-0.23510237636567338,-0.2627734088730934,0.0,0.7071067811865475,-0.25788719110129227,27
7245,-0.12792277383035552,1.2614310857886681,-0.1832315464703722,-0.23510237636567338,0.36968628678454296,0.0,0.7071067811865475,0.9476263737640264,25
7246,-0.12792277383035552,-0.8518155085983917,-0.1832315464703722,-0.23510237636567338,-0.2627734088730934,0.7071067811865475,0.0,0.14395066385381394,24
7247,-0.12792277383035552,0.20480778859513823,-0.1832315464703722,-0.23510237636567338,-0.2627734088730934,0.7071067811865475,0.0,0.14395066385381394,24
7249,-0.12792277383035552,0.9092233200574916,-0.1832315464703722,-0.23510237636567338,-0.4735933074256388,0.7071067811865475,0.0,0.9476263737640264,26
7252,-0.12792277383035552,1.9658466172510216,-0.1832315464703722,-0.23510237636567338,-0.05195351032054794,0.7071067811865475,0.0,1.7513020836742388,26
7254,-0.12792277383035552,-0.14739997713603842,-0.1832315464703722,-0.23510237636567338,-0.6844132059781843,0.7071067811865475,0.0,1.3494642287191325,20
7255,-0.12792277383035552,0.5570155543263149,-0.1832315464703722,-0.23510237636567338,0.15886638823199753,0.0,0.7071067811865475,0.5457885188089201,27
7257,-0.12792277383035552,-0.4996077428672151,-0.1832315464703722,-0.23510237636567338,-0.4735933074256388,0.7071067811865475,0.0,0.14395066385381394,24
7258,-0.12792277383035552,0.9092233200574916,-0.1832315464703722,-0.23510237636567338,1.0021459824421792,0.7071067811865475,0.0,0.5457885188089201,26
7259,-0.12792277383035552,0.20480778859513823,-0.1832315464703722,-0.23510237636567338,0.36968628678454296,0.0,0.7071067811865475,0.9476263737640264,26
7260,-0.12792277383035552,-1.2040232743295685,-0.1832315464703722,-0.23510237636567338,-0.6844132059781843,0.7071067811865475,0.0,-1.0615629010115046,54
7265,-0.12792277383035552,0.5570155543263149,-0.1832315464703722,-0.23510237636567338,2.0562454752049066,0.0,0.7071067811865475,-0.6597250460563985,64
7266,-0.12792277383035552,-0.8518155085983917,-0.1832315464703722,-0.23510237636567338,-0.6844132059781843,0.7071067811865475,0.0,-0.25788719110129227,24
7269,-0.12792277383035552,-1.2040232743295685,-0.1832315464703722,-0.23510237636567338,-0.6844132059781843,0.0,0.7071067811865475,-1.0615629010115046,57
7271,-0.12792277383035552,-1.2040232743295685,-0.1832315464703722,-0.23510237636567338,-0.6844132059781843,0.0,0.7071067811865475,-1.0615629010115046,46
7272,-0.12792277383035552,0.20480778859513823,-0.1832315464703722,-0.23510237636567338,2.688705170862543,0.7071067811865475,0.0,-0.6597250460563985,56
7275,-0.12792277383035552,-0.8518155085983917,-0.1832315464703722,-0.23510237636567338,-0.6844132059781843,0.0,0.7071067811865475,-1.0615629010115046,39
7276,-0.12792277383035552,-1.2040232743295685,-0.1832315464703722,-0.23510237636567338,0.15886638823199753,0.0,0.7071067811865475,-1.0615629010115046,68
7279,-0.12792277383035552,-0.4996077428672151,-0.1832315464703722,-0.23510237636567338,-0.4735933074256388,0.0,0.7071067811865475,-0.25788719110129227,28
7280,-0.12792277383035552,0.5570155543263149,-0.1832315464703722,-0.23510237636567338,3.321164866520179,0.0,0.7071067811865475,-1.0615629010115046,39
7281,-0.12792277383035552,-1.2040232743295685,-0.1832315464703722,-0.23510237636567338,-0.6844132059781843,0.0,0.7071067811865475,-1.0615629010115046,38
7283,-0.12792277383035552,1.9658466172510216,-0.1832315464703722,-0.23510237636567338,-0.05195351032054794,0.0,0.7071067811865475,1.7513020836742388,25
7284,-0.12792277383035552,0.20480778859513823,-0.1832315464703722,1.8894245151847455,-0.2627734088730934,0.7071067811865475,0.0,0.14395066385381394,25
7285,-0.12792277383035552,0.9092233200574916,-0.1832315464703722,-0.23510237636567338,-0.05195351032054794,0.7071067811865475,0.0,0.9476263737640264,21
7286,-0.12792277383035552,0.20480778859513823,-0.1832315464703722,-0.23510237636567338,-0.2627734088730934,0.7071067811865475,0.0,0.5457885188089201,31
7288,-0.12792277383035552,0.5570155543263149,-0.1832315464703722,-0.23510237636567338,-0.05195351032054794,0.7071067811865475,0.0,-0.6597250460563985,33
7289,-0.12792277383035552,1.9658466172510216,-0.1832315464703722,-0.23510237636567338,3.5319847650727247,0.7071067811865475,0.0,2.554977793584451,26
7292,-0.12792277383035552,1.2614310857886681,-0.1832315464703722,-0.23510237636567338,2.0562454752049066,0.7071067811865475,0.0,0.5457885188089201,35
7293,-0.12792277383035552,1.2614310857886681,11.869043105200717,1.8894245151847455,3.321164866520179,0.0,0.7071067811865475,0.14395066385381394,34
7294,-0.12792277383035552,1.613638851519845,-0.1832315464703722,-0.23510237636567338,5.851003649150725,0.7071067811865475,0.0,0.5457885188089201,41
7296,-0.12792277383035552,-1.2040232743295685,-0.1832315464703722,-0.23510237636567338,-0.6844132059781843,0.0,0.7071067811865475,-1.0615629010115046,57
7298,-0.12792277383035552,-0.8518155085983917,-0.1832315464703722,-0.23510237636567338,-0.4735933074256388,0.7071067811865475,0.0,-1.0615629010115046,42
7299,2.0292885925110493,1.9658466172510216,3.834193337419991,-0.23510237636567338,1.2129658809947248,0.7071067811865475,0.0,0.9476263737640264,26
7301,-0.12792277383035552,0.5570155543263149,-0.1832315464703722,-0.23510237636567338,-0.2627734088730934,0.7071067811865475,0.0,0.9476263737640264,36
7302,2.0292885925110493,1.9658466172510216,1.8254808954748094,-0.23510237636567338,4.375264359282906,0.7071067811865475,0.0,-0.25788719110129227,41
7304,-0.12792277383035552,-0.8518155085983917,-0.1832315464703722,-0.23510237636567338,-0.6844132059781843,0.7071067811865475,0.0,-0.25788719110129227,27
7305,-0.12792277383035552,-1.2040232743295685,-0.1832315464703722,-0.23510237636567338,-0.6844132059781843,0.7071067811865475,0.0,-1.0615629010115046,58
7308,-0.12792277383035552,-1.2040232743295685,-0.1832315464703722,-0.23510237636567338,-0.05195351032054794,0.7071067811865475,0.0,-1.0615629010115046,45
7310,-0.12792277383035552,-0.8518155085983917,-0.1832315464703722,-0.23510237636567338,0.36968628678454296,0.7071067811865475,0.0,-0.6597250460563985,34
7311,-0.12792277383035552,-1.2040232743295685,-0.1832315464703722,-0.23510237636567338,-0.6844132059781843,0.0,0.7071067811865475,-1.0615629010115046,50
7312,-0.12792277383035552,1.2614310857886681,1.8254808954748094,-0.23510237636567338,0.5805061853370884,0.7071067811865475,0.0,0.9476263737640264,25
7315,-0.12792277383035552,0.20480778859513823,-0.1832315464703722,-0.23510237636567338,-0.2627734088730934,0.0,0.7071067811865475,0.14395066385381394,24
7317,-0.12792277383035552,0.9092233200574916,-0.1832315464703722,-0.23510237636567338,-0.2627734088730934,0.7071067811865475,0.0,0.9476263737640264,27
7319,-0.12792277383035552,-0.14739997713603842,-0.1832315464703722,1.8894245151847455,-0.2627734088730934,0.0,0.7071067811865475,0.14395066385381394,30
7320,-0.12792277383035552,1.2614310857886681,3.834193337419991,-0.23510237636567338,-0.05195351032054794,0.7071067811865475,0.0,0.9476263737640264,22
7321,-0.12792277383035552,0.20480778859513823,-0.1832315464703722,-0.23510237636567338,-0.6844132059781843,0.7071067811865475,0.0,0.9476263737640264,27
7322,-0.12792277383035552,-0.4996077428672151,-0.1832315464703722,-0.23510237636567338,-0.6844132059781843,0.7071067811865475,0.0,0.5457885188089201,20
7323,-0.12792277383035552,0.20480778859513823,-0.1832315464703722,-0.23510237636567338,3.321164866520179,0.7071067811865475,0.0,2.153139938629345,41
7324,-0.12792277383035552,-1.2040232743295685,-0.1832315464703722,-0.23510237636567338,-0.6844132059781843,0.7071067811865475,0.0,-0.6597250460563985,30
7326,-0.12792277383035552,1.2614310857886681,-0.1832315464703722,-0.23510237636567338,-0.05195351032054794,0.7071067811865475,0.0,1.3494642287191325,24
7327,-0.12792277383035552,-1.2040232743295685,-0.1832315464703722,-0.23510237636567338,-0.6844132059781843,0.0,0.7071067811865475,-1.0615629010115046,39
7330,-0.12792277383035552,-0.8518155085983917,-0.1832315464703722,-0.23510237636567338,-0.05195351032054794,0.7071067811865475,0.0,-0.6597250460563985,32
7331,-0.12792277383035552,0.5570155543263149,-0.1832315464703722,-0.23510237636567338,-0.6844132059781843,0.7071067811865475,0.0,0.14395066385381394,29
7332,-0.12792277383035552,-1.2040232743295685,-0.1832315464703722,-0.23510237636567338,-0.6844132059781843,0.7071067811865475,0.0,-1.0615629010115046,37
7334,-0.12792277383035552,1.9658466172510216,1.8254808954748094,-0.23510237636567338,4.375264359282906,0.7071067811865475,0.0,1.3494642287191325,26
7335,-0.12792277383035552,0.5570155543263149,-0.1832315464703722,-0.23510237636567338,-0.2627734088730934,0.7071067811865475,0.0,0.5457885188089201,24
7337,-0.12792277383035552,-1.2040232743295685,-0.1832315464703722,-0.23510237636567338,-0.2627734088730934,0.7071067811865475,0.0,-0.6597250460563985,30
7338,2.0292885925110493,1.9658466172510216,1.8254808954748094,1.8894245151847455,0.15886638823199753,0.7071067811865475,0.0,1.3494642287191325,20
7339,-0.12792277383035552,0.5570155543263149,-0.1832315464703722,1.8894245151847455,-0.4735933074256388,0.0,0.7071067811865475,0.5457885188089201,25
7340,-0.12792277383035552,-0.14739997713603842,-0.1832315464703722,-0.23510237636567338,-0.6844132059781843,0.7071067811865475,0.0,-0.6597250460563985,31
7341,-0.12792277383035552,0.20480778859513823,-0.1832315464703722,-0.23510237636567338,-0.6844132059781843,0.0,0.7071067811865475,0.5457885188089201,25
7342,-0.12792277383035552,-1.2040232743295685,-0.1832315464703722,-0.23510237636567338,-0.6844132059781843,0.7071067811865475,0.0,-1.0615629010115046,41
7343,-0.12792277383035552,-0.4996077428672151,-0.1832315464703722,-0.23510237636567338,-0.6844132059781843,0.7071067811865475,0.0,0.14395066385381394,25
7344,-0.12792277383035552,0.20480778859513823,-0.1832315464703722,-0.23510237636567338,-0.2627734088730934,0.7071067811865475,0.0,0.5457885188089201,25
7345,-0.12792277383035552,-0.14739997713603842,-0.1832315464703722,-0.23510237636567338,-0.4735933074256388,0.7071067811865475,0.0,0.5457885188089201,22
7347,-0.12792277383035552,0.9092233200574916,-0.1832315464703722,-0.23510237636567338,-0.6844132059781843,0.7071067811865475,0.0,0.5457885188089201,25
7348,-0.12792277383035552,-0.8518155085983917,-0.1832315464703722,-0.23510237636567338,-0.6844132059781843,0.0,0.7071067811865475,-1.0615629010115046,38
7351,-0.12792277383035552,0.20480778859513823,-0.1832315464703722,-0.23510237636567338,-0.6844132059781843,0.7071067811865475,0.0,-1.0615629010115046,40
7354,-0.12792277383035552,-0.8518155085983917,-0.1832315464703722,-0.23510237636567338,0.15886638823199753,0.0,0.7071067811865475,-1.0615629010115046,49
7355,-0.12792277383035552,-0.4996077428672151,-0.1832315464703722,-0.23510237636567338,-0.2627734088730934,0.0,0.7071067811865475,-1.0615629010115046,35
7356,-0.12792277383035552,0.5570155543263149,-0.1832315464703722,1.8894245151847455,-0.6844132059781843,0.0,0.7071067811865475,1.3494642287191325,21
7358,-0.12792277383035552,-0.14739997713603842,-0.1832315464703722,-0.23510237636567338,-0.6844132059781843,0.7071067811865475,0.0,-0.25788719110129227,25
7359,-0.12792277383035552,-0.14739997713603842,-0.1832315464703722,-0.23510237636567338,-0.4735933074256388,0.7071067811865475,0.0,0.9476263737640264,21
7362,-0.12792277383035552,1.613638851519845,-0.1832315464703722,1.8894245151847455,1.6346056780998157,0.0,0.7071067811865475,1.7513020836742388,24
7365,-0.12792277383035552,-0.4996077428672151,-0.1832315464703722,-0.23510237636567338,-0.05195351032054794,0.7071067811865475,0.0,-0.6597250460563985,28
7369,-0.12792277383035552,0.5570155543263149,-0.1832315464703722,-0.23510237636567338,0.15886638823199753,0.7071067811865475,0.0,-0.25788719110129227,34
7370,-0.12792277383035552,0.9092233200574916,-0.1832315464703722,-0.23510237636567338,1.0021459824421792,0.0,0.7071067811865475,0.5457885188089201,57
7373,-0.12792277383035552,1.613638851519845,-0.1832315464703722,-0.23510237636567338,2.4778852723099973,0.7071067811865475,0.0,1.3494642287191325,40
7375,-0.12792277383035552,-0.14739997713603842,-0.1832315464703722,-0.23510237636567338,-0.2627734088730934,0.0,0.7071067811865475,0.5457885188089201,22
7380,-0.12792277383035552,0.5570155543263149,-0.1832315464703722,-0.23510237636567338,-0.05195351032054794,0.0,0.7071067811865475,0.5457885188089201,37
7381,-0.12792277383035552,0.5570155543263149,-0.1832315464703722,-0.23510237636567338,-0.6844132059781843,0.7071067811865475,0.0,-1.0615629010115046,43
7382,-0.12792277383035552,0.9092233200574916,-0.1832315464703722,-0.23510237636567338,0.36968628678454296,0.7071067811865475,0.0,1.7513020836742388,26
7383,-0.12792277383035552,-0.4996077428672151,-0.1832315464703722,-0.23510237636567338,-0.2627734088730934,0.7071067811865475,0.0,0.5457885188089201,24
7385,-0.12792277383035552,-1.2040232743295685,-0.1832315464703722,-0.23510237636567338,-0.4735933074256388,0.7071067811865475,0.0,-1.0615629010115046,56
7386,-0.12792277383035552,0.9092233200574916,-0.1832315464703722,1.8894245151847455,-0.2627734088730934,0.7071067811865475,0.0,0.9476263737640264,23
7387,-0.12792277383035552,0.5570155543263149,-0.1832315464703722,-0.23510237636567338,1.845425576652361,0.7071067811865475,0.0,-0.25788719110129227,43
7388,-0.12792277383035552,-1.2040232743295685,-0.1832315464703722,-0.23510237636567338,-0.6844132059781843,0.0,0.7071067811865475,-1.0615629010115046,32
7391,-0.12792277383035552,1.613638851519845,-0.1832315464703722,-0.23510237636567338,-0.6844132059781843,0.7071067811865475,0.0,2.153139938629345,21
7392,-0.12792277383035552,-0.4996077428672151,-0.1832315464703722,-0.23510237636567338,-0.2627734088730934,0.7071067811865475,0.0,-1.0615629010115046,51
7393,-0.12792277383035552,1.9658466172510216,-0.1832315464703722,-0.23510237636567338,-0.6844132059781843,0.0,0.7071067811865475,2.554977793584451,20
7395,-0.12792277383035552,1.9658466172510216,-0.1832315464703722,-0.23510237636567338,2.8995250694150885,0.7071067811865475,0.0,2.153139938629345,42
7396,-0.12792277383035552,-1.2040232743295685,-0.1832315464703722,-0.23510237636567338,-0.4735933074256388,0.0,0.7071067811865475,-1.0615629010115046,58
7399,-0.12792277383035552,-0.8518155085983917,-0.1832315464703722,1.8894245151847455,-0.4735933074256388,0.7071067811865475,0.0,-0.6597250460563985,28
7400,-0.12792277383035552,-0.4996077428672151,-0.1832315464703722,-0.23510237636567338,-0.2627734088730934,0.0,0.7071067811865475,-0.6597250460563985,30
7402,2.0292885925110493,0.5570155543263149,1.8254808954748094,1.8894245151847455,0.15886638823199753,0.0,0.7071067811865475,-0.25788719110129227,28
7405,-0.12792277383035552,1.9658466172510216,-0.1832315464703722,-0.23510237636567338,1.2129658809947248,0.0,0.7071067811865475,1.7513020836742388,24
7406,-0.12792277383035552,1.613638851519845,-0.1832315464703722,-0.23510237636567338,-0.4735933074256388,0.7071067811865475,0.0,2.153139938629345,22
7410,-0.12792277383035552,-0.8518155085983917,-0.1832315464703722,-0.23510237636567338,-0.4735933074256388,0.7071067811865475,0.0,-0.6597250460563985,50
7411,-0.12792277383035552,1.613638851519845,-0.1832315464703722,-0.23510237636567338,0.36968628678454296,0.0,0.7071067811865475,1.7513020836742388,30
7412,-0.12792277383035552,-0.8518155085983917,-0.1832315464703722,-0.23510237636567338,-0.6844132059781843,0.7071067811865475,0.0,-0.6597250460563985,28
7413,-0.12792277383035552,0.9092233200574916,-0.1832315464703722,-0.23510237636567338,-0.05195351032054794,0.7071067811865475,0.0,0.5457885188089201,21
7416,-0.12792277383035552,-1.2040232743295685,-0.1832315464703722,1.8894245151847455,-0.2627734088730934,0.0,0.7071067811865475,-0.6597250460563985,26
7417,-0.12792277383035552,0.20480778859513823,-0.1832315464703722,-0.23510237636567338,-0.6844132059781843,0.7071067811865475,0.0,-1.0615629010115046,51
7419,-0.12792277383035552,0.9092233200574916,-0.1832315464703722,-0.23510237636567338,-0.4735933074256388,0.7071067811865475,0.0,1.3494642287191325,21
7420,-0.12792277383035552,-0.8518155085983917,-0.1832315464703722,-0.23510237636567338,-0.6844132059781843,0.7071067811865475,0.0,-0.25788719110129227,29
7421,-0.12792277383035552,-0.14739997713603842,-0.1832315464703722,-0.23510237636567338,-0.6844132059781843,0.0,0.7071067811865475,-0.6597250460563985,43
7422,-0.12792277383035552,-0.14739997713603842,-0.1832315464703722,-0.23510237636567338,-0.4735933074256388,0.7071067811865475,0.0,0.9476263737640264,22
7423,-0.12792277383035552,0.9092233200574916,-0.1832315464703722,-0.23510237636567338,-0.6844132059781843,0.7071067811865475,0.0,1.3494642287191325,52
7424,-0.12792277383035552,-1.2040232743295685,-0.1832315464703722,-0.23510237636567338,-0.6844132059781843,0.7071067811865475,0.0,-1.0615629010115046,36
7425,-0.12792277383035552,-0.8518155085983917,-0.1832315464703722,-0.23510237636567338,-0.6844132059781843,0.7071067811865475,0.0,-0.25788719110129227,24
7426,-0.12792277383035552,0.5570155543263149,1.8254808954748094,-0.23510237636567338,0.36968628678454296,0.7071067811865475,0.0,1.3494642287191325,26
7427,-0.12792277383035552,1.2614310857886681,-0.1832315464703722,-0.23510237636567338,1.0021459824421792,0.0,0.7071067811865475,1.3494642287191325,27
7429,-0.12792277383035552,1.2614310857886681,-0.1832315464703722,-0.23510237636567338,-0.6844132059781843,0.0,0.7071067811865475,1.3494642287191325,19
7432,-0.12792277383035552,0.20480778859513823,-0.1832315464703722,-0.23510237636567338,-0.2627734088730934,0.7071067811865475,0.0,-0.25788719110129227,26
7435,-0.12792277383035552,-0.14739997713603842,-0.1832315464703722,-0.23510237636567338,-0.6844132059781843,0.7071067811865475,0.0,-0.6597250460563985,29
7437,-0.12792277383035552,1.9658466172510216,-0.1832315464703722,-0.23510237636567338,3.5319847650727247,0.7071067811865475,0.0,-0.25788719110129227,29
7439,-0.12792277383035552,-0.14739997713603842,-0.1832315464703722,-0.23510237636567338,-0.4735933074256388,0.7071067811865475,0.0,-1.0615629010115046,38
7440,2.0292885925110493,0.5570155543263149,-0.1832315464703722,-0.23510237636567338,0.36968628678454296,0.7071067811865475,0.0,-0.6597250460563985,34
7441,-0.12792277383035552,-0.14739997713603842,-0.1832315464703722,-0.23510237636567338,-0.2627734088730934,0.7071067811865475,0.0,0.5457885188089201,23
7442,-0.12792277383035552,0.20480778859513823,-0.1832315464703722,-0.23510237636567338,-0.6844132059781843,0.7071067811865475,0.0,0.14395066385381394,26
7443,-0.12792277383035552,-0.8518155085983917,-0.1832315464703722,-0.23510237636567338,-0.4735933074256388,0.0,0.7071067811865475,-0.6597250460563985,29
7444,-0.12792277383035552,0.20480778859513823,-0.1832315464703722,-0.23510237636567338,-0.4735933074256388,0.7071067811865475,0.0,0.5457885188089201,24
7445,-0.12792277383035552,1.2614310857886681,-0.1832315464703722,-0.23510237636567338,-0.4735933074256388,0.7071067811865475,0.0,1.7513020836742388,31
7446,-0.12792277383035552,-1.2040232743295685,-0.1832315464703722,-0.23510237636567338,-0.6844132059781843,0.7071067811865475,0.0,-1.0615629010115046,50
7447,-0.12792277383035552,0.9092233200574916,-0.1832315464703722,-0.23510237636567338,-0.6844132059781843,0.0,0.7071067811865475,0.5457885188089201,24
7448,-0.12792277383035552,-0.4996077428672151,-0.1832315464703722,-0.23510237636567338,-0.6844132059781843,0.7071067811865475,0.0,-1.0615629010115046,31
7449,-0.12792277383035552,1.613638851519845,-0.1832315464703722,-0.23510237636567338,2.0562454752049066,0.7071067811865475,0.0,0.5457885188089201,36
7450,-0.12792277383035552,1.613638851519845,-0.1832315464703722,-0.23510237636567338,2.0562454752049066,0.0,0.7071067811865475,1.7513020836742388,32
7454,-0.12792277383035552,-0.8518155085983917,-0.1832315464703722,-0.23510237636567338,-0.4735933074256388,0.0,0.7071067811865475,-0.6597250460563985,42
7455,-0.12792277383035552,0.9092233200574916,-0.1832315464703722,-0.23510237636567338,-0.6844132059781843,0.7071067811865475,0.0,1.3494642287191325,22
7457,-0.12792277383035552,0.9092233200574916,-0.1832315464703722,-0.23510237636567338,0.36968628678454296,0.7071067811865475,0.0,0.9476263737640264,26
7459,-0.12792277383035552,1.2614310857886681,-0.1832315464703722,-0.23510237636567338,1.4237857795472701,0.7071067811865475,0.0,1.3494642287191325,26
7460,-0.12792277383035552,0.20480778859513823,-0.1832315464703722,-0.23510237636567338,-0.05195351032054794,0.0,0.7071067811865475,0.9476263737640264,30
7462,-0.12792277383035552,-0.8518155085983917,-0.1832315464703722,-0.23510237636567338,-0.05195351032054794,0.0,0.7071067811865475,-1.0615629010115046,53
7464,-0.12792277383035552,0.5570155543263149,1.8254808954748094,4.013951406735165,-0.2627734088730934,0.7071067811865475,0.0,0.5457885188089201,23
7465,-0.12792277383035552,-0.4996077428672151,-0.1832315464703722,-0.23510237636567338,-0.6844132059781843,0.7071067811865475,0.0,0.9476263737640264,22
7466,-0.12792277383035552,-0.8518155085983917,-0.1832315464703722,-0.23510237636567338,-0.6844132059781843,0.0,0.7071067811865475,-0.25788719110129227,27
7467,-0.12792277383035552,-0.14739997713603842,-0.1832315464703722,-0.23510237636567338,-0.6844132059781843,0.0,0.7071067811865475,0.5457885188089201,21
7468,-0.12792277383035552,0.9092233200574916,-0.1832315464703722,-0.23510237636567338,-0.2627734088730934,0.7071067811865475,0.0,1.7513020836742388,42
7469,-0.12792277383035552,0.20480778859513823,-0.1832315464703722,-0.23510237636567338,0.15886638823199753,0.7071067811865475,0.0,0.14395066385381394,31
7472,-0.12792277383035552,-1.2040232743295685,-0.1832315464703722,-0.23510237636567338,-0.6844132059781843,0.0,0.7071067811865475,-1.0615629010115046,80
7476,-0.12792277383035552,-0.14739997713603842,-0.1832315464703722,-0.23510237636567338,0.5805061853370884,0.0,0.7071067811865475,-1.0615629010115046,68
7477,-0.12792277383035552,1.2614310857886681,-0.1832315464703722,-0.23510237636567338,-0.4735933074256388,0.7071067811865475,0.0,0.5457885188089201,23
7478,-0.12792277383035552,0.5570155543263149,-0.1832315464703722,-0.23510237636567338,0.15886638823199753,0.7071067811865475,0.0,-0.6597250460563985,36
7479,-0.12792277383035552,1.9658466172510216,-0.1832315464703722,-0.23510237636567338,-0.6844132059781843,0.7071067811865475,0.0,1.3494642287191325,24
7481,-0.12792277383035552,1.2614310857886681,-0.1832315464703722,1.8894245151847455,-0.6844132059781843,0.7071067811865475,0.0,1.3494642287191325,21
7482,-0.12792277383035552,-0.14739997713603842,-0.1832315464703722,-0.23510237636567338,-0.05195351032054794,0.0,0.7071067811865475,0.5457885188089201,26
7484,-0.12792277383035552,0.9092233200574916,-0.1832315464703722,-0.23510237636567338,1.0021459824421792,0.7071067811865475,0.0,0.5457885188089201,30
7487,-0.12792277383035552,0.20480778859513823,-0.1832315464703722,-0.23510237636567338,-0.4735933074256388,0.7071067811865475,0.0,-1.0615629010115046,36
7488,-0.12792277383035552,1.2614310857886681,-0.1832315464703722,-0.23510237636567338,-0.6844132059781843,0.7071067811865475,0.0,1.3494642287191325,21
7490,-0.12792277383035552,0.20480778859513823,-0.1832315464703722,-0.23510237636567338,-0.4735933074256388,0.0,0.7071067811865475,-0.25788719110129227,31
7493,-0.12792277383035552,0.5570155543263149,-0.1832315464703722,-0.23510237636567338,-0.6844132059781843,0.7071067811865475,0.0,0.9476263737640264,20
7495,-0.12792277383035552,1.2614310857886681,-0.1832315464703722,-0.23510237636567338,0.15886638823199753,0.0,0.7071067811865475,-0.25788719110129227,49
7496,-0.12792277383035552,1.613638851519845,-0.1832315464703722,-0.23510237636567338,-0.6844132059781843,0.7071067811865475,0.0,1.3494642287191325,24
7497,-0.12792277383035552,1.2614310857886681,-0.1832315464703722,-0.23510237636567338,-0.6844132059781843,0.7071067811865475,0.0,1.3494642287191325,20
7499,-0.12792277383035552,-1.2040232743295685,-0.1832315464703722,-0.23510237636567338,-0.4735933074256388,0.0,0.7071067811865475,-1.0615629010115046,44
7500,-0.12792277383035552,-0.4996077428672151,-0.1832315464703722,-0.23510237636567338,-0.4735933074256388,0.7071067811865475,0.0,0.14395066385381394,25
7502,-0.12792277383035552,-0.14739997713603842,-0.1832315464703722,-0.23510237636567338,1.6346056780998157,0.7071067811865475,0.0,-0.6597250460563985,41
7503,-0.12792277383035552,-0.8518155085983917,-0.1832315464703722,-0.23510237636567338,-0.4735933074256388,0.7071067811865475,0.0,-0.25788719110129227,25
7508,-0.12792277383035552,-1.2040232743295685,-0.1832315464703722,-0.23510237636567338,-0.6844132059781843,0.0,0.7071067811865475,-1.0615629010115046,44
7510,-0.12792277383035552,-1.2040232743295685,-0.1832315464703722,-0.23510237636567338,-0.6844132059781843,0.7071067811865475,0.0,-1.0615629010115046,33
7511,-0.12792277383035552,0.9092233200574916,-0.1832315464703722,-0.23510237636567338,-0.6844132059781843,0.7071067811865475,0.0,1.3494642287191325,20
7513,-0.12792277383035552,0.5570155543263149,-0.1832315464703722,-0.23510237636567338,-0.4735933074256388,0.7071067811865475,0.0,1.7513020836742388,21
7514,-0.12792277383035552,0.20480778859513823,-0.1832315464703722,-0.23510237636567338,-0.05195351032054794,0.7071067811865475,0.0,-1.0615629010115046,44
7515,-0.12792277383035552,1.613638851519845,-0.1832315464703722,1.8894245151847455,-0.4735933074256388,0.7071067811865475,0.0,1.7513020836742388,23
7516,-0.12792277383035552,1.2614310857886681,-0.1832315464703722,-0.23510237636567338,-0.6844132059781843,0.0,0.7071067811865475,0.9476263737640264,35
7517,-0.12792277383035552,-1.2040232743295685,-0.1832315464703722,-0.23510237636567338,-0.6844132059781843,0.0,0.7071067811865475,-1.0615629010115046,41
7519,-0.12792277383035552,0.20480778859513823,-0.1832315464703722,-0.23510237636567338,-0.4735933074256388,0.7071067811865475,0.0,-0.6597250460563985,30
7522,-0.12792277383035552,-0.8518155085983917,-0.1832315464703722,-0.23510237636567338,0.7913260838896339,0.7071067811865475,0.0,-1.0615629010115046,36
7523,-0.12792277383035552,-1.2040232743295685,-0.1832315464703722,-0.23510237636567338,-0.4735933074256388,0.7071067811865475,0.0,-0.6597250460563985,26
7524,-0.12792277383035552,-0.8518155085983917,-0.1832315464703722,-0.23510237636567338,-0.6844132059781843,0.7071067811865475,0.0,-1.0615629010115046,32
7526,-0.12792277383035552,-0.4996077428672151,-0.1832315464703722,-0.23510237636567338,-0.6844132059781843,0.0,0.7071067811865475,0.5457885188089201,23
7530,-0.12792277383035552,1.613638851519845,-0.1832315464703722,1.8894245151847455,1.2129658809947248,0.0,0.7071067811865475,1.3494642287191325,43
7531,-0.12792277383035552,-0.8518155085983917,-0.1832315464703722,-0.23510237636567338,-0.05195351032054794,0.7071067811865475,0.0,-0.6597250460563985,30
7534,-0.12792277383035552,-1.2040232743295685,-0.1832315464703722,-0.23510237636567338,-0.4735933074256388,0.7071067811865475,0.0,-0.6597250460563985,44
7536,-0.12792277383035552,-1.2040232743295685,-0.1832315464703722,-0.23510237636567338,-0.4735933074256388,0.7071067811865475,0.0,-1.0615629010115046,39
7537,-0.12792277383035552,-1.2040232743295685,-0.1832315464703722,-0.23510237636567338,-0.2627734088730934,0.7071067811865475,0.0,-1.0615629010115046,37
7540,-0.12792277383035552,1.2614310857886681,-0.1832315464703722,-0.23510237636567338,0.5805061853370884,0.7071067811865475,0.0,0.14395066385381394,31
7541,-0.12792277383035552,-1.2040232743295685,-0.1832315464703722,-0.23510237636567338,0.36968628678454296,0.0,0.7071067811865475,-1.0615629010115046,63
7542,-0.12792277383035552,1.2614310857886681,-0.1832315464703722,-0.23510237636567338,1.6346056780998157,0.7071067811865475,0.0,-0.6597250460563985,66
7543,4.186499958852454,1.2614310857886681,-0.1832315464703722,-0.23510237636567338,-0.2627734088730934,0.7071067811865475,0.0,2.153139938629345,19
7545,-0.12792277383035552,0.20480778859513823,-0.1832315464703722,4.013951406735165,-0.05195351032054794,0.7071067811865475,0.0,0.14395066385381394,24
7546,2.0292885925110493,1.9658466172510216,-0.1832315464703722,6.138478298285584,-0.2627734088730934,0.0,0.7071067811865475,1.7513020836742388,21
7547,-0.12792277383035552,-0.8518155085983917,-0.1832315464703722,-0.23510237636567338,-0.6844132059781843,0.7071067811865475,0.0,-1.0615629010115046,48
7548,-0.12792277383035552,-1.2040232743295685,-0.1832315464703722,-0.23510237636567338,-0.6844132059781843,0.7071067811865475,0.0,-1.0615629010115046,37
7551,-0.12792277383035552,-0.8518155085983917,-0.1832315464703722,-0.23510237636567338,-0.6844132059781843,0.0,0.7071067811865475,0.5457885188089201,21
7553,-0.12792277383035552,0.20480778859513823,-0.1832315464703722,-0.23510237636567338,-0.6844132059781843,0.0,0.7071067811865475,1.3494642287191325,20
7555,-0.12792277383035552,-1.2040232743295685,-0.1832315464703722,-0.23510237636567338,-0.6844132059781843,0.0,0.7071067811865475,-1.0615629010115046,64
7556,-0.12792277383035552,0.5570155543263149,-0.1832315464703722,-0.23510237636567338,-0.6844132059781843,0.0,0.7071067811865475,0.5457885188089201,22
7559,-0.12792277383035552,-0.4996077428672151,-0.1832315464703722,-0.23510237636567338,1.0021459824421792,0.7071067811865475,0.0,-1.0615629010115046,43
7560,-0.12792277383035552,0.9092233200574916,-0.1832315464703722,-0.23510237636567338,-0.05195351032054794,0.7071067811865475,0.0,-0.25788719110129227,25
7561,-0.12792277383035552,1.613638851519845,-0.1832315464703722,-0.23510237636567338,1.4237857795472701,0.7071067811865475,0.0,1.7513020836742388,33
7562,-0.12792277383035552,0.5570155543263149,-0.1832315464703722,-0.23510237636567338,-0.4735933074256388,0.7071067811865475,0.0,0.9476263737640264,26
7563,-0.12792277383035552,-0.4996077428672151,-0.1832315464703722,-0.23510237636567338,-0.4735933074256388,0.0,0.7071067811865475,-0.6597250460563985,33
7570,-0.12792277383035552,-1.2040232743295685,-0.1832315464703722,-0.23510237636567338,-0.6844132059781843,0.7071067811865475,0.0,-1.0615629010115046,44
7571,-0.12792277383035552,-0.8518155085983917,-0.1832315464703722,-0.23510237636567338,-0.6844132059781843,0.7071067811865475,0.0,-0.6597250460563985,31
7572,-0.12792277383035552,0.5570155543263149,-0.1832315464703722,-0.23510237636567338,1.2129658809947248,0.0,0.7071067811865475,0.14395066385381394,50
7573,-0.12792277383035552,1.613638851519845,3.834193337419991,4.013951406735165,2.688705170862543,0.7071067811865475,0.0,0.9476263737640264,33
7576,-0.12792277383035552,1.9658466172510216,-0.1832315464703722,-0.23510237636567338,-0.4735933074256388,0.7071067811865475,0.0,0.9476263737640264,31
7577,-0.12792277383035552,-0.4996077428672151,-0.1832315464703722,-0.23510237636567338,-0.6844132059781843,0.0,0.7071067811865475,-0.25788719110129227,25
7578,-0.12792277383035552,-0.8518155085983917,-0.1832315464703722,-0.23510237636567338,-0.2627734088730934,0.0,0.7071067811865475,-1.0615629010115046,43
7581,-0.12792277383035552,-1.2040232743295685,-0.1832315464703722,-0.23510237636567338,-0.6844132059781843,0.0,0.7071067811865475,-0.6597250460563985,27
7585,-0.12792277383035552,-1.2040232743295685,-0.1832315464703722,-0.23510237636567338,-0.2627734088730934,0.0,0.7071067811865475,-1.0615629010115046,34
7586,-0.12792277383035552,-1.2040232743295685,-0.1832315464703722,-0.23510237636567338,-0.6844132059781843,0.7071067811865475,0.0,-1.0615629010115046,44
7587,-0.12792277383035552,1.9658466172510216,-0.1832315464703722,-0.23510237636567338,0.5805061853370884,0.0,0.7071067811865475,0.5457885188089201,31
7589,-0.12792277383035552,-0.4996077428672151,-0.1832315464703722,-0.23510237636567338,-0.2627734088730934,0.7071067811865475,0.0,0.14395066385381394,26
7591,4.186499958852454,1.613638851519845,3.834193337419991,-0.23510237636567338,0.15886638823199753,0.7071067811865475,0.0,2.153139938629345,20
7593,-0.12792277383035552,-0.8518155085983917,-0.1832315464703722,-0.23510237636567338,-0.4735933074256388,0.7071067811865475,0.0,-0.6597250460563985,41
7595,-0.12792277383035552,-1.2040232743295685,-0.1832315464703722,-0.23510237636567338,-0.6844132059781843,0.0,0.7071067811865475,-1.0615629010115046,55
7596,6.343711325193859,-0.8518155085983917,-0.1832315464703722,-0.23510237636567338,0.5805061853370884,0.7071067811865475,0.0,-0.6597250460563985,29
7597,-0.12792277383035552,-1.2040232743295685,-0.1832315464703722,-0.23510237636567338,-0.6844132059781843,0.0,0.7071067811865475,-1.0615629010115046,31
7602,-0.12792277383035552,0.9092233200574916,-0.1832315464703722,1.8894245151847455,1.6346056780998157,0.7071067811865475,0.0,0.5457885188089201,31
7603,-0.12792277383035552,-1.2040232743295685,-0.1832315464703722,-0.23510237636567338,-0.6844132059781843,0.7071067811865475,0.0,-1.0615629010115046,52
7604,-0.12792277383035552,-1.2040232743295685,-0.1832315464703722,-0.23510237636567338,-0.6844132059781843,0.0,0.7071067811865475,-1.0615629010115046,59
7605,-0.12792277383035552,-1.2040232743295685,-0.1832315464703722,-0.23510237636567338,-0.4735933074256388,0.0,0.7071067811865475,-1.0615629010115046,49
7606,-0.12792277383035552,0.5570155543263149,-0.1832315464703722,-0.23510237636567338,1.6346056780998157,0.0,0.7071067811865475,0.14395066385381394,36
7607,-0.12792277383035552,-0.4996077428672151,-0.1832315464703722,-0.23510237636567338,-0.4735933074256388,0.7071067811865475,0.0,0.14395066385381394,23
7611,-0.12792277383035552,0.9092233200574916,-0.1832315464703722,-0.23510237636567338,4.796904156387997,0.7071067811865475,0.0,-0.25788719110129227,46
7612,-0.12792277383035552,-1.2040232743295685,-0.1832315464703722,-0.23510237636567338,-0.2627734088730934,0.0,0.7071067811865475,-1.0615629010115046,59
7613,-0.12792277383035552,-1.2040232743295685,-0.1832315464703722,-0.23510237636567338,-0.4735933074256388,0.7071067811865475,0.0,-1.0615629010115046,51
7615,-0.12792277383035552,-1.2040232743295685,-0.1832315464703722,-0.23510237636567338,-0.6844132059781843,0.7071067811865475,0.0,-0.6597250460563985,34
7618,-0.12792277383035552,-1.2040232743295685,-0.1832315464703722,-0.23510237636567338,-0.6844132059781843,0.7071067811865475,0.0,-1.0615629010115046,32
7620,-0.12792277383035552,-0.4996077428672151,-0.1832315464703722,-0.23510237636567338,-0.4735933074256388,0.7071067811865475,0.0,-1.0615629010115046,54
7622,-0.12792277383035552,1.9658466172510216,1.8254808954748094,-0.23510237636567338,-0.05195351032054794,0.7071067811865475,0.0,2.554977793584451,24
7625,-0.12792277383035552,-0.4996077428672151,-0.1832315464703722,-0.23510237636567338,-0.6844132059781843,0.0,0.7071067811865475,-0.6597250460563985,32
7631,-0.12792277383035552,0.20480778859513823,-0.1832315464703722,-0.23510237636567338,-0.6844132059781843,0.7071067811865475,0.0,0.5457885188089201,22
7634,-0.12792277383035552,-1.2040232743295685,-0.1832315464703722,-0.23510237636567338,-0.6844132059781843,0.7071067811865475,0.0,-1.0615629010115046,36
7635,-0.12792277383035552,-1.2040232743295685,-0.1832315464703722,-0.23510237636567338,-0.6844132059781843,0.0,0.7071067811865475,-1.0615629010115046,61
7636,-0.12792277383035552,-0.8518155085983917,-0.1832315464703722,-0.23510237636567338,-0.6844132059781843,0.0,0.7071067811865475,-1.0615629010115046,38
7637,-0.12792277383035552,-0.8518155085983917,-0.1832315464703722,-0.23510237636567338,1.2129658809947248,0.7071067811865475,0.0,-1.0615629010115046,41
7638,-0.12792277383035552,-1.2040232743295685,-0.1832315464703722,-0.23510237636567338,-0.2627734088730934,0.0,0.7071067811865475,-0.6597250460563985,34
7639,-0.12792277383035552,-0.4996077428672151,-0.1832315464703722,-0.23510237636567338,-0.6844132059781843,0.7071067811865475,0.0,-0.6597250460563985,32
7640,-0.12792277383035552,0.9092233200574916,-0.1832315464703722,-0.23510237636567338,-0.4735933074256388,0.7071067811865475,0.0,-1.0615629010115046,37
7644,-0.12792277383035552,1.2614310857886681,-0.1832315464703722,-0.23510237636567338,0.15886638823199753,0.7071067811865475,0.0,0.9476263737640264,21
7645,-0.12792277383035552,-1.2040232743295685,-0.1832315464703722,-0.23510237636567338,-0.6844132059781843,0.7071067811865475,0.0,-1.0615629010115046,57
7647,-0.12792277383035552,-0.14739997713603842,-0.1832315464703722,-0.23510237636567338,-0.2627734088730934,0.7071067811865475,0.0,-0.6597250460563985,68
7648,-0.12792277383035552,-0.4996077428672151,-0.1832315464703722,-0.23510237636567338,-0.6844132059781843,0.0,0.7071067811865475,0.14395066385381394,24
7649,-0.12792277383035552,-1.2040232743295685,-0.1832315464703722,-0.23510237636567338,-0.05195351032054794,0.7071067811865475,0.0,-1.0615629010115046,46
7650,-0.12792277383035552,-0.14739997713603842,-0.1832315464703722,-0.23510237636567338,-0.4735933074256388,0.7071067811865475,0.0,-0.6597250460563985,41
7651,-0.12792277383035552,-0.8518155085983917,-0.1832315464703722,-0.23510237636567338,-0.6844132059781843,0.7071067811865475,0.0,-0.6597250460563985,30
7652,-0.12792277383035552,1.2614310857886681,-0.1832315464703722,4.013951406735165,1.0021459824421792,0.7071067811865475,0.0,1.3494642287191325,25
7653,-0.12792277383035552,0.9092233200574916,-0.1832315464703722,-0.23510237636567338,0.7913260838896339,0.7071067811865475,0.0,0.9476263737640264,24
7654,-0.12792277383035552,-0.14739997713603842,-0.1832315464703722,-0.23510237636567338,-0.4735933074256388,0.7071067811865475,0.0,-0.25788719110129227,41
7655,-0.12792277383035552,-1.2040232743295685,-0.1832315464703722,-0.23510237636567338,0.15886638823199753,0.7071067811865475,0.0,-1.0615629010115046,55
7659,-0.12792277383035552,-0.14739997713603842,-0.1832315464703722,-0.23510237636567338,-0.4735933074256388,0.7071067811865475,0.0,-0.25788719110129227,33
7660,-0.12792277383035552,-0.8518155085983917,-0.1832315464703722,-0.23510237636567338,-0.6844132059781843,0.7071067811865475,0.0,0.14395066385381394,23
7661,-0.12792277383035552,1.613638851519845,-0.1832315464703722,-0.23510237636567338,5.218543953493088,0.7071067811865475,0.0,0.5457885188089201,47
7663,-0.12792277383035552,-1.2040232743295685,-0.1832315464703722,-0.23510237636567338,-0.6844132059781843,0.7071067811865475,0.0,-1.0615629010115046,51
7667,-0.12792277383035552,-0.8518155085983917,-0.1832315464703722,-0.23510237636567338,-0.4735933074256388,0.0,0.7071067811865475,-0.25788719110129227,36
7668,-0.12792277383035552,-1.2040232743295685,-0.1832315464703722,-0.23510237636567338,-0.6844132059781843,0.0,0.7071067811865475,-1.0615629010115046,57
7669,-0.12792277383035552,-1.2040232743295685,-0.1832315464703722,-0.23510237636567338,-0.6844132059781843,0.0,0.7071067811865475,-1.0615629010115046,43
7670,-0.12792277383035552,0.9092233200574916,-0.1832315464703722,-0.23510237636567338,0.15886638823199753,0.7071067811865475,0.0,0.9476263737640264,26
7672,-0.12792277383035552,-1.2040232743295685,-0.1832315464703722,-0.23510237636567338,-0.6844132059781843,0.0,0.7071067811865475,-1.0615629010115046,47
7673,-0.12792277383035552,-1.2040232743295685,-0.1832315464703722,-0.23510237636567338,-0.4735933074256388,0.7071067811865475,0.0,-1.0615629010115046,60
7674,-0.12792277383035552,0.20480778859513823,-0.1832315464703722,-0.23510237636567338,-0.6844132059781843,0.0,0.7071067811865475,0.5457885188089201,24
7675,-0.12792277383035552,0.9092233200574916,-0.1832315464703722,-0.23510237636567338,-0.6844132059781843,0.7071067811865475,0.0,0.9476263737640264,20
7677,-0.12792277383035552,-0.4996077428672151,-0.1832315464703722,-0.23510237636567338,-0.6844132059781843,0.0,0.7071067811865475,0.14395066385381394,28
7678,-0.12792277383035552,0.9092233200574916,3.834193337419991,-0.23510237636567338,0.7913260838896339,0.7071067811865475,0.0,2.153139938629345,28
7679,-0.12792277383035552,-0.4996077428672151,-0.1832315464703722,-0.23510237636567338,-0.2627734088730934,0.0,0.7071067811865475,-1.0615629010115046,58
7681,-0.12792277383035552,-1.2040232743295685,-0.1832315464703722,-0.23510237636567338,-0.4735933074256388,0.7071067811865475,0.0,-1.0615629010115046,54
7683,-0.12792277383035552,0.9092233200574916,-0.1832315464703722,-0.23510237636567338,-0.2627734088730934,0.7071067811865475,0.0,0.14395066385381394,24
7685,-0.12792277383035552,-1.2040232743295685,-0.1832315464703722,-0.23510237636567338,-0.6844132059781843,0.0,0.7071067811865475,-1.0615629010115046,34
7686,-0.12792277383035552,-1.2040232743295685,-0.1832315464703722,-0.23510237636567338,-0.4735933074256388,0.7071067811865475,0.0,-1.0615629010115046,48
7688,-0.12792277383035552,1.2614310857886681,-0.1832315464703722,-0.23510237636567338,-0.6844132059781843,0.7071067811865475,0.0,1.3494642287191325,37
7689,-0.12792277383035552,1.2614310857886681,-0.1832315464703722,-0.23510237636567338,1.0021459824421792,0.7071067811865475,0.0,1.3494642287191325,28
7690,-0.12792277383035552,-0.4996077428672151,-0.1832315464703722,-0.23510237636567338,2.2670653737574518,0.7071067811865475,0.0,0.14395066385381394,46
7692,-0.12792277383035552,-0.14739997713603842,-0.1832315464703722,-0.23510237636567338,-0.2627734088730934,0.0,0.7071067811865475,-0.25788719110129227,45
7693,-0.12792277383035552,0.9092233200574916,-0.1832315464703722,1.8894245151847455,-0.2627734088730934,0.7071067811865475,0.0,2.153139938629345,20
7694,-0.12792277383035552,-1.2040232743295685,-0.1832315464703722,-0.23510237636567338,-0.6844132059781843,0.0,0.7071067811865475,-1.0615629010115046,52
7697,-0.12792277383035552,-0.8518155085983917,-0.1832315464703722,-0.23510237636567338,-0.6844132059781843,0.0,0.7071067811865475,-0.6597250460563985,29
7698,-0.12792277383035552,1.2614310857886681,-0.1832315464703722,8.263005189836003,1.6346056780998157,0.7071067811865475,0.0,1.7513020836742388,34
7699,-0.12792277383035552,-0.8518155085983917,-0.1832315464703722,-0.23510237636567338,-0.6844132059781843,0.7071067811865475,0.0,0.14395066385381394,24
7700,-0.12792277383035552,1.9658466172510216,-0.1832315464703722,-0.23510237636567338,0.5805061853370884,0.7071067811865475,0.0,2.554977793584451,28
7703,-0.12792277383035552,0.20480778859513823,-0.1832315464703722,-0.23510237636567338,-0.2627734088730934,0.7071067811865475,0.0,-0.25788719110129227,28
7704,-0.12792277383035552,0.9092233200574916,-0.1832315464703722,-0.23510237636567338,-0.6844132059781843,0.7071067811865475,0.0,1.3494642287191325,29
7705,-0.12792277383035552,-1.2040232743295685,-0.1832315464703722,-0.23510237636567338,-0.2627734088730934,0.7071067811865475,0.0,-1.0615629010115046,55
7706,-0.12792277383035552,-1.2040232743295685,-0.1832315464703722,-0.23510237636567338,-0.6844132059781843,0.0,0.7071067811865475,-1.0615629010115046,68
7707,-0.12792277383035552,-0.14739997713603842,-0.1832315464703722,-0.23510237636567338,-0.6844132059781843,0.7071067811865475,0.0,0.5457885188089201,22
7710,-0.12792277383035552,1.2614310857886681,-0.1832315464703722,-0.23510237636567338,-0.05195351032054794,0.7071067811865475,0.0,1.7513020836742388,24
7711,-0.12792277383035552,-0.4996077428672151,-0.1832315464703722,-0.23510237636567338,-0.6844132059781843,0.7071067811865475,0.0,0.9476263737640264,20
7712,-0.12792277383035552,0.20480778859513823,-0.1832315464703722,-0.23510237636567338,-0.6844132059781843,0.0,0.7071067811865475,0.5457885188089201,23
7714,-0.12792277383035552,-0.14739997713603842,-0.1832315464703722,-0.23510237636567338,0.5805061853370884,0.7071067811865475,0.0,-0.25788719110129227,44
7717,4.186499958852454,0.9092233200574916,-0.1832315464703722,1.8894245151847455,1.0021459824421792,0.7071067811865475,0.0,-0.25788719110129227,34
7720,-0.12792277383035552,-1.2040232743295685,-0.1832315464703722,-0.23510237636567338,-0.6844132059781843,0.0,0.7071067811865475,-1.0615629010115046,55
7721,-0.12792277383035552,0.5570155543263149,-0.1832315464703722,-0.23510237636567338,-0.6844132059781843,0.7071067811865475,0.0,0.9476263737640264,23
7722,-0.12792277383035552,1.613638851519845,-0.1832315464703722,-0.23510237636567338,-0.05195351032054794,0.7071067811865475,0.0,1.3494642287191325,23
7723,-0.12792277383035552,-0.8518155085983917,-0.1832315464703722,-0.23510237636567338,-0.6844132059781843,0.7071067811865475,0.0,-0.25788719110129227,24
7725,-0.12792277383035552,-1.2040232743295685,-0.1832315464703722,-0.23510237636567338,-0.6844132059781843,0.0,0.7071067811865475,-1.0615629010115046,77
7726,-0.12792277383035552,-0.8518155085983917,-0.1832315464703722,-0.23510237636567338,-0.05195351032054794,0.0,0.7071067811865475,-1.0615629010115046,52
7728,4.186499958852454,1.613638851519845,-0.1832315464703722,-0.23510237636567338,1.0021459824421792,0.7071067811865475,0.0,1.3494642287191325,34
7729,-0.12792277383035552,-1.2040232743295685,-0.1832315464703722,-0.23510237636567338,-0.6844132059781843,0.7071067811865475,0.0,-1.0615629010115046,39
7730,-0.12792277383035552,-0.8518155085983917,-0.1832315464703722,-0.23510237636567338,-0.2627734088730934,0.0,0.7071067811865475,-0.6597250460563985,30
7733,-0.12792277383035552,-0.8518155085983917,-0.1832315464703722,-0.23510237636567338,-0.05195351032054794,0.0,0.7071067811865475,-0.6597250460563985,30
7734,-0.12792277383035552,-0.14739997713603842,-0.1832315464703722,-0.23510237636567338,-0.6844132059781843,0.7071067811865475,0.0,-0.25788719110129227,26
7735,-0.12792277383035552,-0.8518155085983917,-0.1832315464703722,-0.23510237636567338,-0.4735933074256388,0.0,0.7071067811865475,-1.0615629010115046,51
7736,-0.12792277383035552,-0.4996077428672151,-0.1832315464703722,-0.23510237636567338,-0.2627734088730934,0.7071067811865475,0.0,-0.6597250460563985,34
7737,-0.12792277383035552,-0.8518155085983917,-0.1832315464703722,-0.23510237636567338,-0.6844132059781843,0.7071067811865475,0.0,0.14395066385381394,23
7738,-0.12792277383035552,-0.8518155085983917,-0.1832315464703722,-0.23510237636567338,-0.2627734088730934,0.7071067811865475,0.0,-1.0615629010115046,32
7740,2.0292885925110493,0.5570155543263149,9.860330663255535,-0.23510237636567338,1.0021459824421792,0.0,0.7071067811865475,0.14395066385381394,38
7741,-0.12792277383035552,0.9092233200574916,-0.1832315464703722,-0.23510237636567338,-0.6844132059781843,0.7071067811865475,0.0,1.3494642287191325,21
7742,-0.12792277383035552,0.5570155543263149,-0.1832315464703722,-0.23510237636567338,0.36968628678454296,0.7071067811865475,0.0,-0.6597250460563985,34
7744,-0.12792277383035552,-0.8518155085983917,-0.1832315464703722,-0.23510237636567338,1.0021459824421792,0.0,0.7071067811865475,-0.6597250460563985,53
7745,-0.12792277383035552,0.9092233200574916,-0.1832315464703722,-0.23510237636567338,-0.4735933074256388,0.7071067811865475,0.0,-0.25788719110129227,34
7752,-0.12792277383035552,0.9092233200574916,-0.1832315464703722,-0.23510237636567338,0.36968628678454296,0.7071067811865475,0.0,-0.25788719110129227,25
7753,-0.12792277383035552,-1.2040232743295685,-0.1832315464703722,-0.23510237636567338,-0.4735933074256388,0.0,0.7071067811865475,-1.0615629010115046,54
7754,-0.12792277383035552,-0.14739997713603842,-0.1832315464703722,-0.23510237636567338,-0.2627734088730934,0.0,0.7071067811865475,0.9476263737640264,25
7756,-0.12792277383035552,1.2614310857886681,-0.1832315464703722,-0.23510237636567338,-0.05195351032054794,0.7071067811865475,0.0,0.5457885188089201,25
7757,-0.12792277383035552,-1.2040232743295685,-0.1832315464703722,-0.23510237636567338,-0.4735933074256388,0.0,0.7071067811865475,-1.0615629010115046,34
7758,-0.12792277383035552,-1.2040232743295685,-0.1832315464703722,-0.23510237636567338,-0.6844132059781843,0.7071067811865475,0.0,-1.0615629010115046,46
7759,-0.12792277383035552,0.9092233200574916,-0.1832315464703722,1.8894245151847455,-0.6844132059781843,0.7071067811865475,0.0,1.7513020836742388,22
7760,-0.12792277383035552,1.9658466172510216,-0.1832315464703722,-0.23510237636567338,-0.2627734088730934,0.7071067811865475,0.0,1.3494642287191325,23
7762,-0.12792277383035552,0.9092233200574916,-0.1832315464703722,-0.23510237636567338,-0.4735933074256388,0.0,0.7071067811865475,0.14395066385381394,27
7763,-0.12792277383035552,-1.2040232743295685,-0.1832315464703722,-0.23510237636567338,0.7913260838896339,0.7071067811865475,0.0,-1.0615629010115046,45
7766,-0.12792277383035552,0.9092233200574916,-0.1832315464703722,-0.23510237636567338,1.2129658809947248,0.7071067811865475,0.0,0.5457885188089201,31
7768,-0.12792277383035552,-1.2040232743295685,-0.1832315464703722,-0.23510237636567338,-0.4735933074256388,0.0,0.7071067811865475,-0.6597250460563985,45
7770,2.0292885925110493,0.20480778859513823,-0.1832315464703722,-0.23510237636567338,1.845425576652361,0.7071067811865475,0.0,0.5457885188089201,28
7772,-0.12792277383035552,0.5570155543263149,-0.1832315464703722,1.8894245151847455,-0.4735933074256388,0.7071067811865475,0.0,0.14395066385381394,24
7774,-0.12792277383035552,1.9658466172510216,-0.1832315464703722,-0.23510237636567338,0.5805061853370884,0.0,0.7071067811865475,2.153139938629345,28
7775,-0.12792277383035552,-1.2040232743295685,-0.1832315464703722,-0.23510237636567338,-0.2627734088730934,0.7071067811865475,0.0,-1.0615629010115046,41
7780,-0.12792277383035552,-0.8518155085983917,-0.1832315464703722,4.013951406735165,-0.05195351032054794,0.0,0.7071067811865475,-0.6597250460563985,35
7781,2.0292885925110493,1.2614310857886681,-0.1832315464703722,-0.23510237636567338,-0.4735933074256388,0.7071067811865475,0.0,0.9476263737640264,20
7785,-0.12792277383035552,1.613638851519845,5.842905779365172,-0.23510237636567338,3.321164866520179,0.7071067811865475,0.0,0.14395066385381394,32
7786,-0.12792277383035552,0.20480778859513823,-0.1832315464703722,-0.23510237636567338,-0.2627734088730934,0.7071067811865475,0.0,1.3494642287191325,28
7788,-0.12792277383035552,0.5570155543263149,-0.1832315464703722,-0.23510237636567338,0.7913260838896339,0.7071067811865475,0.0,-0.6597250460563985,33
7790,-0.12792277383035552,1.2614310857886681,1.8254808954748094,1.8894245151847455,1.0021459824421792,0.7071067811865475,0.0,1.3494642287191325,26
7791,-0.12792277383035552,1.613638851519845,-0.1832315464703722,-0.23510237636567338,-0.4735933074256388,0.0,0.7071067811865475,1.7513020836742388,22
7792,-0.12792277383035552,0.20480778859513823,-0.1832315464703722,-0.23510237636567338,0.15886638823199753,0.7071067811865475,0.0,0.14395066385381394,25
7793,-0.12792277383035552,1.613638851519845,-0.1832315464703722,4.013951406735165,-0.6844132059781843,0.7071067811865475,0.0,2.554977793584451,21
7794,-0.12792277383035552,-0.8518155085983917,-0.1832315464703722,4.013951406735165,-0.4735933074256388,0.0,0.7071067811865475,-0.25788719110129227,23
7796,-0.12792277383035552,1.2614310857886681,-0.1832315464703722,-0.23510237636567338,-0.2627734088730934,0.7071067811865475,0.0,0.14395066385381394,30
7799,-0.12792277383035552,1.2614310857886681,-0.1832315464703722,-0.23510237636567338,1.6346056780998157,0.0,0.7071067811865475,1.3494642287191325,25
7804,-0.12792277383035552,0.5570155543263149,-0.1832315464703722,-0.23510237636567338,-0.05195351032054794,0.7071067811865475,0.0,0.14395066385381394,33
7806,-0.12792277383035552,-0.4996077428672151,-0.1832315464703722,-0.23510237636567338,-0.05195351032054794,0.0,0.7071067811865475,-0.6597250460563985,35
7807,-0.12792277383035552,1.2614310857886681,-0.1832315464703722,-0.23510237636567338,2.0562454752049066,0.7071067811865475,0.0,-0.25788719110129227,34
7808,-0.12792277383035552,-0.8518155085983917,-0.1832315464703722,-0.23510237636567338,-0.2627734088730934,0.7071067811865475,0.0,0.14395066385381394,37
7809,-0.12792277383035552,0.9092233200574916,-0.1832315464703722,-0.23510237636567338,-0.6844132059781843,0.7071067811865475,0.0,0.5457885188089201,55
7811,-0.12792277383035552,-1.2040232743295685,-0.1832315464703722,-0.23510237636567338,-0.4735933074256388,0.0,0.7071067811865475,-1.0615629010115046,43
7812,-0.12792277383035552,1.9658466172510216,9.860330663255535,1.8894245151847455,5.007724054940543,0.0,0.7071067811865475,2.153139938629345,27
7813,-0.12792277383035552,0.5570155543263149,-0.1832315464703722,-0.23510237636567338,0.7913260838896339,0.7071067811865475,0.0,0.9476263737640264,26
7815,-0.12792277383035552,0.5570155543263149,-0.1832315464703722,-0.23510237636567338,0.15886638823199753,0.0,0.7071067811865475,-0.25788719110129227,42
7817,-0.12792277383035552,-0.8518155085983917,-0.1832315464703722,-0.23510237636567338,-0.6844132059781843,0.0,0.7071067811865475,-0.25788719110129227,27
7818,-0.12792277383035552,0.20480778859513823,-0.1832315464703722,-0.23510237636567338,-0.4735933074256388,0.7071067811865475,0.0,1.3494642287191325,41
7819,-0.12792277383035552,1.613638851519845,1.8254808954748094,-0.23510237636567338,-0.2627734088730934,0.0,0.7071067811865475,1.3494642287191325,21
7820,-0.12792277383035552,-0.8518155085983917,-0.1832315464703722,-0.23510237636567338,0.15886638823199753,0.0,0.7071067811865475,-0.6597250460563985,30
7821,-0.12792277383035552,1.2614310857886681,-0.1832315464703722,-0.23510237636567338,-0.4735933074256388,0.7071067811865475,0.0,-0.25788719110129227,30
7823,-0.12792277383035552,1.613638851519845,-0.1832315464703722,-0.23510237636567338,-0.6844132059781843,0.7071067811865475,0.0,-0.6597250460563985,45
7825,-0.12792277383035552,1.2614310857886681,-0.1832315464703722,-0.23510237636567338,-0.2627734088730934,0.7071067811865475,0.0,1.7513020836742388,23
7830,-0.12792277383035552,0.20480778859513823,-0.1832315464703722,-0.23510237636567338,-0.2627734088730934,0.7071067811865475,0.0,0.14395066385381394,31
7832,-0.12792277383035552,0.5570155543263149,-0.1832315464703722,-0.23510237636567338,1.0021459824421792,0.0,0.7071067811865475,0.14395066385381394,40
7834,-0.12792277383035552,-0.8518155085983917,-0.1832315464703722,-0.23510237636567338,-0.4735933074256388,0.7071067811865475,0.0,-1.0615629010115046,33
7835,-0.12792277383035552,-0.4996077428672151,-0.1832315464703722,-0.23510237636567338,1.6346056780998157,0.0,0.7071067811865475,-0.6597250460563985,40
7837,-0.12792277383035552,-0.8518155085983917,-0.1832315464703722,-0.23510237636567338,-0.4735933074256388,0.7071067811865475,0.0,-1.0615629010115046,56
7838,-0.12792277383035552,-0.4996077428672151,-0.1832315464703722,-0.23510237636567338,-0.6844132059781843,0.0,0.7071067811865475,0.5457885188089201,21
7842,-0.12792277383035552,-1.2040232743295685,-0.1832315464703722,-0.23510237636567338,0.15886638823199753,0.7071067811865475,0.0,-0.6597250460563985,51
7843,-0.12792277383035552,-1.2040232743295685,-0.1832315464703722,-0.23510237636567338,-0.6844132059781843,0.0,0.7071067811865475,-1.0615629010115046,36
7846,-0.12792277383035552,0.5570155543263149,-0.1832315464703722,-0.23510237636567338,-0.05195351032054794,0.7071067811865475,0.0,0.14395066385381394,25
7847,-0.12792277383035552,-1.2040232743295685,-0.1832315464703722,-0.23510237636567338,-0.6844132059781843,0.0,0.7071067811865475,-0.6597250460563985,30
7848,-0.12792277383035552,0.20480778859513823,-0.1832315464703722,-0.23510237636567338,-0.6844132059781843,0.7071067811865475,0.0,0.9476263737640264,21
7850,-0.12792277383035552,-0.8518155085983917,1.8254808954748094,1.8894245151847455,-0.2627734088730934,0.7071067811865475,0.0,-0.25788719110129227,25
7851,-0.12792277383035552,-0.8518155085983917,-0.1832315464703722,-0.23510237636567338,-0.6844132059781843,0.7071067811865475,0.0,-0.6597250460563985,38
7853,-0.12792277383035552,-0.8518155085983917,-0.1832315464703722,-0.23510237636567338,-0.05195351032054794,0.0,0.7071067811865475,-1.0615629010115046,41
7856,-0.12792277383035552,0.9092233200574916,-0.1832315464703722,-0.23510237636567338,-0.6844132059781843,0.7071067811865475,0.0,0.9476263737640264,22
7859,-0.12792277383035552,0.5570155543263149,-0.1832315464703722,-0.23510237636567338,1.0021459824421792,0.7071067811865475,0.0,0.9476263737640264,29
7862,-0.12792277383035552,-0.4996077428672151,-0.1832315464703722,-0.23510237636567338,-0.6844132059781843,0.7071067811865475,0.0,0.9476263737640264,21
7864,-0.12792277383035552,-1.2040232743295685,-0.1832315464703722,-0.23510237636567338,-0.2627734088730934,0.7071067811865475,0.0,-1.0615629010115046,40
7867,-0.12792277383035552,-0.4996077428672151,-0.1832315464703722,-0.23510237636567338,-0.2627734088730934,0.7071067811865475,0.0,-0.6597250460563985,37
7868,-0.12792277383035552,-0.4996077428672151,-0.1832315464703722,-0.23510237636567338,-0.6844132059781843,0.7071067811865475,0.0,-0.6597250460563985,37
7869,-0.12792277383035552,0.20480778859513823,-0.1832315464703722,-0.23510237636567338,-0.2627734088730934,0.7071067811865475,0.0,0.5457885188089201,23
7870,-0.12792277383035552,-1.2040232743295685,-0.1832315464703722,-0.23510237636567338,-0.6844132059781843,0.7071067811865475,0.0,-1.0615629010115046,55
7871,-0.12792277383035552,-0.14739997713603842,-0.1832315464703722,-0.23510237636567338,-0.4735933074256388,0.7071067811865475,0.0,1.3494642287191325,19
7874,-0.12792277383035552,-0.8518155085983917,-0.1832315464703722,-0.23510237636567338,-0.4735933074256388,0.7071067811865475,0.0,-0.25788719110129227,26
7881,-0.12792277383035552,-0.4996077428672151,-0.1832315464703722,-0.23510237636567338,-0.6844132059781843,0.0,0.7071067811865475,0.5457885188089201,25
7884,-0.12792277383035552,-0.8518155085983917,-0.1832315464703722,-0.23510237636567338,2.8995250694150885,0.7071067811865475,0.0,-1.0615629010115046,39
7889,-0.12792277383035552,-0.4996077428672151,-0.1832315464703722,-0.23510237636567338,-0.6844132059781843,0.7071067811865475,0.0,0.5457885188089201,36
7890,-0.12792277383035552,1.2614310857886681,-0.1832315464703722,-0.23510237636567338,0.5805061853370884,0.0,0.7071067811865475,0.9476263737640264,26
7891,-0.12792277383035552,-1.2040232743295685,-0.1832315464703722,-0.23510237636567338,1.0021459824421792,0.0,0.7071067811865475,-1.0615629010115046,51
7894,-0.12792277383035552,1.2614310857886681,-0.1832315464703722,-0.23510237636567338,-0.6844132059781843,0.7071067811865475,0.0,1.7513020836742388,20
7895,-0.12792277383035552,-1.2040232743295685,-0.1832315464703722,-0.23510237636567338,-0.6844132059781843,0.0,0.7071067811865475,-1.0615629010115046,43
7896,-0.12792277383035552,0.9092233200574916,-0.1832315464703722,-0.23510237636567338,-0.6844132059781843,0.7071067811865475,0.0,0.9476263737640264,22
7897,-0.12792277383035552,0.20480778859513823,-0.1832315464703722,-0.23510237636567338,-0.6844132059781843,0.0,0.7071067811865475,-0.25788719110129227,24
7898,-0.12792277383035552,-0.4996077428672151,-0.1832315464703722,-0.23510237636567338,-0.2627734088730934,0.7071067811865475,0.0,-0.6597250460563985,35
7902,-0.12792277383035552,-1.2040232743295685,-0.1832315464703722,-0.23510237636567338,-0.6844132059781843,0.0,0.7071067811865475,-1.0615629010115046,55
7903,-0.12792277383035552,-1.2040232743295685,-0.1832315464703722,-0.23510237636567338,-0.6844132059781843,0.0,0.7071067811865475,-1.0615629010115046,52
7904,-0.12792277383035552,1.613638851519845,-0.1832315464703722,-0.23510237636567338,-0.6844132059781843,0.0,0.7071067811865475,0.9476263737640264,33
7905,-0.12792277383035552,-1.2040232743295685,-0.1832315464703722,-0.23510237636567338,-0.6844132059781843,0.7071067811865475,0.0,-0.6597250460563985,30
7906,-0.12792277383035552,0.20480778859513823,-0.1832315464703722,-0.23510237636567338,-0.05195351032054794,0.7071067811865475,0.0,-0.6597250460563985,32
7908,2.0292885925110493,1.613638851519845,3.834193337419991,-0.23510237636567338,0.36968628678454296,0.7071067811865475,0.0,2.153139938629345,20
7909,-0.12792277383035552,-0.14739997713603842,-0.1832315464703722,-0.23510237636567338,1.0021459824421792,0.7071067811865475,0.0,-0.6597250460563985,67
7910,-0.12792277383035552,-0.14739997713603842,-0.1832315464703722,-0.23510237636567338,0.7913260838896339,0.0,0.7071067811865475,-0.6597250460563985,31
7912,-0.12792277383035552,-0.14739997713603842,-0.1832315464703722,-0.23510237636567338,-0.6844132059781843,0.7071067811865475,0.0,0.9476263737640264,21
7913,-0.12792277383035552,1.2614310857886681,-0.1832315464703722,-0.23510237636567338,0.15886638823199753,0.0,0.7071067811865475,0.14395066385381394,30
7914,-0.12792277383035552,-1.2040232743295685,-0.1832315464703722,-0.23510237636567338,-0.6844132059781843,0.0,0.7071067811865475,-1.0615629010115046,55
7915,-0.12792277383035552,-0.8518155085983917,-0.1832315464703722,-0.23510237636567338,-0.6844132059781843,0.7071067811865475,0.0,-0.25788719110129227,25
7916,-0.12792277383035552,0.9092233200574916,-0.1832315464703722,-0.23510237636567338,-0.6844132059781843,0.7071067811865475,0.0,0.5457885188089201,25
7919,-0.12792277383035552,1.2614310857886681,-0.1832315464703722,-0.23510237636567338,1.4237857795472701,0.7071067811865475,0.0,1.7513020836742388,27
7920,-0.12792277383035552,-0.14739997713603842,-0.1832315464703722,-0.23510237636567338,-0.6844132059781843,0.7071067811865475,0.0,0.5457885188089201,22
7922,-0.12792277383035552,0.5570155543263149,-0.1832315464703722,-0.23510237636567338,1.0021459824421792,0.7071067811865475,0.0,0.14395066385381394,37
7923,-0.12792277383035552,0.9092233200574916,-0.1832315464703722,-0.23510237636567338,0.7913260838896339,0.7071067811865475,0.0,0.9476263737640264,68
7928,-0.12792277383035552,0.5570155543263149,-0.1832315464703722,-0.23510237636567338,-0.6844132059781843,0.7071067811865475,0.0,-0.25788719110129227,37
7930,-0.12792277383035552,0.20480778859513823,-0.1832315464703722,-0.23510237636567338,0.36968628678454296,0.0,0.7071067811865475,0.14395066385381394,22
7931,-0.12792277383035552,-0.8518155085983917,-0.1832315464703722,-0.23510237636567338,0.15886638823199753,0.0,0.7071067811865475,-0.6597250460563985,30
7932,-0.12792277383035552,-0.8518155085983917,-0.1832315464703722,-0.23510237636567338,-0.4735933074256388,0.0,0.7071067811865475,-0.6597250460563985,34
7935,-0.12792277383035552,-1.2040232743295685,-0.1832315464703722,-0.23510237636567338,-0.6844132059781843,0.0,0.7071067811865475,-0.6597250460563985,28
7936,-0.12792277383035552,0.20480778859513823,-0.1832315464703722,-0.23510237636567338,0.15886638823199753,0.0,0.7071067811865475,0.5457885188089201,37
7942,-0.12792277383035552,1.2614310857886681,-0.1832315464703722,-0.23510237636567338,1.0021459824421792,0.7071067811865475,0.0,0.14395066385381394,41
7943,-0.12792277383035552,-1.2040232743295685,-0.1832315464703722,-0.23510237636567338,-0.6844132059781843,0.0,0.7071067811865475,-1.0615629010115046,52
7944,-0.12792277383035552,-1.2040232743295685,-0.1832315464703722,-0.23510237636567338,-0.2627734088730934,0.0,0.7071067811865475,-1.0615629010115046,36
7945,-0.12792277383035552,-0.8518155085983917,-0.1832315464703722,-0.23510237636567338,-0.2627734088730934,0.7071067811865475,0.0,-0.25788719110129227,26
7946,-0.12792277383035552,-0.8518155085983917,-0.1832315464703722,-0.23510237636567338,-0.6844132059781843,0.7071067811865475,0.0,-0.25788719110129227,24
7948,-0.12792277383035552,0.5570155543263149,-0.1832315464703722,-0.23510237636567338,-0.6844132059781843,0.7071067811865475,0.0,1.3494642287191325,27
7949,-0.12792277383035552,-1.2040232743295685,-0.1832315464703722,-0.23510237636567338,-0.6844132059781843,0.0,0.7071067811865475,-1.0615629010115046,37
7953,-0.12792277383035552,-0.4996077428672151,-0.1832315464703722,-0.23510237636567338,-0.4735933074256388,0.7071067811865475,0.0,-0.6597250460563985,37
7955,-0.12792277383035552,0.9092233200574916,-0.1832315464703722,-0.23510237636567338,-0.05195351032054794,0.7071067811865475,0.0,0.5457885188089201,23
7958,-0.12792277383035552,-0.8518155085983917,-0.1832315464703722,-0.23510237636567338,0.36968628678454296,0.0,0.7071067811865475,-1.0615629010115046,58
7960,-0.12792277383035552,-1.2040232743295685,-0.1832315464703722,-0.23510237636567338,-0.4735933074256388,0.0,0.7071067811865475,-1.0615629010115046,62
7962,-0.12792277383035552,-1.2040232743295685,-0.1832315464703722,-0.23510237636567338,-0.6844132059781843,0.7071067811865475,0.0,-1.0615629010115046,41
7963,-0.12792277383035552,-1.2040232743295685,-0.1832315464703722,-0.23510237636567338,-0.6844132059781843,0.0,0.7071067811865475,-1.0615629010115046,33
7964,-0.12792277383035552,-1.2040232743295685,-0.1832315464703722,-0.23510237636567338,-0.6844132059781843,0.0,0.7071067811865475,-1.0615629010115046,33
7966,8.500922691535264,1.9658466172510216,-0.1832315464703722,-0.23510237636567338,1.845425576652361,0.7071067811865475,0.0,1.3494642287191325,33
7968,-0.12792277383035552,0.5570155543263149,-0.1832315464703722,-0.23510237636567338,2.2670653737574518,0.7071067811865475,0.0,-0.25788719110129227,41
7969,-0.12792277383035552,-0.4996077428672151,-0.1832315464703722,-0.23510237636567338,-0.6844132059781843,0.7071067811865475,0.0,0.5457885188089201,22
7971,-0.12792277383035552,0.20480778859513823,-0.1832315464703722,-0.23510237636567338,-0.05195351032054794,0.7071067811865475,0.0,-0.25788719110129227,26
7972,-0.12792277383035552,-1.2040232743295685,-0.1832315464703722,-0.23510237636567338,-0.6844132059781843,0.7071067811865475,0.0,-1.0615629010115046,33
7973,-0.12792277383035552,0.5570155543263149,-0.1832315464703722,-0.23510237636567338,-0.6844132059781843,0.0,0.7071067811865475,0.5457885188089201,25
7974,-0.12792277383035552,-1.2040232743295685,-0.1832315464703722,-0.23510237636567338,-0.6844132059781843,0.0,0.7071067811865475,-1.0615629010115046,37
7975,17.129768156900884,1.9658466172510216,3.834193337419991,-0.23510237636567338,1.6346056780998157,0.7071067811865475,0.0,2.153139938629345,23
7977,-0.12792277383035552,1.613638851519845,-0.1832315464703722,-0.23510237636567338,-0.6844132059781843,0.0,0.7071067811865475,2.153139938629345,21
7979,-0.12792277383035552,0.5570155543263149,-0.1832315464703722,-0.23510237636567338,3.7428046636252703,0.7071067811865475,0.0,-1.0615629010115046,45
7981,2.0292885925110493,0.9092233200574916,11.869043105200717,-0.23510237636567338,2.0562454752049066,0.7071067811865475,0.0,-0.25788719110129227,37
7983,-0.12792277383035552,-0.14739997713603842,-0.1832315464703722,-0.23510237636567338,-0.2627734088730934,0.0,0.7071067811865475,1.3494642287191325,24
7985,-0.12792277383035552,-0.14739997713603842,-0.1832315464703722,-0.23510237636567338,-0.6844132059781843,0.7071067811865475,0.0,-0.25788719110129227,35
7986,-0.12792277383035552,-0.14739997713603842,-0.1832315464703722,-0.23510237636567338,-0.6844132059781843,0.7071067811865475,0.0,0.5457885188089201,22
7987,8.500922691535264,1.613638851519845,1.8254808954748094,-0.23510237636567338,1.4237857795472701,0.7071067811865475,0.0,0.5457885188089201,29
7988,4.186499958852454,-0.4996077428672151,-0.1832315464703722,-0.23510237636567338,0.5805061853370884,0.7071067811865475,0.0,-0.6597250460563985,41
7994,-0.12792277383035552,-0.8518155085983917,-0.1832315464703722,-0.23510237636567338,1.0021459824421792,0.7071067811865475,0.0,-0.6597250460563985,37
7997,2.0292885925110493,1.2614310857886681,-0.1832315464703722,-0.23510237636567338,3.321164866520179,0.7071067811865475,0.0,-0.25788719110129227,51
8000,-0.12792277383035552,-0.4996077428672151,-0.1832315464703722,-0.23510237636567338,-0.4735933074256388,0.7071067811865475,0.0,-0.25788719110129227,26
8002,-0.12792277383035552,0.9092233200574916,-0.1832315464703722,-0.23510237636567338,-0.2627734088730934,0.0,0.7071067811865475,0.9476263737640264,46
8003,-0.12792277383035552,-1.2040232743295685,-0.1832315464703722,-0.23510237636567338,-0.6844132059781843,0.7071067811865475,0.0,-1.0615629010115046,41
8004,-0.12792277383035552,0.5570155543263149,-0.1832315464703722,6.138478298285584,1.2129658809947248,0.7071067811865475,0.0,0.14395066385381394,31
8007,-0.12792277383035552,1.613638851519845,-0.1832315464703722,-0.23510237636567338,-0.2627734088730934,0.7071067811865475,0.0,2.153139938629345,25
8008,-0.12792277383035552,0.20480778859513823,-0.1832315464703722,-0.23510237636567338,-0.4735933074256388,0.0,0.7071067811865475,-0.6597250460563985,27
8009,2.0292885925110493,1.613638851519845,1.8254808954748094,1.8894245151847455,2.0562454752049066,0.7071067811865475,0.0,1.7513020836742388,31
8010,-0.12792277383035552,-0.14739997713603842,-0.1832315464703722,-0.23510237636567338,-0.6844132059781843,0.0,0.7071067811865475,0.14395066385381394,23
8014,-0.12792277383035552,-0.4996077428672151,-0.1832315464703722,-0.23510237636567338,0.7913260838896339,0.0,0.7071067811865475,-1.0615629010115046,52
8016,-0.12792277383035552,0.5570155543263149,-0.1832315464703722,-0.23510237636567338,0.5805061853370884,0.7071067811865475,0.0,-0.25788719110129227,29
8018,-0.12792277383035552,0.9092233200574916,-0.1832315464703722,-0.23510237636567338,1.4237857795472701,0.7071067811865475,0.0,0.5457885188089201,40
8019,-0.12792277383035552,-0.8518155085983917,-0.1832315464703722,-0.23510237636567338,-0.6844132059781843,0.7071067811865475,0.0,-0.6597250460563985,49
8021,-0.12792277383035552,-0.8518155085983917,-0.1832315464703722,-0.23510237636567338,1.0021459824421792,0.7071067811865475,0.0,-1.0615629010115046,49
8022,-0.12792277383035552,0.20480778859513823,-0.1832315464703722,-0.23510237636567338,-0.05195351032054794,0.7071067811865475,0.0,-0.25788719110129227,24
8023,-0.12792277383035552,-0.4996077428672151,-0.1832315464703722,-0.23510237636567338,0.7913260838896339,0.0,0.7071067811865475,-0.6597250460563985,41
8024,-0.12792277383035552,0.20480778859513823,-0.1832315464703722,-0.23510237636567338,-0.05195351032054794,0.0,0.7071067811865475,0.14395066385381394,27
8026,-0.12792277383035552,-1.2040232743295685,-0.1832315464703722,-0.23510237636567338,-0.4735933074256388,0.7071067811865475,0.0,-1.0615629010115046,40
8027,-0.12792277383035552,-1.2040232743295685,-0.1832315464703722,-0.23510237636567338,-0.6844132059781843,0.0,0.7071067811865475,-1.0615629010115046,47
8028,-0.12792277383035552,1.9658466172510216,-0.1832315464703722,-0.23510237636567338,-0.6844132059781843,0.7071067811865475,0.0,2.153139938629345,20
8030,-0.12792277383035552,1.2614310857886681,-0.1832315464703722,-0.23510237636567338,-0.2627734088730934,0.0,0.7071067811865475,1.7513020836742388,21
8031,-0.12792277383035552,1.2614310857886681,-0.1832315464703722,-0.23510237636567338,1.0021459824421792,0.0,0.7071067811865475,0.5457885188089201,44
8032,-0.12792277383035552,-1.2040232743295685,-0.1832315464703722,-0.23510237636567338,-0.6844132059781843,0.0,0.7071067811865475,-1.0615629010115046,41
8035,-0.12792277383035552,1.613638851519845,1.8254808954748094,-0.23510237636567338,0.36968628678454296,0.0,0.7071067811865475,-0.25788719110129227,31
8036,-0.12792277383035552,-1.2040232743295685,-0.1832315464703722,-0.23510237636567338,-0.4735933074256388,0.0,0.7071067811865475,-1.0615629010115046,42
8038,-0.12792277383035552,-1.2040232743295685,-0.1832315464703722,-0.23510237636567338,-0.6844132059781843,0.7071067811865475,0.0,-1.0615629010115046,67
8039,-0.12792277383035552,-0.8518155085983917,-0.1832315464703722,-0.23510237636567338,-0.4735933074256388,0.0,0.7071067811865475,-1.0615629010115046,42
8040,-0.12792277383035552,-0.4996077428672151,-0.1832315464703722,-0.23510237636567338,-0.6844132059781843,0.7071067811865475,0.0,0.14395066385381394,25
8041,-0.12792277383035552,-0.14739997713603842,-0.1832315464703722,1.8894245151847455,0.5805061853370884,0.7071067811865475,0.0,0.5457885188089201,27
8042,-0.12792277383035552,-1.2040232743295685,-0.1832315464703722,-0.23510237636567338,-0.2627734088730934,0.0,0.7071067811865475,-1.0615629010115046,43
8045,-0.12792277383035552,1.613638851519845,-0.1832315464703722,-0.23510237636567338,0.5805061853370884,0.7071067811865475,0.0,0.9476263737640264,23
8046,-0.12792277383035552,1.9658466172510216,-0.1832315464703722,1.8894245151847455,2.0562454752049066,0.7071067811865475,0.0,2.554977793584451,27
8047,-0.12792277383035552,-0.8518155085983917,1.8254808954748094,-0.23510237636567338,-0.2627734088730934,0.7071067811865475,0.0,0.14395066385381394,23
8048,-0.12792277383035552,-0.4996077428672151,-0.1832315464703722,-0.23510237636567338,-0.2627734088730934,0.7071067811865475,0.0,-1.0615629010115046,33
8049,-0.12792277383035552,-1.2040232743295685,-0.1832315464703722,-0.23510237636567338,-0.6844132059781843,0.0,0.7071067811865475,-1.0615629010115046,41
8050,-0.12792277383035552,-0.8518155085983917,-0.1832315464703722,-0.23510237636567338,-0.4735933074256388,0.7071067811865475,0.0,-1.0615629010115046,31
8053,-0.12792277383035552,0.9092233200574916,-0.1832315464703722,-0.23510237636567338,-0.2627734088730934,0.7071067811865475,0.0,1.7513020836742388,21
8054,-0.12792277383035552,-0.14739997713603842,-0.1832315464703722,-0.23510237636567338,0.36968628678454296,0.7071067811865475,0.0,-1.0615629010115046,53
8056,-0.12792277383035552,-1.2040232743295685,-0.1832315464703722,-0.23510237636567338,-0.4735933074256388,0.0,0.7071067811865475,-1.0615629010115046,36
8059,-0.12792277383035552,-0.4996077428672151,-0.1832315464703722,-0.23510237636567338,1.4237857795472701,0.0,0.7071067811865475,-1.0615629010115046,58
8060,-0.12792277383035552,-1.2040232743295685,-0.1832315464703722,-0.23510237636567338,-0.6844132059781843,0.7071067811865475,0.0,-1.0615629010115046,62
8061,-0.12792277383035552,0.5570155543263149,-0.1832315464703722,-0.23510237636567338,0.15886638823199753,0.7071067811865475,0.0,-0.25788719110129227,25
8062,-0.12792277383035552,1.2614310857886681,-0.1832315464703722,-0.23510237636567338,2.4778852723099973,0.7071067811865475,0.0,0.14395066385381394,51
8063,-0.12792277383035552,-0.8518155085983917,-0.1832315464703722,-0.23510237636567338,-0.2627734088730934,0.7071067811865475,0.0,-1.0615629010115046,46
8065,-0.12792277383035552,-0.8518155085983917,-0.1832315464703722,-0.23510237636567338,0.15886638823199753,0.0,0.7071067811865475,-0.6597250460563985,28
8066,-0.12792277383035552,-0.4996077428672151,-0.1832315464703722,-0.23510237636567338,-0.2627734088730934,0.7071067811865475,0.0,0.14395066385381394,24
8068,-0.12792277383035552,1.2614310857886681,-0.1832315464703722,-0.23510237636567338,0.5805061853370884,0.7071067811865475,0.0,1.7513020836742388,32
8072,2.0292885925110493,1.613638851519845,-0.1832315464703722,-0.23510237636567338,-0.2627734088730934,0.7071067811865475,0.0,2.554977793584451,23
8078,-0.12792277383035552,-1.2040232743295685,-0.1832315464703722,-0.23510237636567338,-0.6844132059781843,0.0,0.7071067811865475,-1.0615629010115046,58
8082,-0.12792277383035552,1.2614310857886681,-0.1832315464703722,-0.23510237636567338,1.0021459824421792,0.7071067811865475,0.0,0.9476263737640264,59
8085,-0.12792277383035552,0.9092233200574916,-0.1832315464703722,-0.23510237636567338,-0.6844132059781843,0.7071067811865475,0.0,2.153139938629345,20
8087,-0.12792277383035552,-1.2040232743295685,-0.1832315464703722,-0.23510237636567338,-0.6844132059781843,0.0,0.7071067811865475,-1.0615629010115046,57
8090,-0.12792277383035552,-0.8518155085983917,-0.1832315464703722,-0.23510237636567338,-0.4735933074256388,0.7071067811865475,0.0,-1.0615629010115046,37
8091,-0.12792277383035552,-1.2040232743295685,-0.1832315464703722,-0.23510237636567338,-0.6844132059781843,0.7071067811865475,0.0,-1.0615629010115046,43
8093,-0.12792277383035552,0.20480778859513823,-0.1832315464703722,-0.23510237636567338,-0.4735933074256388,0.0,0.7071067811865475,-1.0615629010115046,36
8094,-0.12792277383035552,-1.2040232743295685,-0.1832315464703722,-0.23510237636567338,-0.6844132059781843,0.0,0.7071067811865475,-1.0615629010115046,59
8095,-0.12792277383035552,-0.8518155085983917,-0.1832315464703722,-0.23510237636567338,0.15886638823199753,0.7071067811865475,0.0,-0.6597250460563985,35
8097,-0.12792277383035552,0.20480778859513823,-0.1832315464703722,-0.23510237636567338,0.36968628678454296,0.7071067811865475,0.0,0.14395066385381394,29
8098,-0.12792277383035552,0.20480778859513823,-0.1832315464703722,-0.23510237636567338,-0.6844132059781843,0.0,0.7071067811865475,0.9476263737640264,21
8099,-0.12792277383035552,-1.2040232743295685,-0.1832315464703722,-0.23510237636567338,-0.6844132059781843,0.0,0.7071067811865475,-0.6597250460563985,28
8100,-0.12792277383035552,-0.4996077428672151,-0.1832315464703722,-0.23510237636567338,0.36968628678454296,0.0,0.7071067811865475,-0.6597250460563985,34
8104,-0.12792277383035552,0.5570155543263149,-0.1832315464703722,-0.23510237636567338,2.688705170862543,0.7071067811865475,0.0,-0.6597250460563985,42
8105,-0.12792277383035552,1.613638851519845,3.834193337419991,1.8894245151847455,-0.05195351032054794,0.7071067811865475,0.0,0.9476263737640264,21
8106,-0.12792277383035552,-1.2040232743295685,-0.1832315464703722,-0.23510237636567338,-0.4735933074256388,0.7071067811865475,0.0,-1.0615629010115046,69
8107,-0.12792277383035552,-1.2040232743295685,-0.1832315464703722,-0.23510237636567338,-0.4735933074256388,0.0,0.7071067811865475,-1.0615629010115046,49
8110,-0.12792277383035552,0.20480778859513823,-0.1832315464703722,-0.23510237636567338,-0.6844132059781843,0.0,0.7071067811865475,0.5457885188089201,24
8111,-0.12792277383035552,1.2614310857886681,-0.1832315464703722,-0.23510237636567338,0.15886638823199753,0.7071067811865475,0.0,0.5457885188089201,27
8112,-0.12792277383035552,-1.2040232743295685,-0.1832315464703722,-0.23510237636567338,-0.4735933074256388,0.0,0.7071067811865475,-1.0615629010115046,55
8114,4.186499958852454,1.2614310857886681,-0.1832315464703722,-0.23510237636567338,0.7913260838896339,0.0,0.7071067811865475,1.3494642287191325,24
8116,-0.12792277383035552,-0.14739997713603842,-0.1832315464703722,-0.23510237636567338,-0.4735933074256388,0.7071067811865475,0.0,0.9476263737640264,21
8117,-0.12792277383035552,0.5570155543263149,-0.1832315464703722,-0.23510237636567338,-0.6844132059781843,0.7071067811865475,0.0,1.3494642287191325,28
8118,-0.12792277383035552,0.5570155543263149,-0.1832315464703722,-0.23510237636567338,0.15886638823199753,0.0,0.7071067811865475,0.9476263737640264,34
8119,-0.12792277383035552,0.20480778859513823,-0.1832315464703722,-0.23510237636567338,-0.2627734088730934,0.7071067811865475,0.0,-0.25788719110129227,27
8120,6.343711325193859,1.9658466172510216,-0.1832315464703722,-0.23510237636567338,1.845425576652361,0.0,0.7071067811865475,2.153139938629345,37
8125,-0.12792277383035552,-0.14739997713603842,-0.1832315464703722,-0.23510237636567338,-0.6844132059781843,0.7071067811865475,0.0,0.5457885188089201,23
8129,-0.12792277383035552,1.613638851519845,-0.1832315464703722,1.8894245151847455,0.36968628678454296,0.7071067811865475,0.0,0.5457885188089201,27
8130,-0.12792277383035552,-1.2040232743295685,-0.1832315464703722,-0.23510237636567338,-0.4735933074256388,0.7071067811865475,0.0,-1.0615629010115046,50
8132,-0.12792277383035552,0.20480778859513823,1.8254808954748094,4.013951406735165,-0.4735933074256388,0.7071067811865475,0.0,1.3494642287191325,22
8133,-0.12792277383035552,0.5570155543263149,-0.1832315464703722,-0.23510237636567338,-0.4735933074256388,0.7071067811865475,0.0,0.5457885188089201,43
8134,-0.12792277383035552,0.9092233200574916,-0.1832315464703722,-0.23510237636567338,-0.6844132059781843,0.0,0.7071067811865475,0.5457885188089201,29
8135,-0.12792277383035552,-0.8518155085983917,-0.1832315464703722,-0.23510237636567338,-0.4735933074256388,0.7071067811865475,0.0,-1.0615629010115046,50
8136,-0.12792277383035552,-1.2040232743295685,-0.1832315464703722,-0.23510237636567338,-0.4735933074256388,0.7071067811865475,0.0,-1.0615629010115046,61
8137,-0.12792277383035552,-1.2040232743295685,-0.1832315464703722,-0.23510237636567338,-0.4735933074256388,0.7071067811865475,0.0,-0.6597250460563985,34
8140,6.343711325193859,1.9658466172510216,-0.1832315464703722,-0.23510237636567338,2.688705170862543,0.7071067811865475,0.0,1.7513020836742388,31
8141,-0.12792277383035552,-0.14739997713603842,-0.1832315464703722,-0.23510237636567338,-0.6844132059781843,0.7071067811865475,0.0,0.5457885188089201,21
8142,-0.12792277383035552,0.20480778859513823,-0.1832315464703722,1.8894245151847455,-0.4735933074256388,0.7071067811865475,0.0,0.14395066385381394,23
8143,-0.12792277383035552,-1.2040232743295685,-0.1832315464703722,-0.23510237636567338,-0.4735933074256388,0.7071067811865475,0.0,-1.0615629010115046,45
8145,-0.12792277383035552,1.2614310857886681,-0.1832315464703722,-0.23510237636567338,-0.4735933074256388,0.0,0.7071067811865475,0.9476263737640264,24
8146,-0.12792277383035552,1.613638851519845,-0.1832315464703722,-0.23510237636567338,-0.4735933074256388,0.7071067811865475,0.0,1.3494642287191325,30
8147,-0.12792277383035552,1.2614310857886681,11.869043105200717,10.387532081386421,2.8995250694150885,0.7071067811865475,0.0,1.3494642287191325,32
8148,-0.12792277383035552,-1.2040232743295685,-0.1832315464703722,-0.23510237636567338,-0.6844132059781843,0.0,0.7071067811865475,-1.0615629010115046,61
8149,-0.12792277383035552,-0.4996077428672151,-0.1832315464703722,-0.23510237636567338,-0.05195351032054794,0.0,0.7071067811865475,-0.25788719110129227,27
8151,-0.12792277383035552,-0.8518155085983917,-0.1832315464703722,-0.23510237636567338,-0.2627734088730934,0.0,0.7071067811865475,-1.0615629010115046,41
8153,-0.12792277383035552,-1.2040232743295685,-0.1832315464703722,-0.23510237636567338,-0.6844132059781843,0.0,0.7071067811865475,-1.0615629010115046,60
8154,-0.12792277383035552,1.2614310857886681,-0.1832315464703722,-0.23510237636567338,-0.4735933074256388,0.0,0.7071067811865475,1.7513020836742388,23
8155,-0.12792277383035552,-1.2040232743295685,-0.1832315464703722,-0.23510237636567338,-0.6844132059781843,0.0,0.7071067811865475,-1.0615629010115046,40
8157,-0.12792277383035552,-0.4996077428672151,-0.1832315464703722,-0.23510237636567338,-0.6844132059781843,0.7071067811865475,0.0,-1.0615629010115046,30
8161,-0.12792277383035552,0.20480778859513823,-0.1832315464703722,-0.23510237636567338,-0.6844132059781843,0.7071067811865475,0.0,1.3494642287191325,20
8162,-0.12792277383035552,-0.8518155085983917,-0.1832315464703722,-0.23510237636567338,-0.6844132059781843,0.7071067811865475,0.0,-1.0615629010115046,48
8163,-0.12792277383035552,0.20480778859513823,-0.1832315464703722,-0.23510237636567338,-0.6844132059781843,0.0,0.7071067811865475,0.5457885188089201,24
8164,-0.12792277383035552,-0.4996077428672151,-0.1832315464703722,-0.23510237636567338,0.36968628678454296,0.0,0.7071067811865475,-0.6597250460563985,30
8168,-0.12792277383035552,-0.14739997713603842,-0.1832315464703722,-0.23510237636567338,-0.6844132059781843,0.0,0.7071067811865475,0.9476263737640264,20
8169,-0.12792277383035552,-0.4996077428672151,-0.1832315464703722,-0.23510237636567338,-0.6844132059781843,0.0,0.7071067811865475,0.5457885188089201,25
8171,-0.12792277383035552,-0.8518155085983917,-0.1832315464703722,-0.23510237636567338,-0.6844132059781843,0.0,0.7071067811865475,-0.6597250460563985,38
8172,-0.12792277383035552,-0.8518155085983917,-0.1832315464703722,-0.23510237636567338,-0.6844132059781843,0.7071067811865475,0.0,-0.6597250460563985,29
8173,-0.12792277383035552,0.20480778859513823,-0.1832315464703722,-0.23510237636567338,-0.4735933074256388,0.0,0.7071067811865475,-0.6597250460563985,38
8174,-0.12792277383035552,-0.8518155085983917,-0.1832315464703722,-0.23510237636567338,-0.4735933074256388,0.7071067811865475,0.0,-0.25788719110129227,27
8179,-0.12792277383035552,-0.14739997713603842,-0.1832315464703722,-0.23510237636567338,-0.6844132059781843,0.0,0.7071067811865475,0.9476263737640264,21
8182,-0.12792277383035552,0.9092233200574916,-0.1832315464703722,-0.23510237636567338,-0.4735933074256388,0.7071067811865475,0.0,2.153139938629345,24
8183,-0.12792277383035552,-1.2040232743295685,-0.1832315464703722,-0.23510237636567338,-0.05195351032054794,0.7071067811865475,0.0,-1.0615629010115046,53
8184,-0.12792277383035552,-0.8518155085983917,-0.1832315464703722,-0.23510237636567338,0.15886638823199753,0.7071067811865475,0.0,-1.0615629010115046,36
8185,-0.12792277383035552,-0.14739997713603842,-0.1832315464703722,-0.23510237636567338,1.0021459824421792,0.0,0.7071067811865475,-0.6597250460563985,64
8187,-0.12792277383035552,1.9658466172510216,-0.1832315464703722,-0.23510237636567338,-0.6844132059781843,0.0,0.7071067811865475,0.5457885188089201,23
8188,-0.12792277383035552,1.9658466172510216,-0.1832315464703722,-0.23510237636567338,-0.05195351032054794,0.0,0.7071067811865475,2.153139938629345,26
8189,-0.12792277383035552,-1.2040232743295685,-0.1832315464703722,-0.23510237636567338,-0.6844132059781843,0.7071067811865475,0.0,-1.0615629010115046,48
8190,-0.12792277383035552,-0.14739997713603842,-0.1832315464703722,-0.23510237636567338,0.5805061853370884,0.7071067811865475,0.0,0.14395066385381394,27
8191,-0.12792277383035552,-0.14739997713603842,-0.1832315464703722,-0.23510237636567338,-0.6844132059781843,0.7071067811865475,0.0,0.9476263737640264,21
8193,-0.12792277383035552,0.20480778859513823,-0.1832315464703722,-0.23510237636567338,-0.6844132059781843,0.7071067811865475,0.0,0.9476263737640264,20
8195,-0.12792277383035552,1.613638851519845,-0.1832315464703722,-0.23510237636567338,2.8995250694150885,0.0,0.7071067811865475,-0.25788719110129227,37
8196,-0.12792277383035552,0.20480778859513823,-0.1832315464703722,-0.23510237636567338,1.0021459824421792,0.7071067811865475,0.0,-0.6597250460563985,51
8197,-0.12792277383035552,-0.8518155085983917,-0.1832315464703722,-0.23510237636567338,-0.2627734088730934,0.7071067811865475,0.0,-1.0615629010115046,47
8203,-0.12792277383035552,1.613638851519845,-0.1832315464703722,1.8894245151847455,-0.2627734088730934,0.7071067811865475,0.0,1.7513020836742388,27
8204,2.0292885925110493,0.9092233200574916,-0.1832315464703722,-0.23510237636567338,2.688705170862543,0.7071067811865475,0.0,-0.6597250460563985,45
8205,-0.12792277383035552,-0.8518155085983917,-0.1832315464703722,-0.23510237636567338,-0.6844132059781843,0.7071067811865475,0.0,-1.0615629010115046,41
8207,-0.12792277383035552,-0.8518155085983917,-0.1832315464703722,-0.23510237636567338,-0.05195351032054794,0.0,0.7071067811865475,-0.6597250460563985,31
8209,-0.12792277383035552,1.2614310857886681,-0.1832315464703722,-0.23510237636567338,1.2129658809947248,0.7071067811865475,0.0,0.9476263737640264,28
8211,-0.12792277383035552,-1.2040232743295685,-0.1832315464703722,-0.23510237636567338,-0.4735933074256388,0.7071067811865475,0.0,-1.0615629010115046,39
8212,-0.12792277383035552,-1.2040232743295685,-0.1832315464703722,-0.23510237636567338,-0.6844132059781843,0.7071067811865475,0.0,-0.6597250460563985,33
8214,-0.12792277383035552,0.5570155543263149,1.8254808954748094,-0.23510237636567338,-0.4735933074256388,0.7071067811865475,0.0,2.153139938629345,21
8215,-0.12792277383035552,-1.2040232743295685,-0.1832315464703722,-0.23510237636567338,-0.6844132059781843,0.0,0.7071067811865475,-1.0615629010115046,48
8216,-0.12792277383035552,-0.4996077428672151,-0.1832315464703722,-0.23510237636567338,-0.05195351032054794,0.0,0.7071067811865475,-0.25788719110129227,27
8217,-0.12792277383035552,0.20480778859513823,-0.1832315464703722,-0.23510237636567338,-0.6844132059781843,0.7071067811865475,0.0,0.14395066385381394,24
8218,-0.12792277383035552,-0.4996077428672151,-0.1832315464703722,-0.23510237636567338,-0.6844132059781843,0.0,0.7071067811865475,-0.25788719110129227,24
8219,-0.12792277383035552,-0.4996077428672151,-0.1832315464703722,-0.23510237636567338,-0.05195351032054794,0.0,0.7071067811865475,0.14395066385381394,29
8222,-0.12792277383035552,0.20480778859513823,-0.1832315464703722,-0.23510237636567338,-0.6844132059781843,0.7071067811865475,0.0,0.5457885188089201,21
8223,-0.12792277383035552,1.9658466172510216,-0.1832315464703722,4.013951406735165,2.2670653737574518,0.7071067811865475,0.0,0.5457885188089201,31
8224,-0.12792277383035552,-1.2040232743295685,-0.1832315464703722,-0.23510237636567338,-0.4735933074256388,0.7071067811865475,0.0,-1.0615629010115046,32
8225,-0.12792277383035552,-1.2040232743295685,-0.1832315464703722,-0.23510237636567338,-0.6844132059781843,0.0,0.7071067811865475,-1.0615629010115046,62
8226,-0.12792277383035552,0.5570155543263149,-0.1832315464703722,-0.23510237636567338,-0.05195351032054794,0.7071067811865475,0.0,-0.6597250460563985,39
8230,-0.12792277383035552,-0.4996077428672151,-0.1832315464703722,-0.23510237636567338,-0.2627734088730934,0.0,0.7071067811865475,-1.0615629010115046,56
8231,-0.12792277383035552,-1.2040232743295685,-0.1832315464703722,-0.23510237636567338,0.5805061853370884,0.7071067811865475,0.0,-0.6597250460563985,28
8232,-0.12792277383035552,0.5570155543263149,-0.1832315464703722,-0.23510237636567338,0.5805061853370884,0.7071067811865475,0.0,0.5457885188089201,26
8235,-0.12792277383035552,1.613638851519845,-0.1832315464703722,-0.23510237636567338,0.36968628678454296,0.7071067811865475,0.0,1.3494642287191325,24
8236,-0.12792277383035552,-1.2040232743295685,-0.1832315464703722,-0.23510237636567338,-0.6844132059781843,0.0,0.7071067811865475,-1.0615629010115046,51
8237,-0.12792277383035552,-0.4996077428672151,-0.1832315464703722,-0.23510237636567338,-0.4735933074256388,0.7071067811865475,0.0,-0.6597250460563985,51
8239,-0.12792277383035552,1.9658466172510216,-0.1832315464703722,1.8894245151847455,0.7913260838896339,0.7071067811865475,0.0,0.9476263737640264,28
8240,-0.12792277383035552,-0.8518155085983917,-0.1832315464703722,-0.23510237636567338,-0.4735933074256388,0.0,0.7071067811865475,-1.0615629010115046,36
8245,-0.12792277383035552,-1.2040232743295685,-0.1832315464703722,-0.23510237636567338,-0.6844132059781843,0.0,0.7071067811865475,-1.0615629010115046,38
8247,-0.12792277383035552,-0.8518155085983917,-0.1832315464703722,-0.23510237636567338,-0.4735933074256388,0.7071067811865475,0.0,0.14395066385381394,23
8248,-0.12792277383035552,0.9092233200574916,-0.1832315464703722,-0.23510237636567338,0.36968628678454296,0.0,0.7071067811865475,0.5457885188089201,28
8249,-0.12792277383035552,0.5570155543263149,-0.1832315464703722,-0.23510237636567338,0.7913260838896339,0.7071067811865475,0.0,-0.25788719110129227,29
8251,-0.12792277383035552,-1.2040232743295685,-0.1832315464703722,-0.23510237636567338,-0.6844132059781843,0.7071067811865475,0.0,-1.0615629010115046,38
8253,-0.12792277383035552,-0.4996077428672151,-0.1832315464703722,-0.23510237636567338,-0.6844132059781843,0.0,0.7071067811865475,0.5457885188089201,29
8254,-0.12792277383035552,-1.2040232743295685,-0.1832315464703722,-0.23510237636567338,-0.4735933074256388,0.7071067811865475,0.0,-1.0615629010115046,34
8256,-0.12792277383035552,-0.4996077428672151,-0.1832315464703722,-0.23510237636567338,1.6346056780998157,0.7071067811865475,0.0,0.14395066385381394,29
8257,-0.12792277383035552,0.9092233200574916,-0.1832315464703722,-0.23510237636567338,1.0021459824421792,0.0,0.7071067811865475,-0.25788719110129227,34
8258,-0.12792277383035552,0.9092233200574916,-0.1832315464703722,-0.23510237636567338,0.5805061853370884,0.7071067811865475,0.0,0.9476263737640264,26
8259,-0.12792277383035552,-1.2040232743295685,-0.1832315464703722,-0.23510237636567338,-0.6844132059781843,0.7071067811865475,0.0,-1.0615629010115046,58
8260,-0.12792277383035552,0.20480778859513823,-0.1832315464703722,-0.23510237636567338,0.5805061853370884,0.7071067811865475,0.0,-0.25788719110129227,37
8262,-0.12792277383035552,0.5570155543263149,-0.1832315464703722,-0.23510237636567338,-0.6844132059781843,0.0,0.7071067811865475,-0.6597250460563985,48
8264,-0.12792277383035552,-0.4996077428672151,-0.1832315464703722,-0.23510237636567338,-0.4735933074256388,0.7071067811865475,0.0,-0.25788719110129227,30
8265,-0.12792277383035552,-0.4996077428672151,-0.1832315464703722,-0.23510237636567338,-0.6844132059781843,0.7071067811865475,0.0,-0.25788719110129227,44
8268,-0.12792277383035552,-0.4996077428672151,-0.1832315464703722,-0.23510237636567338,0.36968628678454296,0.7071067811865475,0.0,-1.0615629010115046,36
8269,-0.12792277383035552,1.613638851519845,1.8254808954748094,-0.23510237636567338,1.6346056780998157,0.7071067811865475,0.0,0.5457885188089201,29
8277,-0.12792277383035552,0.5570155543263149,-0.1832315464703722,-0.23510237636567338,-0.6844132059781843,0.0,0.7071067811865475,0.9476263737640264,23
8278,-0.12792277383035552,0.5570155543263149,-0.1832315464703722,-0.23510237636567338,-0.05195351032054794,0.7071067811865475,0.0,-1.0615629010115046,53
8280,-0.12792277383035552,0.5570155543263149,-0.1832315464703722,-0.23510237636567338,1.0021459824421792,0.0,0.7071067811865475,0.14395066385381394,35
8281,-0.12792277383035552,-0.4996077428672151,-0.1832315464703722,-0.23510237636567338,-0.05195351032054794,0.7071067811865475,0.0,-1.0615629010115046,39
8282,2.0292885925110493,1.2614310857886681,-0.1832315464703722,-0.23510237636567338,-0.4735933074256388,0.7071067811865475,0.0,0.9476263737640264,21
8283,-0.12792277383035552,0.5570155543263149,-0.1832315464703722,-0.23510237636567338,-0.2627734088730934,0.7071067811865475,0.0,0.14395066385381394,26
8284,2.0292885925110493,1.613638851519845,-0.1832315464703722,-0.23510237636567338,1.4237857795472701,0.7071067811865475,0.0,0.5457885188089201,26
8285,-0.12792277383035552,0.5570155543263149,-0.1832315464703722,-0.23510237636567338,1.0021459824421792,0.0,0.7071067811865475,0.9476263737640264,28
8287,-0.12792277383035552,0.9092233200574916,5.842905779365172,1.8894245151847455,-0.05195351032054794,0.0,0.7071067811865475,1.3494642287191325,21
8288,-0.12792277383035552,0.20480778859513823,-0.1832315464703722,-0.23510237636567338,1.0021459824421792,0.7071067811865475,0.0,-0.6597250460563985,37
8290,2.0292885925110493,1.9658466172510216,-0.1832315464703722,-0.23510237636567338,1.845425576652361,0.7071067811865475,0.0,1.7513020836742388,22
8292,-0.12792277383035552,1.9658466172510216,15.88646798909108,4.013951406735165,1.845425576652361,0.7071067811865475,0.0,1.3494642287191325,28
8294,-0.12792277383035552,-1.2040232743295685,-0.1832315464703722,-0.23510237636567338,-0.6844132059781843,0.0,0.7071067811865475,-1.0615629010115046,56
8298,-0.12792277383035552,-0.8518155085983917,-0.1832315464703722,-0.23510237636567338,-0.6844132059781843,0.7071067811865475,0.0,-0.6597250460563985,30
8299,-0.12792277383035552,-0.14739997713603842,-0.1832315464703722,-0.23510237636567338,-0.2627734088730934,0.7071067811865475,0.0,-0.25788719110129227,27
8301,-0.12792277383035552,-0.8518155085983917,-0.1832315464703722,-0.23510237636567338,-0.6844132059781843,0.7071067811865475,0.0,-0.6597250460563985,29
8304,-0.12792277383035552,1.9658466172510216,-0.1832315464703722,-0.23510237636567338,0.5805061853370884,0.7071067811865475,0.0,2.153139938629345,27
8306,-0.12792277383035552,1.613638851519845,-0.1832315464703722,-0.23510237636567338,2.4778852723099973,0.0,0.7071067811865475,0.9476263737640264,43
8307,-0.12792277383035552,0.5570155543263149,-0.1832315464703722,-0.23510237636567338,0.36968628678454296,0.7071067811865475,0.0,0.14395066385381394,53
8308,2.0292885925110493,0.9092233200574916,-0.1832315464703722,-0.23510237636567338,0.5805061853370884,0.7071067811865475,0.0,1.7513020836742388,27
8309,-0.12792277383035552,0.20480778859513823,1.8254808954748094,-0.23510237636567338,0.5805061853370884,0.0,0.7071067811865475,0.14395066385381394,26
8311,-0.12792277383035552,0.5570155543263149,-0.1832315464703722,-0.23510237636567338,-0.4735933074256388,0.7071067811865475,0.0,0.9476263737640264,24
8312,-0.12792277383035552,0.5570155543263149,-0.1832315464703722,-0.23510237636567338,-0.6844132059781843,0.7071067811865475,0.0,0.5457885188089201,30
8313,-0.12792277383035552,-0.8518155085983917,-0.1832315464703722,-0.23510237636567338,0.5805061853370884,0.7071067811865475,0.0,-1.0615629010115046,56
8314,-0.12792277383035552,1.613638851519845,-0.1832315464703722,-0.23510237636567338,0.15886638823199753,0.7071067811865475,0.0,1.3494642287191325,26
8315,4.186499958852454,0.5570155543263149,1.8254808954748094,-0.23510237636567338,-0.05195351032054794,0.0,0.7071067811865475,1.7513020836742388,24
8316,-0.12792277383035552,-0.4996077428672151,-0.1832315464703722,-0.23510237636567338,0.5805061853370884,0.0,0.7071067811865475,-0.6597250460563985,30
8318,-0.12792277383035552,-1.2040232743295685,-0.1832315464703722,-0.23510237636567338,0.15886638823199753,0.7071067811865475,0.0,-1.0615629010115046,54
8319,-0.12792277383035552,0.20480778859513823,-0.1832315464703722,-0.23510237636567338,-0.6844132059781843,0.7071067811865475,0.0,0.14395066385381394,23
8320,-0.12792277383035552,-0.14739997713603842,-0.1832315464703722,-0.23510237636567338,-0.4735933074256388,0.7071067811865475,0.0,0.5457885188089201,25
8322,-0.12792277383035552,1.613638851519845,-0.1832315464703722,-0.23510237636567338,2.0562454752049066,0.7071067811865475,0.0,-0.25788719110129227,36
8325,-0.12792277383035552,1.9658466172510216,-0.1832315464703722,-0.23510237636567338,-0.4735933074256388,0.7071067811865475,0.0,2.554977793584451,21
8326,-0.12792277383035552,0.20480778859513823,-0.1832315464703722,-0.23510237636567338,1.4237857795472701,0.7071067811865475,0.0,0.14395066385381394,26
8328,-0.12792277383035552,1.2614310857886681,-0.1832315464703722,6.138478298285584,1.4237857795472701,0.0,0.7071067811865475,1.3494642287191325,26
8340,-0.12792277383035552,-1.2040232743295685,-0.1832315464703722,-0.23510237636567338,-0.6844132059781843,0.7071067811865475,0.0,-1.0615629010115046,45
8341,-0.12792277383035552,0.20480778859513823,-0.1832315464703722,-0.23510237636567338,-0.4735933074256388,0.0,0.7071067811865475,-0.25788719110129227,47
8349,-0.12792277383035552,-1.2040232743295685,-0.1832315464703722,-0.23510237636567338,-0.2627734088730934,0.7071067811865475,0.0,-0.6597250460563985,31
8350,-0.12792277383035552,0.9092233200574916,-0.1832315464703722,-0.23510237636567338,-0.6844132059781843,0.7071067811865475,0.0,1.3494642287191325,21
8353,2.0292885925110493,-0.14739997713603842,-0.1832315464703722,-0.23510237636567338,-0.4735933074256388,0.0,0.7071067811865475,1.3494642287191325,28
8354,2.0292885925110493,1.2614310857886681,-0.1832315464703722,1.8894245151847455,1.2129658809947248,0.7071067811865475,0.0,1.3494642287191325,29
8355,-0.12792277383035552,-0.14739997713603842,-0.1832315464703722,-0.23510237636567338,-0.2627734088730934,0.7071067811865475,0.0,0.14395066385381394,28
8356,-0.12792277383035552,-0.14739997713603842,-0.1832315464703722,-0.23510237636567338,-0.4735933074256388,0.0,0.7071067811865475,0.14395066385381394,25
8357,-0.12792277383035552,-0.4996077428672151,-0.1832315464703722,-0.23510237636567338,-0.6844132059781843,0.7071067811865475,0.0,0.5457885188089201,22
8358,-0.12792277383035552,0.5570155543263149,-0.1832315464703722,-0.23510237636567338,-0.6844132059781843,0.7071067811865475,0.0,1.3494642287191325,21
8359,-0.12792277383035552,1.2614310857886681,-0.1832315464703722,-0.23510237636567338,-0.6844132059781843,0.7071067811865475,0.0,-0.25788719110129227,48
8360,-0.12792277383035552,1.613638851519845,-0.1832315464703722,1.8894245151847455,0.15886638823199753,0.7071067811865475,0.0,1.7513020836742388,25
8361,-0.12792277383035552,0.9092233200574916,-0.1832315464703722,-0.23510237636567338,0.7913260838896339,0.7071067811865475,0.0,-0.25788719110129227,37
8362,-0.12792277383035552,0.5570155543263149,-0.1832315464703722,-0.23510237636567338,0.36968628678454296,0.7071067811865475,0.0,0.14395066385381394,31
8364,-0.12792277383035552,-1.2040232743295685,-0.1832315464703722,-0.23510237636567338,-0.6844132059781843,0.0,0.7071067811865475,-1.0615629010115046,56
8365,-0.12792277383035552,-0.4996077428672151,-0.1832315464703722,-0.23510237636567338,-0.6844132059781843,0.0,0.7071067811865475,0.14395066385381394,24
8367,-0.12792277383035552,1.9658466172510216,-0.1832315464703722,-0.23510237636567338,2.4778852723099973,0.7071067811865475,0.0,2.153139938629345,30
8369,-0.12792277383035552,-0.8518155085983917,-0.1832315464703722,-0.23510237636567338,0.36968628678454296,0.0,0.7071067811865475,-0.25788719110129227,47
8373,-0.12792277383035552,-0.4996077428672151,-0.1832315464703722,-0.23510237636567338,-0.2627734088730934,0.0,0.7071067811865475,-1.0615629010115046,66
8375,-0.12792277383035552,1.2614310857886681,-0.1832315464703722,-0.23510237636567338,3.7428046636252703,0.7071067811865475,0.0,-0.25788719110129227,51
8379,-0.12792277383035552,-1.2040232743295685,-0.1832315464703722,-0.23510237636567338,-0.6844132059781843,0.7071067811865475,0.0,-1.0615629010115046,76
8380,-0.12792277383035552,0.5570155543263149,-0.1832315464703722,-0.23510237636567338,-0.05195351032054794,0.7071067811865475,0.0,-0.6597250460563985,28
8381,-0.12792277383035552,-0.14739997713603842,-0.1832315464703722,-0.23510237636567338,-0.4735933074256388,0.0,0.7071067811865475,0.14395066385381394,35
8382,-0.12792277383035552,-1.2040232743295685,-0.1832315464703722,-0.23510237636567338,0.5805061853370884,0.7071067811865475,0.0,-1.0615629010115046,44
8385,2.0292885925110493,0.9092233200574916,-0.1832315464703722,1.8894245151847455,0.7913260838896339,0.7071067811865475,0.0,-0.6597250460563985,38
8386,-0.12792277383035552,0.20480778859513823,-0.1832315464703722,-0.23510237636567338,-0.6844132059781843,0.7071067811865475,0.0,0.5457885188089201,24
8390,-0.12792277383035552,-0.4996077428672151,-0.1832315464703722,-0.23510237636567338,-0.6844132059781843,0.7071067811865475,0.0,0.14395066385381394,36
8392,-0.12792277383035552,0.5570155543263149,-0.1832315464703722,-0.23510237636567338,-0.6844132059781843,0.7071067811865475,0.0,1.3494642287191325,20
8394,-0.12792277383035552,-0.4996077428672151,-0.1832315464703722,1.8894245151847455,-0.6844132059781843,0.7071067811865475,0.0,1.3494642287191325,21
8396,-0.12792277383035552,1.9658466172510216,-0.1832315464703722,-0.23510237636567338,0.7913260838896339,0.7071067811865475,0.0,2.554977793584451,27
8399,-0.12792277383035552,1.613638851519845,1.8254808954748094,-0.23510237636567338,3.1103449679676336,0.7071067811865475,0.0,1.3494642287191325,28
8400,-0.12792277383035552,-1.2040232743295685,-0.1832315464703722,-0.23510237636567338,-0.6844132059781843,0.0,0.7071067811865475,-1.0615629010115046,52
8401,-0.12792277383035552,1.613638851519845,-0.1832315464703722,-0.23510237636567338,2.688705170862543,0.7071067811865475,0.0,1.3494642287191325,39
8403,-0.12792277383035552,-0.14739997713603842,-0.1832315464703722,-0.23510237636567338,-0.6844132059781843,0.7071067811865475,0.0,1.3494642287191325,19
8405,-0.12792277383035552,-0.14739997713603842,-0.1832315464703722,-0.23510237636567338,-0.2627734088730934,0.7071067811865475,0.0,-1.0615629010115046,40
8406,-0.12792277383035552,1.2614310857886681,-0.1832315464703722,-0.23510237636567338,0.36968628678454296,0.7071067811865475,0.0,1.7513020836742388,30
8407,-0.12792277383035552,-0.4996077428672151,-0.1832315464703722,-0.23510237636567338,-0.6844132059781843,0.7071067811865475,0.0,-0.6597250460563985,28
8408,-0.12792277383035552,-0.8518155085983917,-0.1832315464703722,-0.23510237636567338,-0.6844132059781843,0.0,0.7071067811865475,-0.25788719110129227,27
8409,-0.12792277383035552,0.9092233200574916,-0.1832315464703722,-0.23510237636567338,-0.05195351032054794,0.7071067811865475,0.0,0.5457885188089201,23
8411,-0.12792277383035552,0.5570155543263149,-0.1832315464703722,-0.23510237636567338,0.7913260838896339,0.7071067811865475,0.0,0.14395066385381394,25
8416,-0.12792277383035552,-0.4996077428672151,-0.1832315464703722,-0.23510237636567338,-0.6844132059781843,0.7071067811865475,0.0,-0.25788719110129227,24
8418,-0.12792277383035552,0.9092233200574916,-0.1832315464703722,-0.23510237636567338,-0.6844132059781843,0.7071067811865475,0.0,0.14395066385381394,44
8419,-0.12792277383035552,-1.2040232743295685,-0.1832315464703722,-0.23510237636567338,-0.6844132059781843,0.7071067811865475,0.0,-1.0615629010115046,44
8421,-0.12792277383035552,0.9092233200574916,-0.1832315464703722,-0.23510237636567338,-0.6844132059781843,0.0,0.7071067811865475,0.5457885188089201,23
8422,-0.12792277383035552,1.2614310857886681,-0.1832315464703722,1.8894245151847455,-0.2627734088730934,0.7071067811865475,0.0,0.5457885188089201,31
8423,-0.12792277383035552,-0.8518155085983917,-0.1832315464703722,1.8894245151847455,-0.6844132059781843,0.7071067811865475,0.0,-0.25788719110129227,27
8424,-0.12792277383035552,1.2614310857886681,-0.1832315464703722,-0.23510237636567338,-0.4735933074256388,0.7071067811865475,0.0,-0.25788719110129227,26
8425,-0.12792277383035552,0.20480778859513823,-0.1832315464703722,-0.23510237636567338,2.688705170862543,0.0,0.7071067811865475,-0.6597250460563985,57
8426,-0.12792277383035552,-1.2040232743295685,-0.1832315464703722,-0.23510237636567338,-0.6844132059781843,0.7071067811865475,0.0,-1.0615629010115046,55
8428,-0.12792277383035552,0.5570155543263149,-0.1832315464703722,-0.23510237636567338,0.7913260838896339,0.7071067811865475,0.0,-0.6597250460563985,36
8432,-0.12792277383035552,1.613638851519845,-0.1832315464703722,-0.23510237636567338,3.1103449679676336,0.0,0.7071067811865475,2.554977793584451,30
8434,-0.12792277383035552,1.2614310857886681,-0.1832315464703722,-0.23510237636567338,-0.6844132059781843,0.7071067811865475,0.0,-0.25788719110129227,34
8435,-0.12792277383035552,-0.8518155085983917,-0.1832315464703722,-0.23510237636567338,-0.4735933074256388,0.7071067811865475,0.0,-0.25788719110129227,24
8436,-0.12792277383035552,0.20480778859513823,-0.1832315464703722,-0.23510237636567338,-0.6844132059781843,0.7071067811865475,0.0,1.3494642287191325,21
8437,-0.12792277383035552,-1.2040232743295685,-0.1832315464703722,-0.23510237636567338,0.7913260838896339,0.7071067811865475,0.0,-1.0615629010115046,42
8438,-0.12792277383035552,1.9658466172510216,-0.1832315464703722,-0.23510237636567338,1.845425576652361,0.7071067811865475,0.0,0.5457885188089201,34
8439,-0.12792277383035552,-0.14739997713603842,-0.1832315464703722,-0.23510237636567338,-0.05195351032054794,0.0,0.7071067811865475,0.5457885188089201,30
8440,-0.12792277383035552,-0.14739997713603842,-0.1832315464703722,-0.23510237636567338,0.5805061853370884,0.7071067811865475,0.0,-0.6597250460563985,40
8447,-0.12792277383035552,1.613638851519845,-0.1832315464703722,-0.23510237636567338,2.0562454752049066,0.7071067811865475,0.0,0.5457885188089201,30
8449,-0.12792277383035552,-0.4996077428672151,-0.1832315464703722,-0.23510237636567338,-0.05195351032054794,0.0,0.7071067811865475,-0.25788719110129227,31
8452,-0.12792277383035552,-0.4996077428672151,-0.1832315464703722,-0.23510237636567338,-0.4735933074256388,0.0,0.7071067811865475,0.14395066385381394,27
8453,-0.12792277383035552,-0.8518155085983917,-0.1832315464703722,1.8894245151847455,-0.6844132059781843,0.7071067811865475,0.0,-0.25788719110129227,22
8456,-0.12792277383035552,-0.4996077428672151,-0.1832315464703722,-0.23510237636567338,-0.05195351032054794,0.0,0.7071067811865475,-0.6597250460563985,37
8457,-0.12792277383035552,-0.8518155085983917,-0.1832315464703722,-0.23510237636567338,-0.4735933074256388,0.7071067811865475,0.0,-0.25788719110129227,25
8458,-0.12792277383035552,-1.2040232743295685,-0.1832315464703722,-0.23510237636567338,-0.2627734088730934,0.7071067811865475,0.0,-1.0615629010115046,45
8461,-0.12792277383035552,-0.8518155085983917,-0.1832315464703722,-0.23510237636567338,-0.4735933074256388,0.7071067811865475,0.0,0.14395066385381394,22
8462,-0.12792277383035552,0.20480778859513823,-0.1832315464703722,-0.23510237636567338,-0.4735933074256388,0.7071067811865475,0.0,-0.6597250460563985,31
8463,-0.12792277383035552,0.20480778859513823,-0.1832315464703722,-0.23510237636567338,-0.6844132059781843,0.7071067811865475,0.0,1.7513020836742388,23
8465,-0.12792277383035552,-0.14739997713603842,-0.1832315464703722,-0.23510237636567338,-0.6844132059781843,0.7071067811865475,0.0,1.7513020836742388,21
8467,-0.12792277383035552,0.20480778859513823,-0.1832315464703722,-0.23510237636567338,0.5805061853370884,0.0,0.7071067811865475,1.7513020836742388,28
8468,-0.12792277383035552,-1.2040232743295685,-0.1832315464703722,-0.23510237636567338,-0.6844132059781843,0.7071067811865475,0.0,-1.0615629010115046,35
8469,-0.12792277383035552,-0.14739997713603842,1.8254808954748094,1.8894245151847455,0.15886638823199753,0.7071067811865475,0.0,-0.25788719110129227,29
8471,-0.12792277383035552,-0.14739997713603842,-0.1832315464703722,-0.23510237636567338,-0.2627734088730934,0.7071067811865475,0.0,1.3494642287191325,23
8472,-0.12792277383035552,1.9658466172510216,-0.1832315464703722,-0.23510237636567338,0.7913260838896339,0.7071067811865475,0.0,1.3494642287191325,28
8473,-0.12792277383035552,0.9092233200574916,-0.1832315464703722,-0.23510237636567338,-0.6844132059781843,0.0,0.7071067811865475,-0.25788719110129227,34
8475,-0.12792277383035552,-0.8518155085983917,-0.1832315464703722,-0.23510237636567338,0.36968628678454296,0.7071067811865475,0.0,-0.6597250460563985,32
8477,-0.12792277383035552,-0.14739997713603842,-0.1832315464703722,-0.23510237636567338,-0.2627734088730934,0.7071067811865475,0.0,0.14395066385381394,25
8478,-0.12792277383035552,0.9092233200574916,1.8254808954748094,-0.23510237636567338,2.4778852723099973,0.7071067811865475,0.0,0.9476263737640264,34
8479,-0.12792277383035552,-0.14739997713603842,-0.1832315464703722,-0.23510237636567338,0.15886638823199753,0.7071067811865475,0.0,0.14395066385381394,47
8483,-0.12792277383035552,0.20480778859513823,-0.1832315464703722,-0.23510237636567338,0.15886638823199753,0.7071067811865475,0.0,-0.6597250460563985,30
8484,-0.12792277383035552,-0.4996077428672151,-0.1832315464703722,-0.23510237636567338,-0.6844132059781843,0.0,0.7071067811865475,0.5457885188089201,22
8486,-0.12792277383035552,1.613638851519845,-0.1832315464703722,-0.23510237636567338,0.7913260838896339,0.7071067811865475,0.0,-0.6597250460563985,47
8487,-0.12792277383035552,1.2614310857886681,-0.1832315464703722,-0.23510237636567338,-0.05195351032054794,0.7071067811865475,0.0,0.5457885188089201,37
8488,-0.12792277383035552,0.20480778859513823,-0.1832315464703722,-0.23510237636567338,1.0021459824421792,0.0,0.7071067811865475,0.5457885188089201,37
8492,-0.12792277383035552,1.9658466172510216,-0.1832315464703722,-0.23510237636567338,0.7913260838896339,0.7071067811865475,0.0,2.153139938629345,26
8494,-0.12792277383035552,-0.8518155085983917,-0.1832315464703722,-0.23510237636567338,-0.6844132059781843,0.0,0.7071067811865475,-0.6597250460563985,31
8496,-0.12792277383035552,-0.4996077428672151,-0.1832315464703722,6.138478298285584,-0.6844132059781843,0.7071067811865475,0.0,0.5457885188089201,20
8500,-0.12792277383035552,0.9092233200574916,-0.1832315464703722,-0.23510237636567338,-0.6844132059781843,0.7071067811865475,0.0,1.3494642287191325,22
8501,-0.12792277383035552,1.9658466172510216,-0.1832315464703722,1.8894245151847455,2.2670653737574518,0.7071067811865475,0.0,1.7513020836742388,33
8503,-0.12792277383035552,-0.8518155085983917,-0.1832315464703722,-0.23510237636567338,-0.4735933074256388,0.0,0.7071067811865475,-0.25788719110129227,30
8504,-0.12792277383035552,0.5570155543263149,-0.1832315464703722,-0.23510237636567338,0.36968628678454296,0.7071067811865475,0.0,0.9476263737640264,27
8505,-0.12792277383035552,1.613638851519845,-0.1832315464703722,-0.23510237636567338,-0.2627734088730934,0.0,0.7071067811865475,2.153139938629345,24
8507,-0.12792277383035552,-0.14739997713603842,-0.1832315464703722,-0.23510237636567338,-0.4735933074256388,0.0,0.7071067811865475,0.9476263737640264,20
8508,-0.12792277383035552,-0.8518155085983917,-0.1832315464703722,-0.23510237636567338,-0.6844132059781843,0.0,0.7071067811865475,-0.25788719110129227,29
8511,-0.12792277383035552,-0.4996077428672151,-0.1832315464703722,-0.23510237636567338,-0.6844132059781843,0.7071067811865475,0.0,0.14395066385381394,24
8515,-0.12792277383035552,-0.8518155085983917,-0.1832315464703722,-0.23510237636567338,-0.4735933074256388,0.7071067811865475,0.0,-1.0615629010115046,36
8517,-0.12792277383035552,-0.4996077428672151,-0.1832315464703722,-0.23510237636567338,-0.6844132059781843,0.0,0.7071067811865475,0.14395066385381394,23
8518,-0.12792277383035552,1.9658466172510216,-0.1832315464703722,1.8894245151847455,-0.4735933074256388,0.7071067811865475,0.0,2.554977793584451,21
8520,-0.12792277383035552,0.5570155543263149,-0.1832315464703722,-0.23510237636567338,0.5805061853370884,0.7071067811865475,0.0,0.5457885188089201,29
8522,2.0292885925110493,1.613638851519845,7.851618221310354,-0.23510237636567338,1.4237857795472701,0.7071067811865475,0.0,2.153139938629345,25
8523,-0.12792277383035552,-0.14739997713603842,-0.1832315464703722,-0.23510237636567338,-0.4735933074256388,0.7071067811865475,0.0,0.5457885188089201,22
8524,-0.12792277383035552,0.20480778859513823,-0.1832315464703722,-0.23510237636567338,0.15886638823199753,0.0,0.7071067811865475,0.9476263737640264,29
8526,-0.12792277383035552,1.613638851519845,-0.1832315464703722,-0.23510237636567338,-0.6844132059781843,0.0,0.7071067811865475,1.3494642287191325,26
8527,-0.12792277383035552,-1.2040232743295685,-0.1832315464703722,-0.23510237636567338,0.7913260838896339,0.0,0.7071067811865475,-1.0615629010115046,50
8528,-0.12792277383035552,-0.8518155085983917,-0.1832315464703722,-0.23510237636567338,-0.4735933074256388,0.7071067811865475,0.0,-0.6597250460563985,32
8530,-0.12792277383035552,-1.2040232743295685,-0.1832315464703722,-0.23510237636567338,-0.6844132059781843,0.7071067811865475,0.0,-1.0615629010115046,45
8532,-0.12792277383035552,-0.8518155085983917,-0.1832315464703722,-0.23510237636567338,-0.4735933074256388,0.7071067811865475,0.0,-0.6597250460563985,30
8533,-0.12792277383035552,0.20480778859513823,-0.1832315464703722,-0.23510237636567338,-0.6844132059781843,0.7071067811865475,0.0,0.14395066385381394,25
8534,-0.12792277383035552,0.20480778859513823,-0.1832315464703722,-0.23510237636567338,1.4237857795472701,0.7071067811865475,0.0,-0.6597250460563985,44
8535,-0.12792277383035552,-0.14739997713603842,-0.1832315464703722,-0.23510237636567338,-0.6844132059781843,0.7071067811865475,0.0,-0.6597250460563985,58
8539,-0.12792277383035552,0.5570155543263149,-0.1832315464703722,-0.23510237636567338,0.36968628678454296,0.7071067811865475,0.0,0.14395066385381394,24
8543,-0.12792277383035552,1.9658466172510216,1.8254808954748094,-0.23510237636567338,-0.4735933074256388,0.7071067811865475,0.0,1.7513020836742388,20
8544,-0.12792277383035552,-1.2040232743295685,-0.1832315464703722,-0.23510237636567338,-0.6844132059781843,0.0,0.7071067811865475,-0.6597250460563985,29
8546,-0.12792277383035552,0.20480778859513823,-0.1832315464703722,-0.23510237636567338,-0.4735933074256388,0.7071067811865475,0.0,0.14395066385381394,21
8551,-0.12792277383035552,-1.2040232743295685,-0.1832315464703722,-0.23510237636567338,-0.4735933074256388,0.7071067811865475,0.0,-1.0615629010115046,46
8552,-0.12792277383035552,1.9658466172510216,1.8254808954748094,-0.23510237636567338,2.8995250694150885,0.7071067811865475,0.0,0.9476263737640264,29
8554,-0.12792277383035552,-0.14739997713603842,-0.1832315464703722,-0.23510237636567338,-0.6844132059781843,0.7071067811865475,0.0,-0.6597250460563985,30
8558,-0.12792277383035552,-1.2040232743295685,-0.1832315464703722,-0.23510237636567338,1.0021459824421792,0.7071067811865475,0.0,-1.0615629010115046,55
8560,-0.12792277383035552,-1.2040232743295685,-0.1832315464703722,-0.23510237636567338,-0.2627734088730934,0.0,0.7071067811865475,-1.0615629010115046,47
8565,-0.12792277383035552,1.9658466172510216,-0.1832315464703722,-0.23510237636567338,2.0562454752049066,0.7071067811865475,0.0,1.3494642287191325,30
8568,-0.12792277383035552,0.20480778859513823,-0.1832315464703722,6.138478298285584,0.15886638823199753,0.7071067811865475,0.0,0.9476263737640264,24
8570,-0.12792277383035552,0.5570155543263149,-0.1832315464703722,-0.23510237636567338,-0.6844132059781843,0.7071067811865475,0.0,0.14395066385381394,45
8572,-0.12792277383035552,0.20480778859513823,-0.1832315464703722,-0.23510237636567338,-0.2627734088730934,0.0,0.7071067811865475,0.5457885188089201,26
8574,-0.12792277383035552,-0.8518155085983917,-0.1832315464703722,-0.23510237636567338,-0.6844132059781843,0.0,0.7071067811865475,-1.0615629010115046,42
8575,-0.12792277383035552,-0.8518155085983917,-0.1832315464703722,-0.23510237636567338,-0.4735933074256388,0.0,0.7071067811865475,-0.6597250460563985,34
8576,-0.12792277383035552,-0.14739997713603842,-0.1832315464703722,-0.23510237636567338,-0.6844132059781843,0.0,0.7071067811865475,0.9476263737640264,21
8577,-0.12792277383035552,-1.2040232743295685,-0.1832315464703722,-0.23510237636567338,-0.2627734088730934,0.0,0.7071067811865475,-1.0615629010115046,69
8578,-0.12792277383035552,0.20480778859513823,-0.1832315464703722,1.8894245151847455,0.36968628678454296,0.7071067811865475,0.0,0.9476263737640264,24
8579,-0.12792277383035552,-1.2040232743295685,-0.1832315464703722,-0.23510237636567338,-0.4735933074256388,0.0,0.7071067811865475,-0.25788719110129227,45
8583,-0.12792277383035552,1.2614310857886681,5.842905779365172,1.8894245151847455,1.0021459824421792,0.0,0.7071067811865475,0.5457885188089201,25
8586,-0.12792277383035552,-1.2040232743295685,-0.1832315464703722,-0.23510237636567338,-0.2627734088730934,0.0,0.7071067811865475,-1.0615629010115046,52
8589,-0.12792277383035552,-1.2040232743295685,-0.1832315464703722,-0.23510237636567338,-0.6844132059781843,0.7071067811865475,0.0,-0.6597250460563985,30
8590,-0.12792277383035552,-0.4996077428672151,-0.1832315464703722,-0.23510237636567338,-0.6844132059781843,0.0,0.7071067811865475,-0.25788719110129227,26
8593,-0.12792277383035552,-0.8518155085983917,-0.1832315464703722,-0.23510237636567338,-0.6844132059781843,0.7071067811865475,0.0,-1.0615629010115046,34
8596,-0.12792277383035552,-0.14739997713603842,-0.1832315464703722,-0.23510237636567338,-0.2627734088730934,0.0,0.7071067811865475,-0.25788719110129227,38
8598,-0.12792277383035552,0.9092233200574916,3.834193337419991,4.013951406735165,0.15886638823199753,0.7071067811865475,0.0,1.7513020836742388,23
8600,-0.12792277383035552,-1.2040232743295685,-0.1832315464703722,-0.23510237636567338,-0.6844132059781843,0.0,0.7071067811865475,-1.0615629010115046,30
8604,-0.12792277383035552,0.5570155543263149,-0.1832315464703722,-0.23510237636567338,-0.6844132059781843,0.7071067811865475,0.0,1.3494642287191325,22
8605,-0.12792277383035552,-0.4996077428672151,-0.1832315464703722,-0.23510237636567338,0.5805061853370884,0.7071067811865475,0.0,-0.25788719110129227,35
8606,-0.12792277383035552,0.9092233200574916,-0.1832315464703722,-0.23510237636567338,-0.6844132059781843,0.7071067811865475,0.0,1.3494642287191325,24
8608,-0.12792277383035552,0.5570155543263149,-0.1832315464703722,-0.23510237636567338,-0.4735933074256388,0.0,0.7071067811865475,0.5457885188089201,35
8609,-0.12792277383035552,0.5570155543263149,-0.1832315464703722,-0.23510237636567338,-0.2627734088730934,0.7071067811865475,0.0,0.14395066385381394,25
8610,-0.12792277383035552,-0.8518155085983917,-0.1832315464703722,-0.23510237636567338,-0.05195351032054794,0.0,0.7071067811865475,-1.0615629010115046,58
8611,-0.12792277383035552,-0.14739997713603842,-0.1832315464703722,-0.23510237636567338,0.7913260838896339,0.7071067811865475,0.0,-0.25788719110129227,27
8612,-0.12792277383035552,1.613638851519845,-0.1832315464703722,1.8894245151847455,0.5805061853370884,0.7071067811865475,0.0,1.7513020836742388,24
8613,-0.12792277383035552,-0.8518155085983917,-0.1832315464703722,-0.23510237636567338,-0.2627734088730934,0.0,0.7071067811865475,-0.6597250460563985,33
8616,-0.12792277383035552,-0.4996077428672151,-0.1832315464703722,-0.23510237636567338,0.15886638823199753,0.7071067811865475,0.0,0.14395066385381394,44
8617,-0.12792277383035552,0.20480778859513823,-0.1832315464703722,-0.23510237636567338,-0.05195351032054794,0.7071067811865475,0.0,-0.25788719110129227,30
8618,-0.12792277383035552,-0.8518155085983917,-0.1832315464703722,-0.23510237636567338,-0.2627734088730934,0.7071067811865475,0.0,-1.0615629010115046,39
8619,-0.12792277383035552,-0.4996077428672151,-0.1832315464703722,-0.23510237636567338,-0.6844132059781843,0.7071067811865475,0.0,-0.6597250460563985,28
8621,-0.12792277383035552,-0.8518155085983917,-0.1832315464703722,-0.23510237636567338,-0.4735933074256388,0.7071067811865475,0.0,-0.6597250460563985,34
8622,-0.12792277383035552,1.2614310857886681,-0.1832315464703722,-0.23510237636567338,-0.4735933074256388,0.7071067811865475,0.0,0.5457885188089201,26
8625,-0.12792277383035552,-0.8518155085983917,-0.1832315464703722,-0.23510237636567338,-0.6844132059781843,0.7071067811865475,0.0,-0.25788719110129227,23
8626,-0.12792277383035552,1.2614310857886681,-0.1832315464703722,1.8894245151847455,1.6346056780998157,0.7071067811865475,0.0,0.9476263737640264,29
8627,-0.12792277383035552,-0.14739997713603842,-0.1832315464703722,-0.23510237636567338,-0.6844132059781843,0.0,0.7071067811865475,0.14395066385381394,31
8629,-0.12792277383035552,-1.2040232743295685,-0.1832315464703722,-0.23510237636567338,-0.4735933074256388,0.7071067811865475,0.0,-1.0615629010115046,38
8630,-0.12792277383035552,1.2614310857886681,-0.1832315464703722,-0.23510237636567338,2.2670653737574518,0.7071067811865475,0.0,-0.25788719110129227,30
8633,-0.12792277383035552,-0.14739997713603842,-0.1832315464703722,-0.23510237636567338,-0.2627734088730934,0.7071067811865475,0.0,0.9476263737640264,21
8634,-0.12792277383035552,-1.2040232743295685,-0.1832315464703722,-0.23510237636567338,-0.6844132059781843,0.7071067811865475,0.0,-1.0615629010115046,44
8635,-0.12792277383035552,-1.2040232743295685,-0.1832315464703722,-0.23510237636567338,-0.6844132059781843,0.7071067811865475,0.0,-1.0615629010115046,52
8636,-0.12792277383035552,0.20480778859513823,-0.1832315464703722,-0.23510237636567338,0.5805061853370884,0.7071067811865475,0.0,-0.25788719110129227,30
8638,-0.12792277383035552,1.2614310857886681,-0.1832315464703722,-0.23510237636567338,1.2129658809947248,0.7071067811865475,0.0,0.9476263737640264,31
8639,-0.12792277383035552,0.5570155543263149,1.8254808954748094,-0.23510237636567338,-0.2627734088730934,0.7071067811865475,0.0,1.3494642287191325,21
8641,-0.12792277383035552,-1.2040232743295685,-0.1832315464703722,-0.23510237636567338,-0.4735933074256388,0.0,0.7071067811865475,-1.0615629010115046,77
8642,-0.12792277383035552,0.5570155543263149,-0.1832315464703722,-0.23510237636567338,0.15886638823199753,0.7071067811865475,0.0,0.5457885188089201,61
8644,-0.12792277383035552,-1.2040232743295685,-0.1832315464703722,-0.23510237636567338,-0.6844132059781843,0.0,0.7071067811865475,-1.0615629010115046,41
8646,-0.12792277383035552,0.20480778859513823,-0.1832315464703722,-0.23510237636567338,-0.6844132059781843,0.0,0.7071067811865475,0.14395066385381394,24
8647,-0.12792277383035552,-0.4996077428672151,-0.1832315464703722,-0.23510237636567338,0.36968628678454296,0.7071067811865475,0.0,-0.25788719110129227,34
8650,-0.12792277383035552,-0.4996077428672151,-0.1832315464703722,-0.23510237636567338,-0.4735933074256388,0.7071067811865475,0.0,-0.25788719110129227,27
8651,-0.12792277383035552,0.9092233200574916,-0.1832315464703722,4.013951406735165,0.5805061853370884,0.0,0.7071067811865475,0.5457885188089201,25
8652,-0.12792277383035552,-1.2040232743295685,-0.1832315464703722,-0.23510237636567338,-0.4735933074256388,0.7071067811865475,0.0,-0.6597250460563985,30
8653,-0.12792277383035552,-1.2040232743295685,-0.1832315464703722,-0.23510237636567338,-0.6844132059781843,0.7071067811865475,0.0,-1.0615629010115046,59
8655,-0.12792277383035552,-1.2040232743295685,-0.1832315464703722,-0.23510237636567338,-0.4735933074256388,0.7071067811865475,0.0,-1.0615629010115046,55
8657,-0.12792277383035552,0.5570155543263149,-0.1832315464703722,-0.23510237636567338,-0.6844132059781843,0.7071067811865475,0.0,-0.25788719110129227,32
8659,-0.12792277383035552,-0.8518155085983917,-0.1832315464703722,-0.23510237636567338,0.36968628678454296,0.0,0.7071067811865475,-1.0615629010115046,53
8661,-0.12792277383035552,-0.8518155085983917,-0.1832315464703722,-0.23510237636567338,-0.4735933074256388,0.0,0.7071067811865475,-0.6597250460563985,50
8663,-0.12792277383035552,-0.14739997713603842,-0.1832315464703722,-0.23510237636567338,-0.4735933074256388,0.7071067811865475,0.0,0.5457885188089201,26
8664,-0.12792277383035552,0.20480778859513823,-0.1832315464703722,1.8894245151847455,-0.2627734088730934,0.7071067811865475,0.0,0.5457885188089201,21
8665,-0.12792277383035552,0.5570155543263149,-0.1832315464703722,-0.23510237636567338,0.7913260838896339,0.7071067811865475,0.0,-0.25788719110129227,36
8667,-0.12792277383035552,1.2614310857886681,-0.1832315464703722,-0.23510237636567338,2.688705170862543,0.7071067811865475,0.0,0.9476263737640264,35
8668,-0.12792277383035552,-0.4996077428672151,-0.1832315464703722,-0.23510237636567338,-0.6844132059781843,0.0,0.7071067811865475,-0.25788719110129227,25
8670,-0.12792277383035552,0.5570155543263149,-0.1832315464703722,-0.23510237636567338,-0.2627734088730934,0.0,0.7071067811865475,-0.25788719110129227,31
8672,-0.12792277383035552,0.20480778859513823,-0.1832315464703722,-0.23510237636567338,-0.4735933074256388,0.7071067811865475,0.0,0.14395066385381394,26
8673,-0.12792277383035552,-0.8518155085983917,-0.1832315464703722,-0.23510237636567338,-0.6844132059781843,0.0,0.7071067811865475,-0.25788719110129227,25
8674,-0.12792277383035552,-1.2040232743295685,-0.1832315464703722,-0.23510237636567338,-0.6844132059781843,0.0,0.7071067811865475,-1.0615629010115046,32
8675,-0.12792277383035552,-0.4996077428672151,-0.1832315464703722,-0.23510237636567338,0.36968628678454296,0.7071067811865475,0.0,-1.0615629010115046,40
8676,-0.12792277383035552,-0.4996077428672151,-0.1832315464703722,-0.23510237636567338,-0.6844132059781843,0.7071067811865475,0.0,0.14395066385381394,35
8679,-0.12792277383035552,-0.4996077428672151,-0.1832315464703722,-0.23510237636567338,-0.2627734088730934,0.7071067811865475,0.0,-0.6597250460563985,27
8681,-0.12792277383035552,1.613638851519845,-0.1832315464703722,-0.23510237636567338,1.845425576652361,0.7071067811865475,0.0,2.153139938629345,33
8682,-0.12792277383035552,-1.2040232743295685,-0.1832315464703722,-0.23510237636567338,-0.4735933074256388,0.7071067811865475,0.0,-1.0615629010115046,36
8683,-0.12792277383035552,-0.8518155085983917,-0.1832315464703722,-0.23510237636567338,-0.2627734088730934,0.7071067811865475,0.0,-0.25788719110129227,30
8684,-0.12792277383035552,-0.14739997713603842,-0.1832315464703722,-0.23510237636567338,-0.6844132059781843,0.7071067811865475,0.0,-0.25788719110129227,30
8685,-0.12792277383035552,1.2614310857886681,-0.1832315464703722,-0.23510237636567338,3.321164866520179,0.7071067811865475,0.0,-0.6597250460563985,41
8688,-0.12792277383035552,0.9092233200574916,-0.1832315464703722,-0.23510237636567338,-0.6844132059781843,0.7071067811865475,0.0,-0.25788719110129227,29
8694,-0.12792277383035552,0.20480778859513823,-0.1832315464703722,-0.23510237636567338,-0.6844132059781843,0.7071067811865475,0.0,-0.25788719110129227,25
8695,-0.12792277383035552,-1.2040232743295685,-0.1832315464703722,-0.23510237636567338,-0.6844132059781843,0.7071067811865475,0.0,-1.0615629010115046,50
8696,-0.12792277383035552,-0.8518155085983917,-0.1832315464703722,-0.23510237636567338,0.15886638823199753,0.7071067811865475,0.0,-1.0615629010115046,35
8700,2.0292885925110493,1.613638851519845,-0.1832315464703722,-0.23510237636567338,2.8995250694150885,0.7071067811865475,0.0,1.3494642287191325,37
8701,-0.12792277383035552,-1.2040232743295685,-0.1832315464703722,-0.23510237636567338,0.15886638823199753,0.7071067811865475,0.0,-0.6597250460563985,43
8702,-0.12792277383035552,0.5570155543263149,-0.1832315464703722,-0.23510237636567338,1.845425576652361,0.0,0.7071067811865475,0.14395066385381394,29
8703,-0.12792277383035552,-1.2040232743295685,-0.1832315464703722,-0.23510237636567338,-0.6844132059781843,0.7071067811865475,0.0,-1.0615629010115046,61
8705,-0.12792277383035552,1.613638851519845,-0.1832315464703722,-0.23510237636567338,0.15886638823199753,0.7071067811865475,0.0,0.9476263737640264,22
8706,-0.12792277383035552,-0.14739997713603842,-0.1832315464703722,-0.23510237636567338,-0.2627734088730934,0.7071067811865475,0.0,-0.25788719110129227,27
8710,-0.12792277383035552,-0.8518155085983917,-0.1832315464703722,-0.23510237636567338,-0.4735933074256388,0.0,0.7071067811865475,-1.0615629010115046,34
8711,-0.12792277383035552,0.5570155543263149,-0.1832315464703722,-0.23510237636567338,-0.6844132059781843,0.7071067811865475,0.0,0.14395066385381394,24
8715,-0.12792277383035552,0.9092233200574916,-0.1832315464703722,1.8894245151847455,-0.6844132059781843,0.0,0.7071067811865475,1.7513020836742388,20
8716,-0.12792277383035552,-1.2040232743295685,-0.1832315464703722,-0.23510237636567338,-0.6844132059781843,0.0,0.7071067811865475,-0.6597250460563985,30
8717,-0.12792277383035552,-1.2040232743295685,-0.1832315464703722,-0.23510237636567338,-0.6844132059781843,0.0,0.7071067811865475,-1.0615629010115046,43
8719,-0.12792277383035552,-1.2040232743295685,-0.1832315464703722,-0.23510237636567338,0.15886638823199753,0.7071067811865475,0.0,-1.0615629010115046,51
8723,-0.12792277383035552,0.20480778859513823,-0.1832315464703722,-0.23510237636567338,1.2129658809947248,0.7071067811865475,0.0,-0.25788719110129227,37
8724,2.0292885925110493,1.613638851519845,-0.1832315464703722,-0.23510237636567338,0.7913260838896339,0.7071067811865475,0.0,1.3494642287191325,42
8726,-0.12792277383035552,-0.14739997713603842,-0.1832315464703722,-0.23510237636567338,-0.4735933074256388,0.7071067811865475,0.0,-0.25788719110129227,29
8728,-0.12792277383035552,0.5570155543263149,-0.1832315464703722,-0.23510237636567338,-0.6844132059781843,0.0,0.7071067811865475,0.5457885188089201,24
8729,-0.12792277383035552,-1.2040232743295685,-0.1832315464703722,-0.23510237636567338,1.845425576652361,0.7071067811865475,0.0,-0.6597250460563985,36
8731,-0.12792277383035552,-1.2040232743295685,-0.1832315464703722,-0.23510237636567338,-0.6844132059781843,0.7071067811865475,0.0,-1.0615629010115046,39
8732,-0.12792277383035552,0.20480778859513823,-0.1832315464703722,-0.23510237636567338,-0.2627734088730934,0.0,0.7071067811865475,0.14395066385381394,32
8735,-0.12792277383035552,-1.2040232743295685,-0.1832315464703722,-0.23510237636567338,-0.6844132059781843,0.0,0.7071067811865475,-1.0615629010115046,38
8737,-0.12792277383035552,0.5570155543263149,-0.1832315464703722,-0.23510237636567338,1.0021459824421792,0.7071067811865475,0.0,0.14395066385381394,27
8741,-0.12792277383035552,0.5570155543263149,-0.1832315464703722,-0.23510237636567338,-0.6844132059781843,0.7071067811865475,0.0,-0.25788719110129227,30
8742,-0.12792277383035552,-0.8518155085983917,-0.1832315464703722,-0.23510237636567338,-0.6844132059781843,0.0,0.7071067811865475,-1.0615629010115046,43
8743,12.815345424218075,1.613638851519845,-0.1832315464703722,-0.23510237636567338,1.0021459824421792,0.0,0.7071067811865475,1.7513020836742388,30
8745,-0.12792277383035552,-0.14739997713603842,-0.1832315464703722,-0.23510237636567338,-0.4735933074256388,0.0,0.7071067811865475,-0.25788719110129227,26
8746,-0.12792277383035552,-0.14739997713603842,-0.1832315464703722,-0.23510237636567338,-0.05195351032054794,0.7071067811865475,0.0,-0.6597250460563985,37
8747,-0.12792277383035552,1.613638851519845,-0.1832315464703722,-0.23510237636567338,0.36968628678454296,0.7071067811865475,0.0,1.3494642287191325,25
8748,-0.12792277383035552,-0.4996077428672151,-0.1832315464703722,-0.23510237636567338,-0.4735933074256388,0.7071067811865475,0.0,-0.25788719110129227,65
8749,-0.12792277383035552,0.20480778859513823,-0.1832315464703722,-0.23510237636567338,-0.6844132059781843,0.7071067811865475,0.0,-1.0615629010115046,52
8752,-0.12792277383035552,-1.2040232743295685,-0.1832315464703722,-0.23510237636567338,-0.4735933074256388,0.7071067811865475,0.0,-0.6597250460563985,29
8754,-0.12792277383035552,0.20480778859513823,-0.1832315464703722,-0.23510237636567338,-0.05195351032054794,0.7071067811865475,0.0,-0.6597250460563985,32
8755,-0.12792277383035552,-1.2040232743295685,-0.1832315464703722,-0.23510237636567338,-0.6844132059781843,0.0,0.7071067811865475,-1.0615629010115046,36
8756,-0.12792277383035552,1.613638851519845,3.834193337419991,12.51205897293684,1.0021459824421792,0.7071067811865475,0.0,0.5457885188089201,21
8757,-0.12792277383035552,-0.4996077428672151,-0.1832315464703722,-0.23510237636567338,-0.4735933074256388,0.7071067811865475,0.0,0.9476263737640264,21
8758,-0.12792277383035552,-0.14739997713603842,-0.1832315464703722,-0.23510237636567338,2.0562454752049066,0.0,0.7071067811865475,-0.25788719110129227,47
8759,-0.12792277383035552,-0.8518155085983917,-0.1832315464703722,-0.23510237636567338,0.15886638823199753,0.7071067811865475,0.0,-1.0615629010115046,36
8760,-0.12792277383035552,0.9092233200574916,-0.1832315464703722,-0.23510237636567338,0.5805061853370884,0.7071067811865475,0.0,0.9476263737640264,25
8761,-0.12792277383035552,-0.8518155085983917,-0.1832315464703722,-0.23510237636567338,0.15886638823199753,0.0,0.7071067811865475,-0.25788719110129227,32
8762,-0.12792277383035552,-1.2040232743295685,-0.1832315464703722,-0.23510237636567338,-0.4735933074256388,0.7071067811865475,0.0,-1.0615629010115046,43
8764,-0.12792277383035552,0.5570155543263149,-0.1832315464703722,-0.23510237636567338,-0.2627734088730934,0.7071067811865475,0.0,-0.25788719110129227,27
8765,-0.12792277383035552,-0.14739997713603842,-0.1832315464703722,-0.23510237636567338,1.0021459824421792,0.0,0.7071067811865475,-0.25788719110129227,26
8768,-0.12792277383035552,-0.4996077428672151,-0.1832315464703722,-0.23510237636567338,-0.4735933074256388,0.7071067811865475,0.0,0.5457885188089201,21
8770,-0.12792277383035552,-0.8518155085983917,-0.1832315464703722,-0.23510237636567338,-0.6844132059781843,0.0,0.7071067811865475,-1.0615629010115046,34
8771,-0.12792277383035552,-1.2040232743295685,-0.1832315464703722,-0.23510237636567338,-0.4735933074256388,0.0,0.7071067811865475,-1.0615629010115046,46
8773,4.186499958852454,0.5570155543263149,-0.1832315464703722,-0.23510237636567338,4.164444460730361,0.0,0.7071067811865475,1.7513020836742388,40
8774,-0.12792277383035552,-0.4996077428672151,-0.1832315464703722,-0.23510237636567338,-0.05195351032054794,0.0,0.7071067811865475,-1.0615629010115046,38
8775,-0.12792277383035552,1.613638851519845,-0.1832315464703722,-0.23510237636567338,0.7913260838896339,0.7071067811865475,0.0,0.14395066385381394,41
8776,-0.12792277383035552,1.9658466172510216,-0.1832315464703722,-0.23510237636567338,0.7913260838896339,0.7071067811865475,0.0,1.7513020836742388,25
8777,-0.12792277383035552,-0.14739997713603842,-0.1832315464703722,-0.23510237636567338,-0.4735933074256388,0.7071067811865475,0.0,1.3494642287191325,21
8778,-0.12792277383035552,-1.2040232743295685,-0.1832315464703722,-0.23510237636567338,-0.6844132059781843,0.0,0.7071067811865475,-1.0615629010115046,74
8781,-0.12792277383035552,-0.14739997713603842,-0.1832315464703722,-0.23510237636567338,0.36968628678454296,0.0,0.7071067811865475,0.14395066385381394,41
8785,-0.12792277383035552,-0.4996077428672151,-0.1832315464703722,-0.23510237636567338,-0.6844132059781843,0.0,0.7071067811865475,-0.25788719110129227,27
8786,-0.12792277383035552,-0.8518155085983917,1.8254808954748094,-0.23510237636567338,-0.4735933074256388,0.0,0.7071067811865475,-0.6597250460563985,30
8787,-0.12792277383035552,0.5570155543263149,-0.1832315464703722,-0.23510237636567338,-0.05195351032054794,0.7071067811865475,0.0,-0.6597250460563985,33
8789,-0.12792277383035552,-0.8518155085983917,-0.1832315464703722,-0.23510237636567338,-0.2627734088730934,0.0,0.7071067811865475,-0.25788719110129227,24
8790,-0.12792277383035552,-1.2040232743295685,-0.1832315464703722,-0.23510237636567338,-0.6844132059781843,0.7071067811865475,0.0,-1.0615629010115046,52
8791,-0.12792277383035552,0.5570155543263149,-0.1832315464703722,-0.23510237636567338,-0.6844132059781843,0.0,0.7071067811865475,-0.25788719110129227,29
8792,-0.12792277383035552,-0.8518155085983917,-0.1832315464703722,-0.23510237636567338,-0.6844132059781843,0.7071067811865475,0.0,-1.0615629010115046,42
8794,-0.12792277383035552,-0.8518155085983917,-0.1832315464703722,1.8894245151847455,-0.4735933074256388,0.7071067811865475,0.0,-0.6597250460563985,30
8797,-0.12792277383035552,0.20480778859513823,-0.1832315464703722,-0.23510237636567338,-0.6844132059781843,0.7071067811865475,0.0,0.14395066385381394,33
8798,-0.12792277383035552,-1.2040232743295685,-0.1832315464703722,-0.23510237636567338,-0.4735933074256388,0.7071067811865475,0.0,-1.0615629010115046,38
8799,-0.12792277383035552,0.5570155543263149,-0.1832315464703722,1.8894245151847455,-0.2627734088730934,0.7071067811865475,0.0,0.9476263737640264,21
8800,-0.12792277383035552,-0.14739997713603842,-0.1832315464703722,-0.23510237636567338,1.2129658809947248,0.0,0.7071067811865475,-1.0615629010115046,41
8802,-0.12792277383035552,1.2614310857886681,-0.1832315464703722,-0.23510237636567338,0.36968628678454296,0.0,0.7071067811865475,1.3494642287191325,28
8805,-0.12792277383035552,-1.2040232743295685,-0.1832315464703722,-0.23510237636567338,-0.05195351032054794,0.7071067811865475,0.0,-1.0615629010115046,52
8807,-0.12792277383035552,1.2614310857886681,-0.1832315464703722,6.138478298285584,-0.4735933074256388,0.7071067811865475,0.0,0.9476263737640264,21
8809,-0.12792277383035552,0.20480778859513823,-0.1832315464703722,-0.23510237636567338,-0.4735933074256388,0.7071067811865475,0.0,0.5457885188089201,22
8812,-0.12792277383035552,-0.4996077428672151,-0.1832315464703722,-0.23510237636567338,-0.05195351032054794,0.7071067811865475,0.0,-0.6597250460563985,32
8813,-0.12792277383035552,-0.8518155085983917,-0.1832315464703722,-0.23510237636567338,-0.6844132059781843,0.7071067811865475,0.0,-0.25788719110129227,25
8814,-0.12792277383035552,-0.4996077428672151,-0.1832315464703722,-0.23510237636567338,-0.6844132059781843,0.0,0.7071067811865475,-0.25788719110129227,27
8816,-0.12792277383035552,-0.8518155085983917,-0.1832315464703722,-0.23510237636567338,-0.6844132059781843,0.7071067811865475,0.0,-0.6597250460563985,35
8818,-0.12792277383035552,-0.4996077428672151,-0.1832315464703722,-0.23510237636567338,-0.2627734088730934,0.0,0.7071067811865475,-0.25788719110129227,40
8819,-0.12792277383035552,-0.4996077428672151,-0.1832315464703722,-0.23510237636567338,-0.6844132059781843,0.7071067811865475,0.0,-0.25788719110129227,29
8820,-0.12792277383035552,1.613638851519845,-0.1832315464703722,4.013951406735165,-0.2627734088730934,0.0,0.7071067811865475,1.3494642287191325,24
8821,10.65813405787667,1.9658466172510216,1.8254808954748094,-0.23510237636567338,1.4237857795472701,0.7071067811865475,0.0,2.153139938629345,24
8823,-0.12792277383035552,1.9658466172510216,1.8254808954748094,-0.23510237636567338,4.796904156387997,0.7071067811865475,0.0,0.9476263737640264,36
8827,-0.12792277383035552,-0.4996077428672151,-0.1832315464703722,-0.23510237636567338,0.36968628678454296,0.7071067811865475,0.0,-0.6597250460563985,26
8828,-0.12792277383035552,-0.8518155085983917,-0.1832315464703722,-0.23510237636567338,-0.4735933074256388,0.7071067811865475,0.0,-0.25788719110129227,50
8830,-0.12792277383035552,0.9092233200574916,-0.1832315464703722,-0.23510237636567338,-0.4735933074256388,0.7071067811865475,0.0,1.7513020836742388,21
8831,-0.12792277383035552,-1.2040232743295685,-0.1832315464703722,-0.23510237636567338,-0.6844132059781843,0.0,0.7071067811865475,-1.0615629010115046,51
8832,-0.12792277383035552,0.20480778859513823,-0.1832315464703722,4.013951406735165,-0.2627734088730934,0.7071067811865475,0.0,0.5457885188089201,24
8835,-0.12792277383035552,-1.2040232743295685,-0.1832315464703722,-0.23510237636567338,-0.05195351032054794,0.0,0.7071067811865475,-0.6597250460563985,29
8838,-0.12792277383035552,-0.14739997713603842,-0.1832315464703722,-0.23510237636567338,-0.6844132059781843,0.0,0.7071067811865475,0.14395066385381394,25
8841,-0.12792277383035552,-0.4996077428672151,-0.1832315464703722,-0.23510237636567338,-0.6844132059781843,0.7071067811865475,0.0,-1.0615629010115046,38
8842,-0.12792277383035552,-0.4996077428672151,-0.1832315464703722,-0.23510237636567338,-0.4735933074256388,0.7071067811865475,0.0,-0.25788719110129227,46
8843,-0.12792277383035552,0.9092233200574916,-0.1832315464703722,4.013951406735165,1.2129658809947248,0.0,0.7071067811865475,1.3494642287191325,33
8844,-0.12792277383035552,0.9092233200574916,1.8254808954748094,-0.23510237636567338,3.321164866520179,0.7071067811865475,0.0,-0.6597250460563985,31
8845,-0.12792277383035552,-0.14739997713603842,-0.1832315464703722,-0.23510237636567338,-0.6844132059781843,0.0,0.7071067811865475,0.9476263737640264,21
8846,-0.12792277383035552,-1.2040232743295685,-0.1832315464703722,-0.23510237636567338,-0.4735933074256388,0.0,0.7071067811865475,-1.0615629010115046,60
8847,-0.12792277383035552,0.20480778859513823,-0.1832315464703722,-0.23510237636567338,-0.05195351032054794,0.7071067811865475,0.0,-0.25788719110129227,39
8854,-0.12792277383035552,-0.14739997713603842,-0.1832315464703722,-0.23510237636567338,0.15886638823199753,0.7071067811865475,0.0,0.5457885188089201,35
8855,-0.12792277383035552,-0.8518155085983917,-0.1832315464703722,-0.23510237636567338,1.845425576652361,0.7071067811865475,0.0,-0.6597250460563985,49
8856,-0.12792277383035552,-0.14739997713603842,-0.1832315464703722,-0.23510237636567338,-0.4735933074256388,0.0,0.7071067811865475,1.3494642287191325,26
8857,-0.12792277383035552,0.20480778859513823,-0.1832315464703722,-0.23510237636567338,-0.6844132059781843,0.0,0.7071067811865475,0.14395066385381394,27
8858,-0.12792277383035552,0.5570155543263149,1.8254808954748094,6.138478298285584,-0.2627734088730934,0.7071067811865475,0.0,0.5457885188089201,22
8859,-0.12792277383035552,-0.14739997713603842,-0.1832315464703722,-0.23510237636567338,-0.6844132059781843,0.7071067811865475,0.0,-0.6597250460563985,29
8861,-0.12792277383035552,1.613638851519845,-0.1832315464703722,-0.23510237636567338,-0.6844132059781843,0.0,0.7071067811865475,0.14395066385381394,31
8863,-0.12792277383035552,0.5570155543263149,-0.1832315464703722,-0.23510237636567338,0.36968628678454296,0.7071067811865475,0.0,0.9476263737640264,31
8864,-0.12792277383035552,-0.4996077428672151,-0.1832315464703722,-0.23510237636567338,-0.6844132059781843,0.7071067811865475,0.0,-0.25788719110129227,29
8865,-0.12792277383035552,-1.2040232743295685,-0.1832315464703722,-0.23510237636567338,-0.6844132059781843,0.7071067811865475,0.0,-1.0615629010115046,65
8866,-0.12792277383035552,-0.4996077428672151,-0.1832315464703722,-0.23510237636567338,-0.4735933074256388,0.0,0.7071067811865475,-1.0615629010115046,34
8867,-0.12792277383035552,1.9658466172510216,-0.1832315464703722,4.013951406735165,0.5805061853370884,0.7071067811865475,0.0,0.5457885188089201,24
8869,-0.12792277383035552,-0.8518155085983917,-0.1832315464703722,-0.23510237636567338,-0.6844132059781843,0.0,0.7071067811865475,-1.0615629010115046,46
8871,-0.12792277383035552,-0.14739997713603842,-0.1832315464703722,-0.23510237636567338,-0.6844132059781843,0.7071067811865475,0.0,0.9476263737640264,20
8873,-0.12792277383035552,1.9658466172510216,-0.1832315464703722,-0.23510237636567338,2.688705170862543,0.7071067811865475,0.0,2.153139938629345,29
8876,-0.12792277383035552,-0.4996077428672151,-0.1832315464703722,-0.23510237636567338,0.7913260838896339,0.7071067811865475,0.0,-0.6597250460563985,29
8877,-0.12792277383035552,-1.2040232743295685,-0.1832315464703722,-0.23510237636567338,-0.05195351032054794,0.7071067811865475,0.0,-1.0615629010115046,56
8879,-0.12792277383035552,-0.14739997713603842,-0.1832315464703722,-0.23510237636567338,-0.6844132059781843,0.7071067811865475,0.0,1.3494642287191325,21
8881,-0.12792277383035552,1.9658466172510216,-0.1832315464703722,-0.23510237636567338,-0.6844132059781843,0.7071067811865475,0.0,2.153139938629345,40
8882,-0.12792277383035552,1.613638851519845,-0.1832315464703722,-0.23510237636567338,-0.2627734088730934,0.0,0.7071067811865475,1.7513020836742388,22
8884,-0.12792277383035552,-1.2040232743295685,-0.1832315464703722,-0.23510237636567338,-0.6844132059781843,0.0,0.7071067811865475,-1.0615629010115046,39
8885,-0.12792277383035552,1.2614310857886681,1.8254808954748094,-0.23510237636567338,-0.4735933074256388,0.7071067811865475,0.0,2.554977793584451,22
8887,-0.12792277383035552,0.5570155543263149,-0.1832315464703722,-0.23510237636567338,0.36968628678454296,0.7071067811865475,0.0,0.14395066385381394,27
8889,-0.12792277383035552,-0.8518155085983917,-0.1832315464703722,-0.23510237636567338,-0.4735933074256388,0.7071067811865475,0.0,-1.0615629010115046,36
8890,-0.12792277383035552,-1.2040232743295685,-0.1832315464703722,-0.23510237636567338,-0.6844132059781843,0.7071067811865475,0.0,-0.6597250460563985,30
8893,-0.12792277383035552,0.5570155543263149,-0.1832315464703722,-0.23510237636567338,-0.6844132059781843,0.0,0.7071067811865475,0.5457885188089201,36
8897,-0.12792277383035552,-1.2040232743295685,-0.1832315464703722,-0.23510237636567338,-0.6844132059781843,0.7071067811865475,0.0,-1.0615629010115046,32
8899,-0.12792277383035552,1.613638851519845,-0.1832315464703722,-0.23510237636567338,0.36968628678454296,0.7071067811865475,0.0,-0.6597250460563985,34
8902,-0.12792277383035552,-0.4996077428672151,-0.1832315464703722,-0.23510237636567338,-0.6844132059781843,0.0,0.7071067811865475,0.14395066385381394,23
8905,-0.12792277383035552,-1.2040232743295685,-0.1832315464703722,-0.23510237636567338,-0.6844132059781843,0.0,0.7071067811865475,-1.0615629010115046,52
8906,-0.12792277383035552,1.9658466172510216,1.8254808954748094,1.8894245151847455,-0.4735933074256388,0.7071067811865475,0.0,2.554977793584451,20
8908,-0.12792277383035552,-0.14739997713603842,-0.1832315464703722,-0.23510237636567338,0.36968628678454296,0.0,0.7071067811865475,-0.6597250460563985,38
8909,-0.12792277383035552,-1.2040232743295685,-0.1832315464703722,-0.23510237636567338,-0.6844132059781843,0.0,0.7071067811865475,-1.0615629010115046,46
8910,-0.12792277383035552,-0.14739997713603842,-0.1832315464703722,-0.23510237636567338,-0.6844132059781843,0.7071067811865475,0.0,0.14395066385381394,27
8914,-0.12792277383035552,-0.4996077428672151,-0.1832315464703722,-0.23510237636567338,-0.2627734088730934,0.7071067811865475,0.0,0.5457885188089201,20
8918,-0.12792277383035552,-0.8518155085983917,-0.1832315464703722,-0.23510237636567338,-0.4735933074256388,0.7071067811865475,0.0,-0.6597250460563985,29
8920,-0.12792277383035552,-0.8518155085983917,-0.1832315464703722,-0.23510237636567338,0.7913260838896339,0.7071067811865475,0.0,-1.0615629010115046,35
8921,-0.12792277383035552,-1.2040232743295685,-0.1832315464703722,-0.23510237636567338,-0.4735933074256388,0.0,0.7071067811865475,-1.0615629010115046,37
8922,-0.12792277383035552,-1.2040232743295685,-0.1832315464703722,-0.23510237636567338,-0.6844132059781843,0.7071067811865475,0.0,-1.0615629010115046,63
8924,-0.12792277383035552,-0.14739997713603842,-0.1832315464703722,-0.23510237636567338,-0.4735933074256388,0.7071067811865475,0.0,0.5457885188089201,27
8925,-0.12792277383035552,0.20480778859513823,-0.1832315464703722,-0.23510237636567338,-0.6844132059781843,0.7071067811865475,0.0,0.14395066385381394,27
8926,-0.12792277383035552,0.5570155543263149,-0.1832315464703722,-0.23510237636567338,-0.2627734088730934,0.0,0.7071067811865475,0.5457885188089201,24
8929,-0.12792277383035552,-0.8518155085983917,-0.1832315464703722,-0.23510237636567338,-0.4735933074256388,0.7071067811865475,0.0,-0.6597250460563985,30
8933,-0.12792277383035552,1.9658466172510216,-0.1832315464703722,-0.23510237636567338,0.15886638823199753,0.7071067811865475,0.0,2.153139938629345,25
8936,-0.12792277383035552,-1.2040232743295685,-0.1832315464703722,-0.23510237636567338,-0.6844132059781843,0.0,0.7071067811865475,-0.6597250460563985,27
8938,-0.12792277383035552,0.20480778859513823,-0.1832315464703722,-0.23510237636567338,-0.6844132059781843,0.0,0.7071067811865475,-0.25788719110129227,48
8939,-0.12792277383035552,-0.14739997713603842,-0.1832315464703722,-0.23510237636567338,-0.4735933074256388,0.0,0.7071067811865475,0.5457885188089201,26
8940,-0.12792277383035552,-1.2040232743295685,-0.1832315464703722,-0.23510237636567338,-0.6844132059781843,0.7071067811865475,0.0,-1.0615629010115046,58
8941,-0.12792277383035552,0.20480778859513823,-0.1832315464703722,4.013951406735165,-0.4735933074256388,0.7071067811865475,0.0,0.9476263737640264,23
8942,-0.12792277383035552,-0.14739997713603842,1.8254808954748094,1.8894245151847455,-0.05195351032054794,0.0,0.7071067811865475,0.5457885188089201,22
8944,-0.12792277383035552,-1.2040232743295685,-0.1832315464703722,-0.23510237636567338,-0.6844132059781843,0.7071067811865475,0.0,-1.0615629010115046,41
8945,-0.12792277383035552,0.9092233200574916,-0.1832315464703722,-0.23510237636567338,-0.6844132059781843,0.7071067811865475,0.0,1.3494642287191325,21
8948,-0.12792277383035552,-0.8518155085983917,-0.1832315464703722,-0.23510237636567338,-0.6844132059781843,0.0,0.7071067811865475,-0.25788719110129227,26
8949,-0.12792277383035552,0.5570155543263149,-0.1832315464703722,-0.23510237636567338,-0.05195351032054794,0.0,0.7071067811865475,-0.6597250460563985,39
8954,-0.12792277383035552,-1.2040232743295685,-0.1832315464703722,-0.23510237636567338,-0.6844132059781843,0.0,0.7071067811865475,-1.0615629010115046,46
8959,-0.12792277383035552,1.2614310857886681,1.8254808954748094,-0.23510237636567338,0.7913260838896339,0.7071067811865475,0.0,-0.25788719110129227,33
8960,-0.12792277383035552,-0.14739997713603842,-0.1832315464703722,-0.23510237636567338,-0.2627734088730934,0.7071067811865475,0.0,-1.0615629010115046,36
8961,-0.12792277383035552,1.613638851519845,1.8254808954748094,-0.23510237636567338,-0.4735933074256388,0.7071067811865475,0.0,2.153139938629345,20
8962,-0.12792277383035552,-0.4996077428672151,-0.1832315464703722,-0.23510237636567338,-0.6844132059781843,0.0,0.7071067811865475,-0.25788719110129227,32
8964,-0.12792277383035552,-0.14739997713603842,-0.1832315464703722,-0.23510237636567338,2.8995250694150885,0.0,0.7071067811865475,-1.0615629010115046,38
8967,-0.12792277383035552,-1.2040232743295685,-0.1832315464703722,-0.23510237636567338,-0.4735933074256388,0.0,0.7071067811865475,-1.0615629010115046,64
8969,-0.12792277383035552,0.20480778859513823,-0.1832315464703722,-0.23510237636567338,-0.4735933074256388,0.7071067811865475,0.0,0.5457885188089201,22
8970,-0.12792277383035552,-1.2040232743295685,-0.1832315464703722,-0.23510237636567338,-0.6844132059781843,0.0,0.7071067811865475,-1.0615629010115046,69
8971,-0.12792277383035552,-0.14739997713603842,-0.1832315464703722,-0.23510237636567338,-0.2627734088730934,0.7071067811865475,0.0,0.14395066385381394,26
8972,-0.12792277383035552,0.5570155543263149,-0.1832315464703722,-0.23510237636567338,-0.4735933074256388,0.0,0.7071067811865475,0.14395066385381394,27
8974,-0.12792277383035552,1.2614310857886681,-0.1832315464703722,-0.23510237636567338,-0.2627734088730934,0.7071067811865475,0.0,1.7513020836742388,22
8976,-0.12792277383035552,-1.2040232743295685,-0.1832315464703722,-0.23510237636567338,-0.6844132059781843,0.7071067811865475,0.0,-1.0615629010115046,43
8983,-0.12792277383035552,-1.2040232743295685,-0.1832315464703722,-0.23510237636567338,-0.6844132059781843,0.0,0.7071067811865475,-1.0615629010115046,55
8984,-0.12792277383035552,-1.2040232743295685,-0.1832315464703722,-0.23510237636567338,-0.6844132059781843,0.0,0.7071067811865475,-1.0615629010115046,34
8988,-0.12792277383035552,-0.8518155085983917,-0.1832315464703722,4.013951406735165,-0.4735933074256388,0.7071067811865475,0.0,0.9476263737640264,20
8989,-0.12792277383035552,0.9092233200574916,-0.1832315464703722,-0.23510237636567338,-0.4735933074256388,0.0,0.7071067811865475,1.3494642287191325,22
8992,-0.12792277383035552,1.613638851519845,-0.1832315464703722,-0.23510237636567338,1.2129658809947248,0.7071067811865475,0.0,0.5457885188089201,33
8995,-0.12792277383035552,1.2614310857886681,-0.1832315464703722,-0.23510237636567338,0.7913260838896339,0.7071067811865475,0.0,2.554977793584451,55
8996,-0.12792277383035552,0.5570155543263149,-0.1832315464703722,-0.23510237636567338,-0.4735933074256388,0.7071067811865475,0.0,1.7513020836742388,22
8997,-0.12792277383035552,-1.2040232743295685,-0.1832315464703722,-0.23510237636567338,-0.4735933074256388,0.7071067811865475,0.0,-1.0615629010115046,55
8998,-0.12792277383035552,-1.2040232743295685,-0.1832315464703722,-0.23510237636567338,-0.6844132059781843,0.7071067811865475,0.0,-1.0615629010115046,43
8999,-0.12792277383035552,1.9658466172510216,-0.1832315464703722,6.138478298285584,-0.6844132059781843,0.7071067811865475,0.0,2.153139938629345,21
9004,-0.12792277383035552,-0.8518155085983917,-0.1832315464703722,-0.23510237636567338,-0.6844132059781843,0.7071067811865475,0.0,0.14395066385381394,23
9005,-0.12792277383035552,0.20480778859513823,-0.1832315464703722,-0.23510237636567338,-0.4735933074256388,0.0,0.7071067811865475,-0.6597250460563985,28
9008,-0.12792277383035552,-1.2040232743295685,-0.1832315464703722,-0.23510237636567338,-0.6844132059781843,0.7071067811865475,0.0,-1.0615629010115046,45
9010,-0.12792277383035552,-1.2040232743295685,-0.1832315464703722,-0.23510237636567338,-0.4735933074256388,0.7071067811865475,0.0,-0.6597250460563985,39
9012,-0.12792277383035552,-1.2040232743295685,-0.1832315464703722,-0.23510237636567338,-0.4735933074256388,0.0,0.7071067811865475,-1.0615629010115046,79
9013,-0.12792277383035552,-1.2040232743295685,-0.1832315464703722,-0.23510237636567338,-0.4735933074256388,0.7071067811865475,0.0,-1.0615629010115046,48
9017,-0.12792277383035552,1.2614310857886681,3.834193337419991,1.8894245151847455,-0.2627734088730934,0.7071067811865475,0.0,1.7513020836742388,20
9018,2.0292885925110493,1.2614310857886681,-0.1832315464703722,-0.23510237636567338,0.36968628678454296,0.0,0.7071067811865475,-0.25788719110129227,31
9020,-0.12792277383035552,0.20480778859513823,1.8254808954748094,-0.23510237636567338,0.15886638823199753,0.0,0.7071067811865475,-0.6597250460563985,30
9022,-0.12792277383035552,-0.14739997713603842,-0.1832315464703722,-0.23510237636567338,0.36968628678454296,0.7071067811865475,0.0,-0.6597250460563985,32
9023,-0.12792277383035552,-1.2040232743295685,-0.1832315464703722,-0.23510237636567338,-0.4735933074256388,0.0,0.7071067811865475,-1.0615629010115046,56
9028,-0.12792277383035552,-1.2040232743295685,-0.1832315464703722,-0.23510237636567338,-0.2627734088730934,0.0,0.7071067811865475,-1.0615629010115046,43
9030,-0.12792277383035552,-0.4996077428672151,-0.1832315464703722,4.013951406735165,-0.6844132059781843,0.7071067811865475,0.0,0.5457885188089201,20
9031,-0.12792277383035552,0.9092233200574916,-0.1832315464703722,-0.23510237636567338,3.7428046636252703,0.7071067811865475,0.0,-0.25788719110129227,27
9032,-0.12792277383035552,0.5570155543263149,-0.1832315464703722,-0.23510237636567338,-0.6844132059781843,0.0,0.7071067811865475,-0.6597250460563985,41
9033,-0.12792277383035552,-0.4996077428672151,-0.1832315464703722,-0.23510237636567338,-0.4735933074256388,0.7071067811865475,0.0,-0.25788719110129227,24
9034,-0.12792277383035552,-1.2040232743295685,-0.1832315464703722,-0.23510237636567338,-0.05195351032054794,0.0,0.7071067811865475,-1.0615629010115046,43
9038,-0.12792277383035552,-1.2040232743295685,-0.1832315464703722,-0.23510237636567338,-0.4735933074256388,0.7071067811865475,0.0,-1.0615629010115046,33
9039,-0.12792277383035552,-0.4996077428672151,-0.1832315464703722,-0.23510237636567338,-0.6844132059781843,0.7071067811865475,0.0,0.14395066385381394,22
9040,-0.12792277383035552,-1.2040232743295685,-0.1832315464703722,-0.23510237636567338,-0.05195351032054794,0.7071067811865475,0.0,-1.0615629010115046,34
9041,-0.12792277383035552,-1.2040232743295685,-0.1832315464703722,-0.23510237636567338,-0.6844132059781843,0.0,0.7071067811865475,-1.0615629010115046,36
9042,-0.12792277383035552,0.20480778859513823,-0.1832315464703722,-0.23510237636567338,-0.6844132059781843,0.7071067811865475,0.0,-1.0615629010115046,69
9043,-0.12792277383035552,0.20480778859513823,-0.1832315464703722,-0.23510237636567338,0.36968628678454296,0.7071067811865475,0.0,0.14395066385381394,32
9044,-0.12792277383035552,0.9092233200574916,-0.1832315464703722,-0.23510237636567338,-0.4735933074256388,0.7071067811865475,0.0,0.5457885188089201,22
9045,-0.12792277383035552,0.20480778859513823,-0.1832315464703722,-0.23510237636567338,-0.6844132059781843,0.7071067811865475,0.0,-0.6597250460563985,46
9046,-0.12792277383035552,0.20480778859513823,-0.1832315464703722,-0.23510237636567338,-0.4735933074256388,0.0,0.7071067811865475,-0.25788719110129227,34
9047,-0.12792277383035552,-1.2040232743295685,-0.1832315464703722,-0.23510237636567338,-0.6844132059781843,0.0,0.7071067811865475,-1.0615629010115046,32
9049,-0.12792277383035552,-1.2040232743295685,-0.1832315464703722,-0.23510237636567338,-0.6844132059781843,0.0,0.7071067811865475,-1.0615629010115046,39
9054,-0.12792277383035552,0.9092233200574916,-0.1832315464703722,1.8894245151847455,0.5805061853370884,0.0,0.7071067811865475,1.3494642287191325,25
9055,-0.12792277383035552,-0.14739997713603842,-0.1832315464703722,1.8894245151847455,-0.6844132059781843,0.0,0.7071067811865475,0.9476263737640264,21
9056,-0.12792277383035552,0.5570155543263149,-0.1832315464703722,-0.23510237636567338,1.2129658809947248,0.7071067811865475,0.0,-1.0615629010115046,63
9058,-0.12792277383035552,-0.14739997713603842,-0.1832315464703722,-0.23510237636567338,1.0021459824421792,0.7071067811865475,0.0,0.5457885188089201,24
9060,-0.12792277383035552,0.20480778859513823,-0.1832315464703722,-0.23510237636567338,-0.2627734088730934,0.0,0.7071067811865475,0.14395066385381394,29
9061,-0.12792277383035552,1.2614310857886681,5.842905779365172,-0.23510237636567338,-0.05195351032054794,0.7071067811865475,0.0,1.7513020836742388,20
9062,-0.12792277383035552,0.20480778859513823,-0.1832315464703722,-0.23510237636567338,-0.6844132059781843,0.0,0.7071067811865475,-0.6597250460563985,40
9064,-0.12792277383035552,1.2614310857886681,-0.1832315464703722,-0.23510237636567338,0.7913260838896339,0.7071067811865475,0.0,0.14395066385381394,30
9070,-0.12792277383035552,0.9092233200574916,-0.1832315464703722,-0.23510237636567338,0.36968628678454296,0.7071067811865475,0.0,-1.0615629010115046,50
9072,-0.12792277383035552,0.9092233200574916,-0.1832315464703722,-0.23510237636567338,0.15886638823199753,0.0,0.7071067811865475,1.3494642287191325,37
9074,-0.12792277383035552,0.9092233200574916,-0.1832315464703722,-0.23510237636567338,-0.4735933074256388,0.7071067811865475,0.0,-0.6597250460563985,34
9075,-0.12792277383035552,-0.8518155085983917,-0.1832315464703722,-0.23510237636567338,-0.6844132059781843,0.7071067811865475,0.0,-1.0615629010115046,35
9076,-0.12792277383035552,-0.8518155085983917,-0.1832315464703722,-0.23510237636567338,-0.4735933074256388,0.0,0.7071067811865475,-1.0615629010115046,31
9077,-0.12792277383035552,0.9092233200574916,-0.1832315464703722,1.8894245151847455,1.4237857795472701,0.7071067811865475,0.0,0.9476263737640264,23
9079,-0.12792277383035552,-0.14739997713603842,-0.1832315464703722,-0.23510237636567338,-0.6844132059781843,0.7071067811865475,0.0,0.5457885188089201,22
9080,-0.12792277383035552,-1.2040232743295685,-0.1832315464703722,-0.23510237636567338,-0.2627734088730934,0.7071067811865475,0.0,-1.0615629010115046,37
9081,-0.12792277383035552,-0.14739997713603842,-0.1832315464703722,-0.23510237636567338,-0.6844132059781843,0.7071067811865475,0.0,1.3494642287191325,20
9085,-0.12792277383035552,0.20480778859513823,-0.1832315464703722,-0.23510237636567338,-0.2627734088730934,0.7071067811865475,0.0,0.14395066385381394,26
9086,-0.12792277383035552,1.613638851519845,-0.1832315464703722,-0.23510237636567338,1.845425576652361,0.7071067811865475,0.0,0.5457885188089201,34
9087,-0.12792277383035552,-1.2040232743295685,-0.1832315464703722,-0.23510237636567338,-0.2627734088730934,0.0,0.7071067811865475,-1.0615629010115046,59
9089,-0.12792277383035552,-0.8518155085983917,-0.1832315464703722,-0.23510237636567338,-0.2627734088730934,0.0,0.7071067811865475,-0.25788719110129227,37
9091,-0.12792277383035552,-1.2040232743295685,-0.1832315464703722,-0.23510237636567338,-0.6844132059781843,0.7071067811865475,0.0,-1.0615629010115046,38
9092,-0.12792277383035552,-1.2040232743295685,-0.1832315464703722,-0.23510237636567338,-0.4735933074256388,0.7071067811865475,0.0,-1.0615629010115046,45
9093,-0.12792277383035552,1.2614310857886681,-0.1832315464703722,-0.23510237636567338,-0.4735933074256388,0.7071067811865475,0.0,1.3494642287191325,22
9094,-0.12792277383035552,1.2614310857886681,-0.1832315464703722,1.8894245151847455,-0.05195351032054794,0.7071067811865475,0.0,0.9476263737640264,24
9096,-0.12792277383035552,0.20480778859513823,-0.1832315464703722,-0.23510237636567338,0.36968628678454296,0.7071067811865475,0.0,1.3494642287191325,25
9097,-0.12792277383035552,0.5570155543263149,-0.1832315464703722,-0.23510237636567338,0.5805061853370884,0.7071067811865475,0.0,0.9476263737640264,24
9102,-0.12792277383035552,-0.14739997713603842,-0.1832315464703722,-0.23510237636567338,-0.4735933074256388,0.0,0.7071067811865475,1.3494642287191325,20
9106,-0.12792277383035552,-0.8518155085983917,-0.1832315464703722,-0.23510237636567338,-0.2627734088730934,0.7071067811865475,0.0,-0.6597250460563985,32
9110,-0.12792277383035552,1.2614310857886681,-0.1832315464703722,-0.23510237636567338,-0.05195351032054794,0.7071067811865475,0.0,-0.6597250460563985,49
9112,-0.12792277383035552,0.9092233200574916,-0.1832315464703722,-0.23510237636567338,1.6346056780998157,0.7071067811865475,0.0,-0.6597250460563985,31
9115,-0.12792277383035552,0.9092233200574916,-0.1832315464703722,-0.23510237636567338,0.7913260838896339,0.7071067811865475,0.0,-0.25788719110129227,58
9116,-0.12792277383035552,-1.2040232743295685,-0.1832315464703722,-0.23510237636567338,-0.2627734088730934,0.0,0.7071067811865475,-1.0615629010115046,50
9119,-0.12792277383035552,0.9092233200574916,1.8254808954748094,1.8894245151847455,1.6346056780998157,0.7071067811865475,0.0,0.14395066385381394,26
9120,2.0292885925110493,0.5570155543263149,-0.1832315464703722,-0.23510237636567338,-0.4735933074256388,0.7071067811865475,0.0,1.7513020836742388,20
9125,-0.12792277383035552,-0.8518155085983917,-0.1832315464703722,-0.23510237636567338,-0.4735933074256388,0.0,0.7071067811865475,-1.0615629010115046,51
9126,-0.12792277383035552,-0.8518155085983917,-0.1832315464703722,-0.23510237636567338,-0.2627734088730934,0.0,0.7071067811865475,-0.6597250460563985,30
9127,-0.12792277383035552,-1.2040232743295685,-0.1832315464703722,-0.23510237636567338,-0.6844132059781843,0.0,0.7071067811865475,-1.0615629010115046,39
9129,-0.12792277383035552,0.5570155543263149,-0.1832315464703722,-0.23510237636567338,-0.2627734088730934,0.7071067811865475,0.0,0.14395066385381394,26
9131,-0.12792277383035552,0.20480778859513823,-0.1832315464703722,-0.23510237636567338,-0.6844132059781843,0.0,0.7071067811865475,0.9476263737640264,20
9133,-0.12792277383035552,0.20480778859513823,-0.1832315464703722,-0.23510237636567338,-0.6844132059781843,0.7071067811865475,0.0,0.14395066385381394,26
9136,-0.12792277383035552,-0.14739997713603842,-0.1832315464703722,-0.23510237636567338,0.36968628678454296,0.7071067811865475,0.0,-0.25788719110129227,26
9143,-0.12792277383035552,-0.8518155085983917,-0.1832315464703722,4.013951406735165,-0.6844132059781843,0.7071067811865475,0.0,0.9476263737640264,20
9144,-0.12792277383035552,-0.4996077428672151,-0.1832315464703722,-0.23510237636567338,-0.6844132059781843,0.7071067811865475,0.0,-0.25788719110129227,28
9145,-0.12792277383035552,-0.8518155085983917,1.8254808954748094,4.013951406735165,-0.4735933074256388,0.0,0.7071067811865475,0.14395066385381394,23
9146,-0.12792277383035552,0.20480778859513823,-0.1832315464703722,-0.23510237636567338,-0.6844132059781843,0.0,0.7071067811865475,1.3494642287191325,21
9147,-0.12792277383035552,1.613638851519845,-0.1832315464703722,-0.23510237636567338,-0.6844132059781843,0.7071067811865475,0.0,1.7513020836742388,25
9148,-0.12792277383035552,-0.4996077428672151,-0.1832315464703722,-0.23510237636567338,-0.6844132059781843,0.7071067811865475,0.0,-0.6597250460563985,30
9150,-0.12792277383035552,1.613638851519845,3.834193337419991,14.636585864487259,-0.2627734088730934,0.7071067811865475,0.0,2.153139938629345,21
9155,2.0292885925110493,0.9092233200574916,-0.1832315464703722,-0.23510237636567338,-0.4735933074256388,0.7071067811865475,0.0,2.153139938629345,20
9156,-0.12792277383035552,0.5570155543263149,-0.1832315464703722,-0.23510237636567338,0.36968628678454296,0.7071067811865475,0.0,0.14395066385381394,24
9157,-0.12792277383035552,1.9658466172510216,-0.1832315464703722,-0.23510237636567338,3.9536245621778154,0.7071067811865475,0.0,1.3494642287191325,35
9158,-0.12792277383035552,-0.4996077428672151,-0.1832315464703722,-0.23510237636567338,-0.6844132059781843,0.7071067811865475,0.0,-0.25788719110129227,27
9159,-0.12792277383035552,-0.8518155085983917,-0.1832315464703722,-0.23510237636567338,-0.2627734088730934,0.7071067811865475,0.0,-1.0615629010115046,50
9160,-0.12792277383035552,1.613638851519845,-0.1832315464703722,-0.23510237636567338,0.36968628678454296,0.0,0.7071067811865475,2.153139938629345,25
9163,2.0292885925110493,1.2614310857886681,1.8254808954748094,1.8894245151847455,1.845425576652361,0.0,0.7071067811865475,0.5457885188089201,31
9165,-0.12792277383035552,1.613638851519845,-0.1832315464703722,-0.23510237636567338,-0.6844132059781843,0.7071067811865475,0.0,2.554977793584451,26
9166,-0.12792277383035552,-0.14739997713603842,-0.1832315464703722,-0.23510237636567338,-0.6844132059781843,0.7071067811865475,0.0,0.5457885188089201,22
9167,-0.12792277383035552,-0.4996077428672151,-0.1832315464703722,-0.23510237636567338,-0.6844132059781843,0.7071067811865475,0.0,-0.25788719110129227,29
9169,-0.12792277383035552,-1.2040232743295685,-0.1832315464703722,-0.23510237636567338,-0.2627734088730934,0.7071067811865475,0.0,-1.0615629010115046,33
9170,-0.12792277383035552,-1.2040232743295685,-0.1832315464703722,-0.23510237636567338,-0.4735933074256388,0.7071067811865475,0.0,-1.0615629010115046,52
9171,-0.12792277383035552,-1.2040232743295685,-0.1832315464703722,-0.23510237636567338,-0.6844132059781843,0.0,0.7071067811865475,-1.0615629010115046,37
9172,-0.12792277383035552,0.9092233200574916,-0.1832315464703722,-0.23510237636567338,-0.6844132059781843,0.7071067811865475,0.0,1.3494642287191325,21
9173,-0.12792277383035552,1.2614310857886681,-0.1832315464703722,-0.23510237636567338,-0.4735933074256388,0.7071067811865475,0.0,0.9476263737640264,21
9174,-0.12792277383035552,1.2614310857886681,-0.1832315464703722,-0.23510237636567338,-0.6844132059781843,0.7071067811865475,0.0,0.5457885188089201,20
9175,-0.12792277383035552,-1.2040232743295685,-0.1832315464703722,-0.23510237636567338,-0.4735933074256388,0.0,0.7071067811865475,-1.0615629010115046,43
9176,-0.12792277383035552,-1.2040232743295685,-0.1832315464703722,-0.23510237636567338,-0.4735933074256388,0.7071067811865475,0.0,-1.0615629010115046,30
9178,-0.12792277383035552,-0.14739997713603842,-0.1832315464703722,-0.23510237636567338,-0.05195351032054794,0.0,0.7071067811865475,-0.6597250460563985,33
9180,-0.12792277383035552,0.9092233200574916,-0.1832315464703722,-0.23510237636567338,-0.05195351032054794,0.7071067811865475,0.0,0.9476263737640264,24
9181,-0.12792277383035552,-1.2040232743295685,-0.1832315464703722,-0.23510237636567338,-0.6844132059781843,0.0,0.7071067811865475,-1.0615629010115046,52
9182,-0.12792277383035552,0.9092233200574916,-0.1832315464703722,-0.23510237636567338,1.6346056780998157,0.7071067811865475,0.0,-0.25788719110129227,30
9183,-0.12792277383035552,-0.8518155085983917,-0.1832315464703722,-0.23510237636567338,-0.6844132059781843,0.0,0.7071067811865475,-0.6597250460563985,30
9185,-0.12792277383035552,-0.8518155085983917,-0.1832315464703722,-0.23510237636567338,2.0562454752049066,0.7071067811865475,0.0,-1.0615629010115046,47
9186,-0.12792277383035552,1.613638851519845,1.8254808954748094,-0.23510237636567338,1.2129658809947248,0.0,0.7071067811865475,0.9476263737640264,41
9187,2.0292885925110493,1.9658466172510216,-0.1832315464703722,-0.23510237636567338,0.15886638823199753,0.7071067811865475,0.0,2.554977793584451,21
9189,-0.12792277383035552,-0.8518155085983917,-0.1832315464703722,-0.23510237636567338,0.5805061853370884,0.7071067811865475,0.0,-1.0615629010115046,48
9191,-0.12792277383035552,1.613638851519845,-0.1832315464703722,-0.23510237636567338,-0.2627734088730934,0.7071067811865475,0.0,-0.25788719110129227,52
9192,-0.12792277383035552,-1.2040232743295685,-0.1832315464703722,-0.23510237636567338,-0.4735933074256388,0.0,0.7071067811865475,-1.0615629010115046,34
9196,-0.12792277383035552,-0.4996077428672151,-0.1832315464703722,-0.23510237636567338,-0.6844132059781843,0.7071067811865475,0.0,-0.6597250460563985,35
9197,-0.12792277383035552,-0.14739997713603842,-0.1832315464703722,-0.23510237636567338,-0.4735933074256388,0.7071067811865475,0.0,-0.25788719110129227,25
9201,-0.12792277383035552,-0.8518155085983917,-0.1832315464703722,1.8894245151847455,-0.4735933074256388,0.7071067811865475,0.0,-0.25788719110129227,24
9207,-0.12792277383035552,-0.8518155085983917,-0.1832315464703722,-0.23510237636567338,-0.4735933074256388,0.0,0.7071067811865475,-0.25788719110129227,25
9208,-0.12792277383035552,1.613638851519845,1.8254808954748094,-0.23510237636567338,3.5319847650727247,0.7071067811865475,0.0,0.5457885188089201,34
9209,-0.12792277383035552,-0.14739997713603842,-0.1832315464703722,-0.23510237636567338,-0.2627734088730934,0.7071067811865475,0.0,-0.25788719110129227,25
9210,2.0292885925110493,0.5570155543263149,-0.1832315464703722,-0.23510237636567338,0.15886638823199753,0.7071067811865475,0.0,0.5457885188089201,24
9212,-0.12792277383035552,-1.2040232743295685,-0.1832315464703722,-0.23510237636567338,0.5805061853370884,0.7071067811865475,0.0,-1.0615629010115046,56
9214,-0.12792277383035552,-0.14739997713603842,-0.1832315464703722,-0.23510237636567338,-0.6844132059781843,0.7071067811865475,0.0,0.5457885188089201,23
9215,-0.12792277383035552,-0.14739997713603842,-0.1832315464703722,-0.23510237636567338,-0.6844132059781843,0.0,0.7071067811865475,0.9476263737640264,21
9216,-0.12792277383035552,-1.2040232743295685,-0.1832315464703722,-0.23510237636567338,-0.6844132059781843,0.0,0.7071067811865475,-1.0615629010115046,66
9219,-0.12792277383035552,0.9092233200574916,-0.1832315464703722,-0.23510237636567338,0.7913260838896339,0.0,0.7071067811865475,0.14395066385381394,28
9220,-0.12792277383035552,-1.2040232743295685,-0.1832315464703722,-0.23510237636567338,-0.6844132059781843,0.0,0.7071067811865475,-1.0615629010115046,29
9221,-0.12792277383035552,0.9092233200574916,-0.1832315464703722,-0.23510237636567338,-0.05195351032054794,0.7071067811865475,0.0,0.5457885188089201,22
9224,-0.12792277383035552,-1.2040232743295685,-0.1832315464703722,-0.23510237636567338,-0.6844132059781843,0.7071067811865475,0.0,-1.0615629010115046,39
9225,-0.12792277383035552,1.2614310857886681,-0.1832315464703722,1.8894245151847455,1.2129658809947248,0.0,0.7071067811865475,0.14395066385381394,33
9226,-0.12792277383035552,-1.2040232743295685,-0.1832315464703722,-0.23510237636567338,-0.2627734088730934,0.7071067811865475,0.0,-0.25788719110129227,29
9227,-0.12792277383035552,-0.8518155085983917,-0.1832315464703722,-0.23510237636567338,-0.4735933074256388,0.7071067811865475,0.0,-0.6597250460563985,31
9229,-0.12792277383035552,1.2614310857886681,-0.1832315464703722,-0.23510237636567338,-0.6844132059781843,0.0,0.7071067811865475,0.9476263737640264,22
9230,-0.12792277383035552,0.20480778859513823,-0.1832315464703722,-0.23510237636567338,-0.6844132059781843,0.0,0.7071067811865475,0.5457885188089201,22
9231,-0.12792277383035552,-0.14739997713603842,-0.1832315464703722,4.013951406735165,-0.05195351032054794,0.7071067811865475,0.0,-1.0615629010115046,35
9232,-0.12792277383035552,-0.14739997713603842,-0.1832315464703722,-0.23510237636567338,-0.05195351032054794,0.7071067811865475,0.0,0.14395066385381394,29
9235,-0.12792277383035552,-1.2040232743295685,-0.1832315464703722,-0.23510237636567338,-0.4735933074256388,0.7071067811865475,0.0,-1.0615629010115046,56
9238,-0.12792277383035552,-1.2040232743295685,-0.1832315464703722,-0.23510237636567338,-0.6844132059781843,0.7071067811865475,0.0,-1.0615629010115046,34
9239,-0.12792277383035552,-0.14739997713603842,-0.1832315464703722,-0.23510237636567338,-0.4735933074256388,0.7071067811865475,0.0,0.5457885188089201,23
9240,2.0292885925110493,0.20480778859513823,-0.1832315464703722,-0.23510237636567338,-0.4735933074256388,0.7071067811865475,0.0,0.14395066385381394,27
9241,-0.12792277383035552,-1.2040232743295685,-0.1832315464703722,-0.23510237636567338,-0.2627734088730934,0.7071067811865475,0.0,-1.0615629010115046,43
9242,-0.12792277383035552,-1.2040232743295685,-0.1832315464703722,-0.23510237636567338,-0.6844132059781843,0.7071067811865475,0.0,-1.0615629010115046,38
9243,-0.12792277383035552,-0.4996077428672151,-0.1832315464703722,-0.23510237636567338,-0.05195351032054794,0.7071067811865475,0.0,0.9476263737640264,39
9244,-0.12792277383035552,-0.4996077428672151,-0.1832315464703722,1.8894245151847455,-0.4735933074256388,0.7071067811865475,0.0,-0.25788719110129227,24
9245,-0.12792277383035552,-0.4996077428672151,-0.1832315464703722,-0.23510237636567338,-0.2627734088730934,0.0,0.7071067811865475,-0.25788719110129227,26
9246,-0.12792277383035552,-1.2040232743295685,-0.1832315464703722,-0.23510237636567338,-0.6844132059781843,0.0,0.7071067811865475,-1.0615629010115046,55
9247,-0.12792277383035552,0.5570155543263149,-0.1832315464703722,-0.23510237636567338,-0.4735933074256388,0.7071067811865475,0.0,-0.6597250460563985,35
9248,-0.12792277383035552,0.9092233200574916,-0.1832315464703722,-0.23510237636567338,4.586084257835452,0.7071067811865475,0.0,0.14395066385381394,61
9249,-0.12792277383035552,-1.2040232743295685,-0.1832315464703722,-0.23510237636567338,-0.6844132059781843,0.0,0.7071067811865475,-0.6597250460563985,33
9253,-0.12792277383035552,0.9092233200574916,-0.1832315464703722,-0.23510237636567338,0.15886638823199753,0.7071067811865475,0.0,1.3494642287191325,40
9254,-0.12792277383035552,-0.8518155085983917,-0.1832315464703722,-0.23510237636567338,-0.05195351032054794,0.7071067811865475,0.0,-1.0615629010115046,33
9255,-0.12792277383035552,0.5570155543263149,-0.1832315464703722,-0.23510237636567338,-0.6844132059781843,0.7071067811865475,0.0,0.14395066385381394,26
9256,-0.12792277383035552,1.613638851519845,1.8254808954748094,-0.23510237636567338,2.4778852723099973,0.7071067811865475,0.0,2.153139938629345,32
9257,-0.12792277383035552,-0.8518155085983917,-0.1832315464703722,-0.23510237636567338,-0.6844132059781843,0.7071067811865475,0.0,-0.25788719110129227,28
9258,-0.12792277383035552,-1.2040232743295685,-0.1832315464703722,-0.23510237636567338,-0.6844132059781843,0.0,0.7071067811865475,-1.0615629010115046,45
9259,-0.12792277383035552,1.613638851519845,-0.1832315464703722,-0.23510237636567338,-0.6844132059781843,0.7071067811865475,0.0,-0.25788719110129227,30
9260,-0.12792277383035552,-0.8518155085983917,-0.1832315464703722,-0.23510237636567338,0.15886638823199753,0.7071067811865475,0.0,-1.0615629010115046,57
9261,-0.12792277383035552,0.9092233200574916,-0.1832315464703722,-0.23510237636567338,-0.05195351032054794,0.7071067811865475,0.0,2.153139938629345,26
9262,-0.12792277383035552,1.2614310857886681,-0.1832315464703722,-0.23510237636567338,-0.4735933074256388,0.7071067811865475,0.0,0.14395066385381394,35
9264,-0.12792277383035552,-1.2040232743295685,-0.1832315464703722,-0.23510237636567338,-0.6844132059781843,0.7071067811865475,0.0,-1.0615629010115046,54
9266,-0.12792277383035552,0.20480778859513823,-0.1832315464703722,-0.23510237636567338,-0.6844132059781843,0.7071067811865475,0.0,0.14395066385381394,29
9267,-0.12792277383035552,-0.8518155085983917,-0.1832315464703722,-0.23510237636567338,-0.6844132059781843,0.0,0.7071067811865475,-1.0615629010115046,40
9268,-0.12792277383035552,-0.8518155085983917,-0.1832315464703722,-0.23510237636567338,-0.4735933074256388,0.7071067811865475,0.0,-0.25788719110129227,28
9269,-0.12792277383035552,-0.8518155085983917,-0.1832315464703722,1.8894245151847455,-0.6844132059781843,0.0,0.7071067811865475,-0.6597250460563985,25
9270,-0.12792277383035552,0.5570155543263149,-0.1832315464703722,-0.23510237636567338,-0.05195351032054794,0.0,0.7071067811865475,0.5457885188089201,44
9273,-0.12792277383035552,-0.14739997713603842,-0.1832315464703722,1.8894245151847455,0.15886638823199753,0.7071067811865475,0.0,0.14395066385381394,23
9275,-0.12792277383035552,-0.8518155085983917,-0.1832315464703722,-0.23510237636567338,-0.6844132059781843,0.7071067811865475,0.0,-0.6597250460563985,29
9276,-0.12792277383035552,-1.2040232743295685,-0.1832315464703722,-0.23510237636567338,-0.6844132059781843,0.0,0.7071067811865475,-1.0615629010115046,56
9277,-0.12792277383035552,-0.4996077428672151,-0.1832315464703722,-0.23510237636567338,-0.6844132059781843,0.0,0.7071067811865475,-0.25788719110129227,27
9279,-0.12792277383035552,0.9092233200574916,-0.1832315464703722,-0.23510237636567338,-0.6844132059781843,0.0,0.7071067811865475,-0.25788719110129227,29
9280,-0.12792277383035552,-0.14739997713603842,-0.1832315464703722,-0.23510237636567338,0.15886638823199753,0.0,0.7071067811865475,-0.6597250460563985,34
9282,-0.12792277383035552,0.9092233200574916,-0.1832315464703722,-0.23510237636567338,-0.6844132059781843,0.7071067811865475,0.0,0.9476263737640264,22
9283,-0.12792277383035552,-1.2040232743295685,-0.1832315464703722,-0.23510237636567338,0.36968628678454296,0.7071067811865475,0.0,-0.6597250460563985,40
9284,-0.12792277383035552,-1.2040232743295685,-0.1832315464703722,-0.23510237636567338,-0.6844132059781843,0.7071067811865475,0.0,-1.0615629010115046,31
9285,-0.12792277383035552,-0.8518155085983917,-0.1832315464703722,-0.23510237636567338,-0.05195351032054794,0.7071067811865475,0.0,-1.0615629010115046,47
9287,-0.12792277383035552,0.9092233200574916,-0.1832315464703722,-0.23510237636567338,1.0021459824421792,0.7071067811865475,0.0,1.3494642287191325,24
9292,-0.12792277383035552,1.613638851519845,-0.1832315464703722,-0.23510237636567338,0.15886638823199753,0.7071067811865475,0.0,0.5457885188089201,39
9293,-0.12792277383035552,0.5570155543263149,-0.1832315464703722,-0.23510237636567338,1.4237857795472701,0.7071067811865475,0.0,0.9476263737640264,29
9295,-0.12792277383035552,-0.8518155085983917,-0.1832315464703722,-0.23510237636567338,-0.2627734088730934,0.7071067811865475,0.0,-0.6597250460563985,30
9296,-0.12792277383035552,1.613638851519845,-0.1832315464703722,-0.23510237636567338,0.15886638823199753,0.7071067811865475,0.0,1.3494642287191325,26
9297,-0.12792277383035552,1.2614310857886681,-0.1832315464703722,-0.23510237636567338,-0.2627734088730934,0.0,0.7071067811865475,2.554977793584451,61
9298,-0.12792277383035552,-0.14739997713603842,-0.1832315464703722,-0.23510237636567338,-0.05195351032054794,0.0,0.7071067811865475,-0.25788719110129227,37
9299,-0.12792277383035552,-1.2040232743295685,-0.1832315464703722,-0.23510237636567338,-0.4735933074256388,0.7071067811865475,0.0,-1.0615629010115046,38
9303,-0.12792277383035552,1.613638851519845,-0.1832315464703722,-0.23510237636567338,-0.6844132059781843,0.0,0.7071067811865475,1.3494642287191325,30
9306,-0.12792277383035552,0.20480778859513823,-0.1832315464703722,1.8894245151847455,-0.6844132059781843,0.0,0.7071067811865475,0.9476263737640264,20
9307,-0.12792277383035552,1.613638851519845,-0.1832315464703722,-0.23510237636567338,3.9536245621778154,0.7071067811865475,0.0,0.5457885188089201,56
9308,-0.12792277383035552,-0.4996077428672151,-0.1832315464703722,-0.23510237636567338,-0.05195351032054794,0.7071067811865475,0.0,-1.0615629010115046,50
9309,-0.12792277383035552,-1.2040232743295685,-0.1832315464703722,-0.23510237636567338,-0.6844132059781843,0.7071067811865475,0.0,-1.0615629010115046,47
9318,-0.12792277383035552,0.5570155543263149,-0.1832315464703722,-0.23510237636567338,1.4237857795472701,0.7071067811865475,0.0,0.14395066385381394,30
9320,-0.12792277383035552,-1.2040232743295685,-0.1832315464703722,-0.23510237636567338,-0.4735933074256388,0.0,0.7071067811865475,-1.0615629010115046,59
9322,2.0292885925110493,1.9658466172510216,-0.1832315464703722,-0.23510237636567338,-0.4735933074256388,0.7071067811865475,0.0,2.554977793584451,20
9323,-0.12792277383035552,1.613638851519845,1.8254808954748094,-0.23510237636567338,0.15886638823199753,0.0,0.7071067811865475,2.153139938629345,23
9324,-0.12792277383035552,0.5570155543263149,-0.1832315464703722,-0.23510237636567338,-0.2627734088730934,0.7071067811865475,0.0,-0.6597250460563985,28
9325,-0.12792277383035552,1.613638851519845,-0.1832315464703722,-0.23510237636567338,-0.05195351032054794,0.7071067811865475,0.0,0.14395066385381394,50
9326,-0.12792277383035552,0.20480778859513823,-0.1832315464703722,-0.23510237636567338,-0.05195351032054794,0.0,0.7071067811865475,0.14395066385381394,35
9327,-0.12792277383035552,1.613638851519845,-0.1832315464703722,-0.23510237636567338,-0.4735933074256388,0.7071067811865475,0.0,1.3494642287191325,22
9328,-0.12792277383035552,-1.2040232743295685,-0.1832315464703722,-0.23510237636567338,-0.6844132059781843,0.7071067811865475,0.0,-1.0615629010115046,41
9332,-0.12792277383035552,0.9092233200574916,-0.1832315464703722,-0.23510237636567338,-0.6844132059781843,0.7071067811865475,0.0,1.3494642287191325,22
9335,-0.12792277383035552,-0.8518155085983917,-0.1832315464703722,-0.23510237636567338,1.0021459824421792,0.7071067811865475,0.0,-1.0615629010115046,61
9336,-0.12792277383035552,-0.14739997713603842,-0.1832315464703722,-0.23510237636567338,0.36968628678454296,0.7071067811865475,0.0,0.5457885188089201,26
9337,-0.12792277383035552,0.20480778859513823,-0.1832315464703722,-0.23510237636567338,-0.4735933074256388,0.7071067811865475,0.0,-0.6597250460563985,44
9338,-0.12792277383035552,-1.2040232743295685,-0.1832315464703722,-0.23510237636567338,-0.6844132059781843,0.0,0.7071067811865475,-1.0615629010115046,34
9339,-0.12792277383035552,-0.8518155085983917,-0.1832315464703722,-0.23510237636567338,-0.4735933074256388,0.7071067811865475,0.0,-0.6597250460563985,29
9343,-0.12792277383035552,1.613638851519845,-0.1832315464703722,-0.23510237636567338,1.0021459824421792,0.0,0.7071067811865475,0.14395066385381394,29
9344,-0.12792277383035552,-0.14739997713603842,-0.1832315464703722,-0.23510237636567338,0.36968628678454296,0.7071067811865475,0.0,-0.25788719110129227,48
9346,-0.12792277383035552,0.5570155543263149,-0.1832315464703722,-0.23510237636567338,-0.6844132059781843,0.0,0.7071067811865475,0.14395066385381394,31
9348,-0.12792277383035552,0.5570155543263149,-0.1832315464703722,-0.23510237636567338,-0.2627734088730934,0.7071067811865475,0.0,0.5457885188089201,21
9350,-0.12792277383035552,0.20480778859513823,-0.1832315464703722,-0.23510237636567338,0.15886638823199753,0.7071067811865475,0.0,0.9476263737640264,34
9351,-0.12792277383035552,0.5570155543263149,-0.1832315464703722,-0.23510237636567338,3.7428046636252703,0.7071067811865475,0.0,-1.0615629010115046,54
9352,-0.12792277383035552,1.9658466172510216,7.851618221310354,-0.23510237636567338,0.15886638823199753,0.7071067811865475,0.0,2.554977793584451,20
9353,-0.12792277383035552,-0.4996077428672151,-0.1832315464703722,-0.23510237636567338,-0.4735933074256388,0.7071067811865475,0.0,-0.25788719110129227,31
9354,-0.12792277383035552,-0.14739997713603842,-0.1832315464703722,-0.23510237636567338,-0.6844132059781843,0.0,0.7071067811865475,0.5457885188089201,22
9357,-0.12792277383035552,-0.14739997713603842,-0.1832315464703722,-0.23510237636567338,0.5805061853370884,0.0,0.7071067811865475,-1.0615629010115046,36
9358,6.343711325193859,0.9092233200574916,1.8254808954748094,-0.23510237636567338,1.2129658809947248,0.7071067811865475,0.0,0.9476263737640264,34
9364,-0.12792277383035552,1.2614310857886681,-0.1832315464703722,-0.23510237636567338,2.4778852723099973,0.0,0.7071067811865475,0.14395066385381394,50
9365,8.500922691535264,1.9658466172510216,-0.1832315464703722,-0.23510237636567338,3.9536245621778154,0.7071067811865475,0.0,0.5457885188089201,47
9366,-0.12792277383035552,-1.2040232743295685,-0.1832315464703722,-0.23510237636567338,-0.6844132059781843,0.0,0.7071067811865475,-1.0615629010115046,49
9369,-0.12792277383035552,-0.14739997713603842,-0.1832315464703722,-0.23510237636567338,-0.4735933074256388,0.0,0.7071067811865475,-0.6597250460563985,31
9370,-0.12792277383035552,-0.4996077428672151,-0.1832315464703722,-0.23510237636567338,1.4237857795472701,0.7071067811865475,0.0,-0.6597250460563985,49
9372,2.0292885925110493,1.613638851519845,-0.1832315464703722,1.8894245151847455,-0.2627734088730934,0.7071067811865475,0.0,2.153139938629345,21
9375,-0.12792277383035552,0.9092233200574916,-0.1832315464703722,-0.23510237636567338,0.36968628678454296,0.7071067811865475,0.0,0.5457885188089201,26
9376,-0.12792277383035552,-0.8518155085983917,-0.1832315464703722,-0.23510237636567338,-0.6844132059781843,0.7071067811865475,0.0,-0.25788719110129227,29
9377,-0.12792277383035552,-1.2040232743295685,-0.1832315464703722,-0.23510237636567338,-0.6844132059781843,0.7071067811865475,0.0,-1.0615629010115046,61
9378,-0.12792277383035552,1.613638851519845,-0.1832315464703722,-0.23510237636567338,-0.2627734088730934,0.7071067811865475,0.0,1.3494642287191325,25
9380,-0.12792277383035552,-0.14739997713603842,-0.1832315464703722,-0.23510237636567338,0.36968628678454296,0.7071067811865475,0.0,-1.0615629010115046,38
9381,-0.12792277383035552,-1.2040232743295685,-0.1832315464703722,-0.23510237636567338,-0.2627734088730934,0.0,0.7071067811865475,-0.6597250460563985,35
9385,-0.12792277383035552,-1.2040232743295685,-0.1832315464703722,-0.23510237636567338,1.0021459824421792,0.7071067811865475,0.0,-1.0615629010115046,55
9386,-0.12792277383035552,-0.14739997713603842,-0.1832315464703722,-0.23510237636567338,0.15886638823199753,0.7071067811865475,0.0,-0.6597250460563985,32
9387,-0.12792277383035552,-0.8518155085983917,-0.1832315464703722,-0.23510237636567338,-0.4735933074256388,0.7071067811865475,0.0,-0.25788719110129227,29
9388,-0.12792277383035552,-1.2040232743295685,-0.1832315464703722,-0.23510237636567338,-0.6844132059781843,0.7071067811865475,0.0,-1.0615629010115046,46
9392,-0.12792277383035552,0.20480778859513823,-0.1832315464703722,-0.23510237636567338,-0.4735933074256388,0.0,0.7071067811865475,0.5457885188089201,53
9393,-0.12792277383035552,0.20480778859513823,-0.1832315464703722,-0.23510237636567338,-0.4735933074256388,0.7071067811865475,0.0,0.5457885188089201,27
9394,-0.12792277383035552,1.2614310857886681,-0.1832315464703722,-0.23510237636567338,0.15886638823199753,0.7071067811865475,0.0,1.3494642287191325,29
9397,-0.12792277383035552,-1.2040232743295685,-0.1832315464703722,-0.23510237636567338,-0.6844132059781843,0.7071067811865475,0.0,-0.6597250460563985,26
9398,-0.12792277383035552,-0.8518155085983917,-0.1832315464703722,-0.23510237636567338,-0.05195351032054794,0.0,0.7071067811865475,-0.25788719110129227,23
9399,-0.12792277383035552,-0.4996077428672151,-0.1832315464703722,-0.23510237636567338,-0.05195351032054794,0.0,0.7071067811865475,-0.6597250460563985,43
9401,-0.12792277383035552,-0.8518155085983917,-0.1832315464703722,-0.23510237636567338,-0.4735933074256388,0.0,0.7071067811865475,-0.25788719110129227,24
9402,-0.12792277383035552,1.9658466172510216,-0.1832315464703722,-0.23510237636567338,3.1103449679676336,0.7071067811865475,0.0,2.153139938629345,33
9404,-0.12792277383035552,0.5570155543263149,-0.1832315464703722,-0.23510237636567338,-0.4735933074256388,0.0,0.7071067811865475,-0.25788719110129227,32
9405,-0.12792277383035552,1.9658466172510216,-0.1832315464703722,-0.23510237636567338,0.7913260838896339,0.7071067811865475,0.0,2.153139938629345,38
9407,-0.12792277383035552,0.9092233200574916,-0.1832315464703722,-0.23510237636567338,3.5319847650727247,0.7071067811865475,0.0,0.14395066385381394,40
9412,-0.12792277383035552,-1.2040232743295685,-0.1832315464703722,-0.23510237636567338,-0.4735933074256388,0.0,0.7071067811865475,-0.6597250460563985,36
9413,-0.12792277383035552,1.613638851519845,-0.1832315464703722,-0.23510237636567338,2.688705170862543,0.7071067811865475,0.0,-0.6597250460563985,34
9414,-0.12792277383035552,-0.8518155085983917,-0.1832315464703722,-0.23510237636567338,-0.4735933074256388,0.0,0.7071067811865475,-1.0615629010115046,41
9415,-0.12792277383035552,-1.2040232743295685,-0.1832315464703722,-0.23510237636567338,0.7913260838896339,0.7071067811865475,0.0,-1.0615629010115046,57
9416,-0.12792277383035552,0.20480778859513823,-0.1832315464703722,-0.23510237636567338,-0.4735933074256388,0.7071067811865475,0.0,0.14395066385381394,26
9419,-0.12792277383035552,-0.4996077428672151,-0.1832315464703722,-0.23510237636567338,-0.6844132059781843,0.7071067811865475,0.0,-1.0615629010115046,45
9420,-0.12792277383035552,-0.4996077428672151,-0.1832315464703722,1.8894245151847455,-0.2627734088730934,0.7071067811865475,0.0,-0.25788719110129227,26
9425,-0.12792277383035552,-1.2040232743295685,-0.1832315464703722,-0.23510237636567338,-0.6844132059781843,0.7071067811865475,0.0,-1.0615629010115046,48
9428,-0.12792277383035552,-0.8518155085983917,-0.1832315464703722,-0.23510237636567338,0.7913260838896339,0.0,0.7071067811865475,-0.6597250460563985,52
9429,-0.12792277383035552,-0.4996077428672151,-0.1832315464703722,-0.23510237636567338,-0.2627734088730934,0.7071067811865475,0.0,0.5457885188089201,22
9433,-0.12792277383035552,-1.2040232743295685,-0.1832315464703722,-0.23510237636567338,-0.6844132059781843,0.0,0.7071067811865475,-1.0615629010115046,43
9435,-0.12792277383035552,0.20480778859513823,-0.1832315464703722,-0.23510237636567338,-0.05195351032054794,0.7071067811865475,0.0,0.14395066385381394,24
9436,-0.12792277383035552,0.9092233200574916,-0.1832315464703722,-0.23510237636567338,1.6346056780998157,0.7071067811865475,0.0,0.5457885188089201,27
9437,-0.12792277383035552,1.613638851519845,1.8254808954748094,-0.23510237636567338,-0.2627734088730934,0.7071067811865475,0.0,1.3494642287191325,23
9439,-0.12792277383035552,0.5570155543263149,-0.1832315464703722,-0.23510237636567338,-0.2627734088730934,0.7071067811865475,0.0,0.14395066385381394,28
9440,-0.12792277383035552,0.20480778859513823,-0.1832315464703722,-0.23510237636567338,-0.6844132059781843,0.7071067811865475,0.0,0.9476263737640264,21
9441,-0.12792277383035552,1.613638851519845,-0.1832315464703722,-0.23510237636567338,0.36968628678454296,0.0,0.7071067811865475,-0.25788719110129227,33
9442,-0.12792277383035552,1.2614310857886681,-0.1832315464703722,-0.23510237636567338,-0.4735933074256388,0.7071067811865475,0.0,1.7513020836742388,25
9443,-0.12792277383035552,1.2614310857886681,3.834193337419991,-0.23510237636567338,2.8995250694150885,0.7071067811865475,0.0,0.5457885188089201,36
9444,-0.12792277383035552,0.20480778859513823,-0.1832315464703722,-0.23510237636567338,-0.6844132059781843,0.7071067811865475,0.0,-0.25788719110129227,25
9448,-0.12792277383035552,0.20480778859513823,-0.1832315464703722,-0.23510237636567338,-0.6844132059781843,0.0,0.7071067811865475,-0.25788719110129227,46
9450,-0.12792277383035552,0.9092233200574916,-0.1832315464703722,-0.23510237636567338,-0.6844132059781843,0.7071067811865475,0.0,0.14395066385381394,24
9451,-0.12792277383035552,0.9092233200574916,-0.1832315464703722,-0.23510237636567338,0.15886638823199753,0.7071067811865475,0.0,0.9476263737640264,28
9452,-0.12792277383035552,0.9092233200574916,-0.1832315464703722,1.8894245151847455,1.845425576652361,0.0,0.7071067811865475,-0.25788719110129227,28
9458,-0.12792277383035552,-0.4996077428672151,-0.1832315464703722,-0.23510237636567338,-0.6844132059781843,0.0,0.7071067811865475,0.5457885188089201,23
9459,-0.12792277383035552,-0.4996077428672151,-0.1832315464703722,-0.23510237636567338,-0.6844132059781843,0.0,0.7071067811865475,0.14395066385381394,24
9460,-0.12792277383035552,-0.4996077428672151,-0.1832315464703722,-0.23510237636567338,-0.6844132059781843,0.0,0.7071067811865475,-0.25788719110129227,40
9461,-0.12792277383035552,-0.8518155085983917,-0.1832315464703722,-0.23510237636567338,-0.4735933074256388,0.0,0.7071067811865475,-1.0615629010115046,36
9462,-0.12792277383035552,0.5570155543263149,-0.1832315464703722,-0.23510237636567338,-0.4735933074256388,0.0,0.7071067811865475,-0.25788719110129227,50
9464,-0.12792277383035552,-0.8518155085983917,-0.1832315464703722,-0.23510237636567338,-0.6844132059781843,0.0,0.7071067811865475,-0.25788719110129227,24
9465,-0.12792277383035552,-1.2040232743295685,-0.1832315464703722,-0.23510237636567338,-0.2627734088730934,0.7071067811865475,0.0,-1.0615629010115046,55
9467,-0.12792277383035552,0.9092233200574916,-0.1832315464703722,-0.23510237636567338,-0.6844132059781843,0.7071067811865475,0.0,1.7513020836742388,22
9473,-0.12792277383035552,0.9092233200574916,-0.1832315464703722,-0.23510237636567338,2.2670653737574518,0.7071067811865475,0.0,-0.25788719110129227,38
9475,-0.12792277383035552,-1.2040232743295685,-0.1832315464703722,-0.23510237636567338,-0.4735933074256388,0.7071067811865475,0.0,-0.6597250460563985,31
9476,-0.12792277383035552,-0.8518155085983917,-0.1832315464703722,-0.23510237636567338,-0.05195351032054794,0.7071067811865475,0.0,-0.6597250460563985,30
9483,-0.12792277383035552,1.2614310857886681,-0.1832315464703722,-0.23510237636567338,2.688705170862543,0.7071067811865475,0.0,-0.25788719110129227,37
9484,-0.12792277383035552,-0.8518155085983917,-0.1832315464703722,-0.23510237636567338,-0.4735933074256388,0.0,0.7071067811865475,-1.0615629010115046,41
9486,-0.12792277383035552,0.20480778859513823,-0.1832315464703722,-0.23510237636567338,-0.6844132059781843,0.7071067811865475,0.0,1.3494642287191325,20
9488,-0.12792277383035552,-0.14739997713603842,-0.1832315464703722,-0.23510237636567338,-0.6844132059781843,0.0,0.7071067811865475,1.3494642287191325,21
9491,-0.12792277383035552,0.20480778859513823,-0.1832315464703722,-0.23510237636567338,-0.4735933074256388,0.0,0.7071067811865475,0.5457885188089201,22
9492,-0.12792277383035552,0.5570155543263149,-0.1832315464703722,-0.23510237636567338,0.7913260838896339,0.0,0.7071067811865475,1.7513020836742388,38
9493,-0.12792277383035552,0.20480778859513823,-0.1832315464703722,-0.23510237636567338,-0.6844132059781843,0.7071067811865475,0.0,-0.6597250460563985,31
9494,-0.12792277383035552,0.9092233200574916,-0.1832315464703722,-0.23510237636567338,-0.6844132059781843,0.7071067811865475,0.0,0.14395066385381394,28
9495,-0.12792277383035552,0.9092233200574916,1.8254808954748094,-0.23510237636567338,-0.2627734088730934,0.7071067811865475,0.0,1.7513020836742388,21
9497,-0.12792277383035552,1.2614310857886681,-0.1832315464703722,-0.23510237636567338,-0.4735933074256388,0.7071067811865475,0.0,0.14395066385381394,39
9499,-0.12792277383035552,0.9092233200574916,-0.1832315464703722,-0.23510237636567338,3.9536245621778154,0.7071067811865475,0.0,-0.6597250460563985,34
9501,-0.12792277383035552,-1.2040232743295685,-0.1832315464703722,-0.23510237636567338,-0.6844132059781843,0.0,0.7071067811865475,-1.0615629010115046,45
9506,-0.12792277383035552,1.613638851519845,-0.1832315464703722,-0.23510237636567338,-0.6844132059781843,0.0,0.7071067811865475,0.9476263737640264,24
9509,-0.12792277383035552,0.9092233200574916,-0.1832315464703722,-0.23510237636567338,1.2129658809947248,0.7071067811865475,0.0,0.9476263737640264,27
9511,-0.12792277383035552,-1.2040232743295685,-0.1832315464703722,-0.23510237636567338,-0.6844132059781843,0.7071067811865475,0.0,-0.6597250460563985,30
9513,-0.12792277383035552,-1.2040232743295685,-0.1832315464703722,-0.23510237636567338,-0.2627734088730934,0.7071067811865475,0.0,-1.0615629010115046,43
9515,-0.12792277383035552,-0.14739997713603842,-0.1832315464703722,-0.23510237636567338,-0.4735933074256388,0.7071067811865475,0.0,-0.25788719110129227,26
9516,-0.12792277383035552,-0.8518155085983917,5.842905779365172,-0.23510237636567338,0.7913260838896339,0.7071067811865475,0.0,-0.6597250460563985,32
9517,-0.12792277383035552,-1.2040232743295685,-0.1832315464703722,-0.23510237636567338,-0.2627734088730934,0.7071067811865475,0.0,-1.0615629010115046,57
9518,-0.12792277383035552,-1.2040232743295685,-0.1832315464703722,-0.23510237636567338,-0.6844132059781843,0.0,0.7071067811865475,-1.0615629010115046,40
9519,-0.12792277383035552,0.5570155543263149,-0.1832315464703722,-0.23510237636567338,0.5805061853370884,0.7071067811865475,0.0,0.9476263737640264,33
9523,-0.12792277383035552,0.20480778859513823,-0.1832315464703722,-0.23510237636567338,-0.2627734088730934,0.7071067811865475,0.0,-0.25788719110129227,30
9524,-0.12792277383035552,1.9658466172510216,-0.1832315464703722,-0.23510237636567338,-0.4735933074256388,0.0,0.7071067811865475,2.554977793584451,29
9527,-0.12792277383035552,-0.8518155085983917,-0.1832315464703722,-0.23510237636567338,-0.2627734088730934,0.0,0.7071067811865475,-0.6597250460563985,36
9529,-0.12792277383035552,1.2614310857886681,-0.1832315464703722,-0.23510237636567338,0.5805061853370884,0.7071067811865475,0.0,0.5457885188089201,35
9530,-0.12792277383035552,-0.8518155085983917,-0.1832315464703722,-0.23510237636567338,-0.6844132059781843,0.0,0.7071067811865475,-1.0615629010115046,49
9531,-0.12792277383035552,1.613638851519845,-0.1832315464703722,-0.23510237636567338,0.36968628678454296,0.7071067811865475,0.0,2.153139938629345,26
9532,-0.12792277383035552,0.20480778859513823,1.8254808954748094,-0.23510237636567338,-0.2627734088730934,0.7071067811865475,0.0,0.5457885188089201,21
9534,-0.12792277383035552,0.5570155543263149,-0.1832315464703722,-0.23510237636567338,5.4293638520456335,0.7071067811865475,0.0,-1.0615629010115046,49
9536,-0.12792277383035552,1.2614310857886681,-0.1832315464703722,-0.23510237636567338,4.164444460730361,0.0,0.7071067811865475,0.14395066385381394,37
9537,-0.12792277383035552,-0.8518155085983917,-0.1832315464703722,-0.23510237636567338,-0.6844132059781843,0.0,0.7071067811865475,-1.0615629010115046,33
9540,-0.12792277383035552,-0.8518155085983917,-0.1832315464703722,-0.23510237636567338,-0.05195351032054794,0.7071067811865475,0.0,-0.6597250460563985,29
9541,-0.12792277383035552,0.20480778859513823,-0.1832315464703722,1.8894245151847455,-0.4735933074256388,0.7071067811865475,0.0,0.14395066385381394,25
9542,-0.12792277383035552,1.2614310857886681,-0.1832315464703722,-0.23510237636567338,-0.2627734088730934,0.7071067811865475,0.0,1.3494642287191325,20
9545,-0.12792277383035552,-0.14739997713603842,-0.1832315464703722,-0.23510237636567338,0.36968628678454296,0.7071067811865475,0.0,-0.25788719110129227,55
9547,-0.12792277383035552,-0.14739997713603842,-0.1832315464703722,-0.23510237636567338,-0.6844132059781843,0.0,0.7071067811865475,0.14395066385381394,26
9548,-0.12792277383035552,-1.2040232743295685,-0.1832315464703722,-0.23510237636567338,0.5805061853370884,0.7071067811865475,0.0,-1.0615629010115046,52
9550,-0.12792277383035552,1.2614310857886681,-0.1832315464703722,-0.23510237636567338,2.688705170862543,0.7071067811865475,0.0,0.5457885188089201,52
9552,-0.12792277383035552,0.9092233200574916,-0.1832315464703722,-0.23510237636567338,-0.4735933074256388,0.7071067811865475,0.0,0.14395066385381394,27
9553,-0.12792277383035552,-0.8518155085983917,-0.1832315464703722,-0.23510237636567338,-0.2627734088730934,0.0,0.7071067811865475,-1.0615629010115046,60
9554,-0.12792277383035552,-0.8518155085983917,-0.1832315464703722,-0.23510237636567338,-0.6844132059781843,0.0,0.7071067811865475,-1.0615629010115046,44
9556,-0.12792277383035552,-0.8518155085983917,-0.1832315464703722,-0.23510237636567338,-0.4735933074256388,0.7071067811865475,0.0,-0.6597250460563985,30
9557,-0.12792277383035552,-0.14739997713603842,-0.1832315464703722,-0.23510237636567338,-0.2627734088730934,0.0,0.7071067811865475,0.14395066385381394,25
9560,-0.12792277383035552,1.2614310857886681,-0.1832315464703722,-0.23510237636567338,0.15886638823199753,0.7071067811865475,0.0,0.9476263737640264,20
9561,-0.12792277383035552,0.9092233200574916,-0.1832315464703722,-0.23510237636567338,-0.05195351032054794,0.7071067811865475,0.0,1.3494642287191325,28
9563,-0.12792277383035552,0.5570155543263149,-0.1832315464703722,-0.23510237636567338,-0.4735933074256388,0.7071067811865475,0.0,0.14395066385381394,22
9566,-0.12792277383035552,1.2614310857886681,-0.1832315464703722,-0.23510237636567338,-0.4735933074256388,0.7071067811865475,0.0,0.5457885188089201,24
9567,-0.12792277383035552,-0.4996077428672151,-0.1832315464703722,-0.23510237636567338,-0.6844132059781843,0.7071067811865475,0.0,0.14395066385381394,28
9568,-0.12792277383035552,0.5570155543263149,-0.1832315464703722,-0.23510237636567338,1.4237857795472701,0.7071067811865475,0.0,-1.0615629010115046,35
9569,-0.12792277383035552,-1.2040232743295685,-0.1832315464703722,-0.23510237636567338,-0.6844132059781843,0.0,0.7071067811865475,-0.6597250460563985,30
9570,-0.12792277383035552,-0.4996077428672151,-0.1832315464703722,4.013951406735165,-0.6844132059781843,0.7071067811865475,0.0,0.5457885188089201,22
9574,-0.12792277383035552,0.20480778859513823,-0.1832315464703722,-0.23510237636567338,1.2129658809947248,0.7071067811865475,0.0,-1.0615629010115046,39
9576,-0.12792277383035552,-1.2040232743295685,-0.1832315464703722,-0.23510237636567338,-0.4735933074256388,0.7071067811865475,0.0,-1.0615629010115046,46
9577,-0.12792277383035552,-0.8518155085983917,-0.1832315464703722,-0.23510237636567338,-0.05195351032054794,0.0,0.7071067811865475,-1.0615629010115046,47
9578,-0.12792277383035552,0.9092233200574916,-0.1832315464703722,-0.23510237636567338,0.36968628678454296,0.0,0.7071067811865475,0.9476263737640264,26
9581,-0.12792277383035552,-0.4996077428672151,-0.1832315464703722,-0.23510237636567338,-0.6844132059781843,0.7071067811865475,0.0,0.14395066385381394,23
9584,-0.12792277383035552,0.9092233200574916,-0.1832315464703722,-0.23510237636567338,-0.6844132059781843,0.7071067811865475,0.0,-0.25788719110129227,52
9586,-0.12792277383035552,0.20480778859513823,-0.1832315464703722,10.387532081386421,-0.6844132059781843,0.0,0.7071067811865475,0.5457885188089201,22
9588,-0.12792277383035552,-0.8518155085983917,-0.1832315464703722,-0.23510237636567338,-0.6844132059781843,0.7071067811865475,0.0,-1.0615629010115046,54
9589,-0.12792277383035552,0.5570155543263149,-0.1832315464703722,-0.23510237636567338,-0.2627734088730934,0.0,0.7071067811865475,0.5457885188089201,50
9591,-0.12792277383035552,0.20480778859513823,-0.1832315464703722,8.263005189836003,-0.2627734088730934,0.7071067811865475,0.0,1.3494642287191325,20
9592,-0.12792277383035552,-0.4996077428672151,-0.1832315464703722,-0.23510237636567338,-0.4735933074256388,0.7071067811865475,0.0,0.5457885188089201,25
9593,-0.12792277383035552,-1.2040232743295685,-0.1832315464703722,-0.23510237636567338,-0.6844132059781843,0.7071067811865475,0.0,-1.0615629010115046,46
9597,-0.12792277383035552,-0.14739997713603842,-0.1832315464703722,-0.23510237636567338,-0.6844132059781843,0.0,0.7071067811865475,0.5457885188089201,22
9600,2.0292885925110493,-0.14739997713603842,-0.1832315464703722,-0.23510237636567338,1.4237857795472701,0.7071067811865475,0.0,-1.0615629010115046,38
9601,-0.12792277383035552,-1.2040232743295685,-0.1832315464703722,-0.23510237636567338,1.2129658809947248,0.7071067811865475,0.0,-1.0615629010115046,36
9603,-0.12792277383035552,-0.8518155085983917,-0.1832315464703722,-0.23510237636567338,0.36968628678454296,0.7071067811865475,0.0,-1.0615629010115046,34
9604,10.65813405787667,0.20480778859513823,-0.1832315464703722,4.013951406735165,0.15886638823199753,0.7071067811865475,0.0,2.153139938629345,18
9606,-0.12792277383035552,0.5570155543263149,-0.1832315464703722,-0.23510237636567338,-0.05195351032054794,0.7071067811865475,0.0,0.14395066385381394,26
9608,-0.12792277383035552,0.5570155543263149,-0.1832315464703722,-0.23510237636567338,-0.6844132059781843,0.7071067811865475,0.0,0.5457885188089201,23
9609,-0.12792277383035552,0.20480778859513823,-0.1832315464703722,1.8894245151847455,1.0021459824421792,0.0,0.7071067811865475,-0.6597250460563985,32
9612,-0.12792277383035552,-1.2040232743295685,-0.1832315464703722,-0.23510237636567338,-0.4735933074256388,0.0,0.7071067811865475,-1.0615629010115046,44
9613,-0.12792277383035552,-0.14739997713603842,-0.1832315464703722,-0.23510237636567338,1.2129658809947248,0.7071067811865475,0.0,1.3494642287191325,53
9617,-0.12792277383035552,-0.14739997713603842,-0.1832315464703722,-0.23510237636567338,0.15886638823199753,0.7071067811865475,0.0,-0.6597250460563985,27
9618,-0.12792277383035552,0.5570155543263149,-0.1832315464703722,-0.23510237636567338,-0.2627734088730934,0.7071067811865475,0.0,1.3494642287191325,25
9620,-0.12792277383035552,1.9658466172510216,1.8254808954748094,6.138478298285584,-0.4735933074256388,0.7071067811865475,0.0,2.554977793584451,19
9621,-0.12792277383035552,-0.8518155085983917,-0.1832315464703722,-0.23510237636567338,-0.6844132059781843,0.7071067811865475,0.0,-1.0615629010115046,53
9624,-0.12792277383035552,-0.4996077428672151,-0.1832315464703722,-0.23510237636567338,-0.6844132059781843,0.0,0.7071067811865475,0.14395066385381394,39
9625,-0.12792277383035552,-0.14739997713603842,-0.1832315464703722,-0.23510237636567338,-0.2627734088730934,0.7071067811865475,0.0,-0.25788719110129227,37
9626,2.0292885925110493,1.2614310857886681,-0.1832315464703722,-0.23510237636567338,0.5805061853370884,0.7071067811865475,0.0,0.5457885188089201,27
9628,-0.12792277383035552,1.9658466172510216,-0.1832315464703722,-0.23510237636567338,-0.2627734088730934,0.7071067811865475,0.0,1.7513020836742388,21
9629,-0.12792277383035552,1.613638851519845,-0.1832315464703722,-0.23510237636567338,0.7913260838896339,0.7071067811865475,0.0,1.3494642287191325,24
9630,-0.12792277383035552,-1.2040232743295685,-0.1832315464703722,-0.23510237636567338,-0.6844132059781843,0.0,0.7071067811865475,-1.0615629010115046,33
9631,-0.12792277383035552,-0.14739997713603842,-0.1832315464703722,8.263005189836003,-0.4735933074256388,0.0,0.7071067811865475,0.14395066385381394,24
9632,-0.12792277383035552,-1.2040232743295685,-0.1832315464703722,-0.23510237636567338,-0.4735933074256388,0.7071067811865475,0.0,-1.0615629010115046,46
9633,-0.12792277383035552,0.9092233200574916,-0.1832315464703722,-0.23510237636567338,0.7913260838896339,0.7071067811865475,0.0,-0.25788719110129227,32
9634,-0.12792277383035552,-0.4996077428672151,-0.1832315464703722,-0.23510237636567338,-0.2627734088730934,0.7071067811865475,0.0,0.14395066385381394,24
9635,-0.12792277383035552,-1.2040232743295685,-0.1832315464703722,-0.23510237636567338,-0.6844132059781843,0.7071067811865475,0.0,-1.0615629010115046,38
9636,-0.12792277383035552,1.9658466172510216,3.834193337419991,4.013951406735165,2.0562454752049066,0.7071067811865475,0.0,2.153139938629345,30
9640,-0.12792277383035552,1.613638851519845,3.834193337419991,4.013951406735165,5.007724054940543,0.0,0.7071067811865475,2.554977793584451,26
9641,-0.12792277383035552,-1.2040232743295685,-0.1832315464703722,-0.23510237636567338,-0.2627734088730934,0.7071067811865475,0.0,-1.0615629010115046,57
9643,-0.12792277383035552,-1.2040232743295685,-0.1832315464703722,-0.23510237636567338,-0.6844132059781843,0.7071067811865475,0.0,-1.0615629010115046,43
9644,-0.12792277383035552,0.5570155543263149,-0.1832315464703722,-0.23510237636567338,-0.6844132059781843,0.0,0.7071067811865475,0.9476263737640264,22
9646,-0.12792277383035552,1.613638851519845,-0.1832315464703722,-0.23510237636567338,1.2129658809947248,0.0,0.7071067811865475,2.153139938629345,28
9648,-0.12792277383035552,-0.14739997713603842,-0.1832315464703722,-0.23510237636567338,-0.05195351032054794,0.7071067811865475,0.0,-0.25788719110129227,51
9651,-0.12792277383035552,-1.2040232743295685,-0.1832315464703722,-0.23510237636567338,-0.05195351032054794,0.7071067811865475,0.0,-1.0615629010115046,41
9653,-0.12792277383035552,0.9092233200574916,-0.1832315464703722,-0.23510237636567338,-0.4735933074256388,0.7071067811865475,0.0,0.5457885188089201,24
9654,-0.12792277383035552,-0.8518155085983917,-0.1832315464703722,-0.23510237636567338,-0.05195351032054794,0.7071067811865475,0.0,-1.0615629010115046,48
9655,-0.12792277383035552,-0.4996077428672151,-0.1832315464703722,-0.23510237636567338,-0.6844132059781843,0.0,0.7071067811865475,-0.25788719110129227,26
9656,-0.12792277383035552,-0.8518155085983917,-0.1832315464703722,-0.23510237636567338,0.5805061853370884,0.7071067811865475,0.0,-0.6597250460563985,31
9658,2.0292885925110493,1.9658466172510216,3.834193337419991,1.8894245151847455,0.5805061853370884,0.0,0.7071067811865475,2.554977793584451,27
9659,-0.12792277383035552,-0.14739997713603842,-0.1832315464703722,-0.23510237636567338,-0.6844132059781843,0.0,0.7071067811865475,0.14395066385381394,25
9662,-0.12792277383035552,-0.4996077428672151,-0.1832315464703722,-0.23510237636567338,-0.05195351032054794,0.0,0.7071067811865475,-0.6597250460563985,56
9663,-0.12792277383035552,-0.14739997713603842,-0.1832315464703722,-0.23510237636567338,-0.4735933074256388,0.0,0.7071067811865475,-0.25788719110129227,29
9664,-0.12792277383035552,-0.4996077428672151,-0.1832315464703722,-0.23510237636567338,-0.05195351032054794,0.7071067811865475,0.0,-1.0615629010115046,30
9666,-0.12792277383035552,1.2614310857886681,-0.1832315464703722,-0.23510237636567338,-0.6844132059781843,0.7071067811865475,0.0,2.153139938629345,21
9667,-0.12792277383035552,-0.14739997713603842,-0.1832315464703722,-0.23510237636567338,-0.4735933074256388,0.7071067811865475,0.0,0.5457885188089201,22
9668,-0.12792277383035552,-0.8518155085983917,-0.1832315464703722,-0.23510237636567338,-0.6844132059781843,0.0,0.7071067811865475,-0.6597250460563985,28
9669,-0.12792277383035552,-1.2040232743295685,-0.1832315464703722,-0.23510237636567338,-0.2627734088730934,0.7071067811865475,0.0,-1.0615629010115046,35
9670,-0.12792277383035552,-0.8518155085983917,-0.1832315464703722,-0.23510237636567338,-0.6844132059781843,0.7071067811865475,0.0,0.5457885188089201,23
9672,-0.12792277383035552,1.2614310857886681,-0.1832315464703722,-0.23510237636567338,0.15886638823199753,0.7071067811865475,0.0,0.14395066385381394,48
9674,-0.12792277383035552,1.2614310857886681,1.8254808954748094,4.013951406735165,0.15886638823199753,0.0,0.7071067811865475,0.5457885188089201,22
9676,-0.12792277383035552,1.613638851519845,-0.1832315464703722,-0.23510237636567338,-0.2627734088730934,0.7071067811865475,0.0,1.3494642287191325,37
9677,-0.12792277383035552,-1.2040232743295685,-0.1832315464703722,-0.23510237636567338,-0.6844132059781843,0.7071067811865475,0.0,-1.0615629010115046,33
9681,-0.12792277383035552,0.9092233200574916,-0.1832315464703722,1.8894245151847455,0.36968628678454296,0.7071067811865475,0.0,0.14395066385381394,23
9685,-0.12792277383035552,0.9092233200574916,-0.1832315464703722,1.8894245151847455,-0.6844132059781843,0.0,0.7071067811865475,0.9476263737640264,22
9686,-0.12792277383035552,-0.14739997713603842,-0.1832315464703722,-0.23510237636567338,-0.6844132059781843,0.7071067811865475,0.0,-0.25788719110129227,24
9687,-0.12792277383035552,0.9092233200574916,-0.1832315464703722,-0.23510237636567338,-0.2627734088730934,0.0,0.7071067811865475,0.14395066385381394,44
9690,-0.12792277383035552,-0.8518155085983917,-0.1832315464703722,-0.23510237636567338,-0.6844132059781843,0.0,0.7071067811865475,-0.6597250460563985,26
9691,-0.12792277383035552,0.5570155543263149,-0.1832315464703722,-0.23510237636567338,-0.2627734088730934,0.7071067811865475,0.0,0.5457885188089201,29
9693,-0.12792277383035552,-0.8518155085983917,-0.1832315464703722,1.8894245151847455,-0.6844132059781843,0.7071067811865475,0.0,-0.6597250460563985,26
9695,-0.12792277383035552,-1.2040232743295685,-0.1832315464703722,-0.23510237636567338,-0.4735933074256388,0.0,0.7071067811865475,-1.0615629010115046,30
9698,-0.12792277383035552,0.5570155543263149,-0.1832315464703722,-0.23510237636567338,-0.4735933074256388,0.7071067811865475,0.0,0.5457885188089201,23
9699,-0.12792277383035552,-0.8518155085983917,-0.1832315464703722,-0.23510237636567338,-0.4735933074256388,0.7071067811865475,0.0,-0.6597250460563985,42
9703,-0.12792277383035552,-0.4996077428672151,-0.1832315464703722,-0.23510237636567338,-0.6844132059781843,0.7071067811865475,0.0,-0.25788719110129227,28
9704,-0.12792277383035552,-0.4996077428672151,-0.1832315464703722,-0.23510237636567338,-0.6844132059781843,0.7071067811865475,0.0,0.9476263737640264,20
9706,-0.12792277383035552,0.9092233200574916,3.834193337419991,-0.23510237636567338,0.7913260838896339,0.0,0.7071067811865475,0.14395066385381394,24
9707,-0.12792277383035552,0.9092233200574916,1.8254808954748094,-0.23510237636567338,0.5805061853370884,0.7071067811865475,0.0,-0.6597250460563985,36
9708,-0.12792277383035552,-0.8518155085983917,-0.1832315464703722,-0.23510237636567338,0.5805061853370884,0.7071067811865475,0.0,-1.0615629010115046,37
9709,-0.12792277383035552,1.613638851519845,-0.1832315464703722,-0.23510237636567338,-0.4735933074256388,0.7071067811865475,0.0,2.153139938629345,21
9710,-0.12792277383035552,0.20480778859513823,-0.1832315464703722,-0.23510237636567338,1.0021459824421792,0.7071067811865475,0.0,0.9476263737640264,27
9712,-0.12792277383035552,-0.14739997713603842,-0.1832315464703722,-0.23510237636567338,-0.2627734088730934,0.7071067811865475,0.0,-0.25788719110129227,26
9713,-0.12792277383035552,-1.2040232743295685,-0.1832315464703722,-0.23510237636567338,-0.6844132059781843,0.0,0.7071067811865475,-1.0615629010115046,42
9714,-0.12792277383035552,1.9658466172510216,-0.1832315464703722,-0.23510237636567338,1.0021459824421792,0.7071067811865475,0.0,0.9476263737640264,23
9717,-0.12792277383035552,-1.2040232743295685,-0.1832315464703722,-0.23510237636567338,-0.6844132059781843,0.0,0.7071067811865475,-1.0615629010115046,55
9722,-0.12792277383035552,0.5570155543263149,-0.1832315464703722,-0.23510237636567338,-0.4735933074256388,0.7071067811865475,0.0,0.14395066385381394,24
9723,-0.12792277383035552,-0.14739997713603842,-0.1832315464703722,-0.23510237636567338,-0.6844132059781843,0.0,0.7071067811865475,0.9476263737640264,23
9724,-0.12792277383035552,-1.2040232743295685,-0.1832315464703722,-0.23510237636567338,-0.6844132059781843,0.7071067811865475,0.0,-1.0615629010115046,64
9725,-0.12792277383035552,-1.2040232743295685,-0.1832315464703722,-0.23510237636567338,-0.6844132059781843,0.0,0.7071067811865475,-1.0615629010115046,48
9729,-0.12792277383035552,0.20480778859513823,-0.1832315464703722,-0.23510237636567338,-0.6844132059781843,0.7071067811865475,0.0,-0.6597250460563985,39
9730,-0.12792277383035552,-0.8518155085983917,-0.1832315464703722,-0.23510237636567338,-0.6844132059781843,0.0,0.7071067811865475,-0.25788719110129227,30
9731,-0.12792277383035552,-0.14739997713603842,-0.1832315464703722,-0.23510237636567338,-0.4735933074256388,0.0,0.7071067811865475,0.14395066385381394,22
9732,-0.12792277383035552,0.5570155543263149,-0.1832315464703722,-0.23510237636567338,-0.2627734088730934,0.7071067811865475,0.0,1.3494642287191325,20
9733,-0.12792277383035552,-0.14739997713603842,-0.1832315464703722,-0.23510237636567338,-0.6844132059781843,0.7071067811865475,0.0,1.3494642287191325,21
9734,-0.12792277383035552,-0.14739997713603842,-0.1832315464703722,-0.23510237636567338,-0.6844132059781843,0.7071067811865475,0.0,0.5457885188089201,24
9738,-0.12792277383035552,0.9092233200574916,-0.1832315464703722,-0.23510237636567338,-0.05195351032054794,0.0,0.7071067811865475,1.3494642287191325,30
9739,-0.12792277383035552,1.2614310857886681,-0.1832315464703722,-0.23510237636567338,1.845425576652361,0.7071067811865475,0.0,1.7513020836742388,51
9741,2.0292885925110493,1.9658466172510216,-0.1832315464703722,4.013951406735165,-0.4735933074256388,0.7071067811865475,0.0,2.554977793584451,21
9743,-0.12792277383035552,1.9658466172510216,-0.1832315464703722,-0.23510237636567338,-0.4735933074256388,0.7071067811865475,0.0,0.9476263737640264,31
9745,-0.12792277383035552,0.9092233200574916,-0.1832315464703722,-0.23510237636567338,-0.2627734088730934,0.0,0.7071067811865475,1.3494642287191325,23
9746,-0.12792277383035552,0.9092233200574916,-0.1832315464703722,-0.23510237636567338,-0.6844132059781843,0.0,0.7071067811865475,1.7513020836742388,23
9747,-0.12792277383035552,-0.14739997713603842,-0.1832315464703722,-0.23510237636567338,0.15886638823199753,0.7071067811865475,0.0,-0.6597250460563985,32
9748,-0.12792277383035552,0.5570155543263149,-0.1832315464703722,-0.23510237636567338,1.6346056780998157,0.7071067811865475,0.0,0.5457885188089201,28
9750,-0.12792277383035552,-0.8518155085983917,-0.1832315464703722,1.8894245151847455,-0.6844132059781843,0.7071067811865475,0.0,0.14395066385381394,24
9752,-0.12792277383035552,-0.14739997713603842,-0.1832315464703722,-0.23510237636567338,-0.4735933074256388,0.7071067811865475,0.0,0.5457885188089201,19
9753,-0.12792277383035552,-1.2040232743295685,-0.1832315464703722,-0.23510237636567338,-0.4735933074256388,0.0,0.7071067811865475,-1.0615629010115046,31
9754,-0.12792277383035552,-0.14739997713603842,-0.1832315464703722,-0.23510237636567338,-0.05195351032054794,0.7071067811865475,0.0,-0.25788719110129227,29
9755,-0.12792277383035552,0.5570155543263149,-0.1832315464703722,-0.23510237636567338,0.5805061853370884,0.7071067811865475,0.0,-0.6597250460563985,41
9756,-0.12792277383035552,-0.4996077428672151,-0.1832315464703722,-0.23510237636567338,0.15886638823199753,0.0,0.7071067811865475,0.14395066385381394,28
9758,-0.12792277383035552,-0.14739997713603842,-0.1832315464703722,-0.23510237636567338,0.5805061853370884,0.7071067811865475,0.0,-0.6597250460563985,29
9759,-0.12792277383035552,0.20480778859513823,-0.1832315464703722,-0.23510237636567338,-0.6844132059781843,0.7071067811865475,0.0,-0.6597250460563985,49
9767,-0.12792277383035552,-1.2040232743295685,-0.1832315464703722,-0.23510237636567338,-0.6844132059781843,0.0,0.7071067811865475,-1.0615629010115046,42
9771,-0.12792277383035552,-0.8518155085983917,-0.1832315464703722,-0.23510237636567338,0.15886638823199753,0.0,0.7071067811865475,-0.6597250460563985,38
9773,-0.12792277383035552,0.5570155543263149,-0.1832315464703722,1.8894245151847455,-0.05195351032054794,0.7071067811865475,0.0,1.3494642287191325,22
9774,-0.12792277383035552,-0.8518155085983917,-0.1832315464703722,-0.23510237636567338,-0.6844132059781843,0.0,0.7071067811865475,-0.6597250460563985,46
9777,-0.12792277383035552,-0.4996077428672151,-0.1832315464703722,-0.23510237636567338,-0.6844132059781843,0.7071067811865475,0.0,-0.25788719110129227,38
9778,-0.12792277383035552,0.5570155543263149,-0.1832315464703722,-0.23510237636567338,-0.6844132059781843,0.7071067811865475,0.0,-1.0615629010115046,36
9781,-0.12792277383035552,1.613638851519845,-0.1832315464703722,-0.23510237636567338,0.5805061853370884,0.7071067811865475,0.0,1.3494642287191325,22
9782,-0.12792277383035552,1.9658466172510216,-0.1832315464703722,-0.23510237636567338,1.6346056780998157,0.0,0.7071067811865475,0.5457885188089201,29
9784,-0.12792277383035552,-0.8518155085983917,-0.1832315464703722,-0.23510237636567338,-0.2627734088730934,0.0,0.7071067811865475,-1.0615629010115046,39
9785,-0.12792277383035552,-0.8518155085983917,-0.1832315464703722,-0.23510237636567338,-0.6844132059781843,0.0,0.7071067811865475,-1.0615629010115046,47
9786,-0.12792277383035552,1.9658466172510216,-0.1832315464703722,-0.23510237636567338,0.7913260838896339,0.7071067811865475,0.0,1.7513020836742388,26
9787,-0.12792277383035552,0.20480778859513823,-0.1832315464703722,-0.23510237636567338,-0.6844132059781843,0.7071067811865475,0.0,0.9476263737640264,21
9789,-0.12792277383035552,-1.2040232743295685,-0.1832315464703722,-0.23510237636567338,-0.2627734088730934,0.0,0.7071067811865475,-1.0615629010115046,63
9790,-0.12792277383035552,-0.8518155085983917,-0.1832315464703722,-0.23510237636567338,-0.2627734088730934,0.7071067811865475,0.0,-0.6597250460563985,27
9791,-0.12792277383035552,0.20480778859513823,-0.1832315464703722,-0.23510237636567338,5.007724054940543,0.0,0.7071067811865475,-1.0615629010115046,55
9796,-0.12792277383035552,-0.8518155085983917,-0.1832315464703722,-0.23510237636567338,-0.2627734088730934,0.0,0.7071067811865475,-1.0615629010115046,54
9799,-0.12792277383035552,0.20480778859513823,-0.1832315464703722,-0.23510237636567338,-0.6844132059781843,0.7071067811865475,0.0,-0.25788719110129227,26
9800,-0.12792277383035552,-0.8518155085983917,-0.1832315464703722,-0.23510237636567338,-0.4735933074256388,0.0,0.7071067811865475,-1.0615629010115046,37
9802,-0.12792277383035552,-1.2040232743295685,-0.1832315464703722,-0.23510237636567338,-0.6844132059781843,0.7071067811865475,0.0,-0.6597250460563985,34
9804,-0.12792277383035552,-1.2040232743295685,-0.1832315464703722,-0.23510237636567338,0.15886638823199753,0.7071067811865475,0.0,-1.0615629010115046,48
9805,2.0292885925110493,0.9092233200574916,1.8254808954748094,-0.23510237636567338,-0.2627734088730934,0.7071067811865475,0.0,0.9476263737640264,25
9806,-0.12792277383035552,-1.2040232743295685,-0.1832315464703722,-0.23510237636567338,-0.6844132059781843,0.7071067811865475,0.0,-1.0615629010115046,57
9809,-0.12792277383035552,-0.4996077428672151,-0.1832315464703722,-0.23510237636567338,-0.6844132059781843,0.7071067811865475,0.0,0.5457885188089201,21
9810,-0.12792277383035552,1.613638851519845,-0.1832315464703722,1.8894245151847455,1.0021459824421792,0.7071067811865475,0.0,0.14395066385381394,32
9811,-0.12792277383035552,1.613638851519845,-0.1832315464703722,-0.23510237636567338,0.36968628678454296,0.7071067811865475,0.0,0.5457885188089201,25
9815,-0.12792277383035552,-0.4996077428672151,-0.1832315464703722,-0.23510237636567338,-0.2627734088730934,0.7071067811865475,0.0,-0.6597250460563985,33
9817,-0.12792277383035552,0.20480778859513823,-0.1832315464703722,-0.23510237636567338,-0.2627734088730934,0.7071067811865475,0.0,0.9476263737640264,26
9820,-0.12792277383035552,-0.14739997713603842,-0.1832315464703722,-0.23510237636567338,-0.2627734088730934,0.0,0.7071067811865475,-0.6597250460563985,29
9822,-0.12792277383035552,-0.14739997713603842,-0.1832315464703722,-0.23510237636567338,0.5805061853370884,0.0,0.7071067811865475,-0.25788719110129227,28
9823,-0.12792277383035552,0.20480778859513823,-0.1832315464703722,-0.23510237636567338,3.5319847650727247,0.7071067811865475,0.0,0.5457885188089201,53
9824,-0.12792277383035552,-1.2040232743295685,-0.1832315464703722,-0.23510237636567338,-0.4735933074256388,0.0,0.7071067811865475,-1.0615629010115046,57
9827,-0.12792277383035552,-0.8518155085983917,-0.1832315464703722,-0.23510237636567338,-0.6844132059781843,0.7071067811865475,0.0,-0.25788719110129227,27
9830,-0.12792277383035552,-0.8518155085983917,-0.1832315464703722,-0.23510237636567338,-0.6844132059781843,0.7071067811865475,0.0,-1.0615629010115046,48
9831,-0.12792277383035552,-0.8518155085983917,-0.1832315464703722,-0.23510237636567338,-0.6844132059781843,0.0,0.7071067811865475,-0.6597250460563985,29
9832,-0.12792277383035552,-0.14739997713603842,-0.1832315464703722,-0.23510237636567338,-0.4735933074256388,0.0,0.7071067811865475,0.14395066385381394,25
9833,-0.12792277383035552,-1.2040232743295685,-0.1832315464703722,-0.23510237636567338,-0.6844132059781843,0.7071067811865475,0.0,-1.0615629010115046,67
9834,-0.12792277383035552,0.20480778859513823,-0.1832315464703722,1.8894245151847455,-0.2627734088730934,0.0,0.7071067811865475,-0.25788719110129227,29
9835,-0.12792277383035552,-0.8518155085983917,-0.1832315464703722,-0.23510237636567338,-0.05195351032054794,0.7071067811865475,0.0,-1.0615629010115046,53
9838,-0.12792277383035552,-1.2040232743295685,-0.1832315464703722,-0.23510237636567338,-0.6844132059781843,0.7071067811865475,0.0,-1.0615629010115046,49
9840,-0.12792277383035552,-1.2040232743295685,-0.1832315464703722,-0.23510237636567338,-0.6844132059781843,0.0,0.7071067811865475,-1.0615629010115046,44
9842,-0.12792277383035552,-1.2040232743295685,-0.1832315464703722,-0.23510237636567338,-0.6844132059781843,0.7071067811865475,0.0,-1.0615629010115046,55
9843,2.0292885925110493,1.2614310857886681,-0.1832315464703722,-0.23510237636567338,1.4237857795472701,0.7071067811865475,0.0,1.7513020836742388,26
9845,-0.12792277383035552,-1.2040232743295685,-0.1832315464703722,-0.23510237636567338,-0.6844132059781843,0.0,0.7071067811865475,-1.0615629010115046,46
9846,-0.12792277383035552,-0.4996077428672151,-0.1832315464703722,-0.23510237636567338,-0.4735933074256388,0.7071067811865475,0.0,-0.6597250460563985,30
9847,-0.12792277383035552,0.5570155543263149,-0.1832315464703722,-0.23510237636567338,-0.6844132059781843,0.7071067811865475,0.0,-1.0615629010115046,48
9851,-0.12792277383035552,-1.2040232743295685,-0.1832315464703722,-0.23510237636567338,-0.4735933074256388,0.0,0.7071067811865475,-1.0615629010115046,77
9852,-0.12792277383035552,1.9658466172510216,3.834193337419991,4.013951406735165,-0.2627734088730934,0.7071067811865475,0.0,1.3494642287191325,21
9854,-0.12792277383035552,-0.4996077428672151,-0.1832315464703722,-0.23510237636567338,0.15886638823199753,0.7071067811865475,0.0,-1.0615629010115046,54
9855,-0.12792277383035552,-0.8518155085983917,-0.1832315464703722,-0.23510237636567338,-0.05195351032054794,0.7071067811865475,0.0,-1.0615629010115046,54
9856,-0.12792277383035552,1.613638851519845,-0.1832315464703722,-0.23510237636567338,2.4778852723099973,0.7071067811865475,0.0,0.9476263737640264,26
9857,-0.12792277383035552,1.613638851519845,1.8254808954748094,1.8894245151847455,1.0021459824421792,0.7071067811865475,0.0,0.9476263737640264,23
9861,-0.12792277383035552,-0.8518155085983917,-0.1832315464703722,-0.23510237636567338,-0.2627734088730934,0.7071067811865475,0.0,-0.6597250460563985,39
9862,-0.12792277383035552,0.9092233200574916,-0.1832315464703722,-0.23510237636567338,2.0562454752049066,0.7071067811865475,0.0,-0.25788719110129227,35
9864,-0.12792277383035552,-1.2040232743295685,-0.1832315464703722,-0.23510237636567338,-0.4735933074256388,0.0,0.7071067811865475,-0.6597250460563985,29
9865,2.0292885925110493,-0.14739997713603842,-0.1832315464703722,-0.23510237636567338,1.2129658809947248,0.0,0.7071067811865475,0.14395066385381394,30
9867,-0.12792277383035552,-0.4996077428672151,-0.1832315464703722,-0.23510237636567338,0.5805061853370884,0.7071067811865475,0.0,0.14395066385381394,41
9868,-0.12792277383035552,1.9658466172510216,-0.1832315464703722,-0.23510237636567338,-0.4735933074256388,0.0,0.7071067811865475,1.7513020836742388,32
9869,-0.12792277383035552,0.5570155543263149,-0.1832315464703722,-0.23510237636567338,1.845425576652361,0.0,0.7071067811865475,-0.25788719110129227,48
9872,-0.12792277383035552,0.5570155543263149,-0.1832315464703722,-0.23510237636567338,-0.6844132059781843,0.0,0.7071067811865475,0.14395066385381394,52
9875,-0.12792277383035552,-1.2040232743295685,1.8254808954748094,-0.23510237636567338,-0.05195351032054794,0.7071067811865475,0.0,-0.6597250460563985,31
9877,-0.12792277383035552,0.20480778859513823,-0.1832315464703722,6.138478298285584,-0.4735933074256388,0.7071067811865475,0.0,0.5457885188089201,22
9880,-0.12792277383035552,-1.2040232743295685,-0.1832315464703722,-0.23510237636567338,-0.6844132059781843,0.0,0.7071067811865475,-1.0615629010115046,46
9883,-0.12792277383035552,-0.14739997713603842,-0.1832315464703722,-0.23510237636567338,0.7913260838896339,0.7071067811865475,0.0,0.5457885188089201,29
9885,-0.12792277383035552,0.9092233200574916,-0.1832315464703722,-0.23510237636567338,-0.6844132059781843,0.7071067811865475,0.0,0.5457885188089201,22
9888,-0.12792277383035552,-0.14739997713603842,-0.1832315464703722,-0.23510237636567338,1.0021459824421792,0.7071067811865475,0.0,-0.6597250460563985,39
9889,-0.12792277383035552,0.5570155543263149,-0.1832315464703722,-0.23510237636567338,1.2129658809947248,0.7071067811865475,0.0,-0.25788719110129227,35
9890,-0.12792277383035552,-1.2040232743295685,-0.1832315464703722,-0.23510237636567338,-0.4735933074256388,0.0,0.7071067811865475,-0.6597250460563985,26
9891,-0.12792277383035552,-0.8518155085983917,-0.1832315464703722,-0.23510237636567338,-0.4735933074256388,0.7071067811865475,0.0,-0.25788719110129227,27
9892,-0.12792277383035552,1.9658466172510216,-0.1832315464703722,-0.23510237636567338,0.36968628678454296,0.7071067811865475,0.0,0.5457885188089201,27
9894,-0.12792277383035552,1.613638851519845,-0.1832315464703722,-0.23510237636567338,1.4237857795472701,0.7071067811865475,0.0,0.5457885188089201,34
9902,-0.12792277383035552,-1.2040232743295685,-0.1832315464703722,-0.23510237636567338,-0.6844132059781843,0.0,0.7071067811865475,-1.0615629010115046,32
9904,-0.12792277383035552,1.613638851519845,-0.1832315464703722,1.8894245151847455,0.36968628678454296,0.7071067811865475,0.0,2.153139938629345,25
9905,-0.12792277383035552,0.20480778859513823,-0.1832315464703722,1.8894245151847455,-0.2627734088730934,0.0,0.7071067811865475,0.9476263737640264,22
9907,-0.12792277383035552,1.613638851519845,-0.1832315464703722,-0.23510237636567338,0.7913260838896339,0.7071067811865475,0.0,-0.25788719110129227,52
9908,-0.12792277383035552,1.9658466172510216,-0.1832315464703722,-0.23510237636567338,-0.2627734088730934,0.7071067811865475,0.0,2.554977793584451,21
9909,-0.12792277383035552,1.613638851519845,1.8254808954748094,-0.23510237636567338,1.6346056780998157,0.7071067811865475,0.0,1.7513020836742388,28
9912,-0.12792277383035552,0.5570155543263149,-0.1832315464703722,-0.23510237636567338,-0.6844132059781843,0.7071067811865475,0.0,0.14395066385381394,26
9914,-0.12792277383035552,-0.14739997713603842,1.8254808954748094,-0.23510237636567338,0.15886638823199753,0.0,0.7071067811865475,0.14395066385381394,23
9917,-0.12792277383035552,-1.2040232743295685,-0.1832315464703722,-0.23510237636567338,-0.4735933074256388,0.0,0.7071067811865475,-0.6597250460563985,31
9918,-0.12792277383035552,0.20480778859513823,-0.1832315464703722,-0.23510237636567338,-0.4735933074256388,0.0,0.7071067811865475,0.5457885188089201,34
9919,-0.12792277383035552,-0.14739997713603842,-0.1832315464703722,-0.23510237636567338,-0.6844132059781843,0.0,0.7071067811865475,-0.25788719110129227,32
9920,-0.12792277383035552,-0.4996077428672151,-0.1832315464703722,-0.23510237636567338,-0.6844132059781843,0.0,0.7071067811865475,-1.0615629010115046,50
9921,-0.12792277383035552,0.20480778859513823,-0.1832315464703722,-0.23510237636567338,-0.4735933074256388,0.0,0.7071067811865475,-0.25788719110129227,27
9922,-0.12792277383035552,-0.4996077428672151,1.8254808954748094,-0.23510237636567338,0.15886638823199753,0.7071067811865475,0.0,-0.25788719110129227,26
9923,2.0292885925110493,0.20480778859513823,-0.1832315464703722,-0.23510237636567338,0.15886638823199753,0.7071067811865475,0.0,-0.25788719110129227,27
9924,-0.12792277383035552,-0.4996077428672151,-0.1832315464703722,-0.23510237636567338,-0.6844132059781843,0.7071067811865475,0.0,-0.25788719110129227,29
9931,-0.12792277383035552,-1.2040232743295685,-0.1832315464703722,-0.23510237636567338,-0.6844132059781843,0.0,0.7071067811865475,-1.0615629010115046,58
9933,4.186499958852454,1.9658466172510216,-0.1832315464703722,-0.23510237636567338,2.2670653737574518,0.7071067811865475,0.0,2.554977793584451,27
9934,-0.12792277383035552,0.20480778859513823,-0.1832315464703722,-0.23510237636567338,0.36968628678454296,0.7071067811865475,0.0,-0.6597250460563985,28
9935,-0.12792277383035552,1.9658466172510216,9.860330663255535,1.8894245151847455,2.4778852723099973,0.7071067811865475,0.0,2.153139938629345,24
9939,-0.12792277383035552,-1.2040232743295685,-0.1832315464703722,-0.23510237636567338,-0.6844132059781843,0.0,0.7071067811865475,-1.0615629010115046,50
9940,-0.12792277383035552,1.613638851519845,-0.1832315464703722,-0.23510237636567338,2.4778852723099973,0.7071067811865475,0.0,1.3494642287191325,30
9942,-0.12792277383035552,-1.2040232743295685,-0.1832315464703722,-0.23510237636567338,-0.6844132059781843,0.7071067811865475,0.0,-1.0615629010115046,46
9944,-0.12792277383035552,-1.2040232743295685,-0.1832315464703722,-0.23510237636567338,-0.6844132059781843,0.7071067811865475,0.0,-1.0615629010115046,43
9945,-0.12792277383035552,-0.8518155085983917,-0.1832315464703722,-0.23510237636567338,-0.6844132059781843,0.7071067811865475,0.0,-0.25788719110129227,24
9948,-0.12792277383035552,0.9092233200574916,-0.1832315464703722,-0.23510237636567338,1.4237857795472701,0.7071067811865475,0.0,0.5457885188089201,34
9951,-0.12792277383035552,-0.8518155085983917,-0.1832315464703722,-0.23510237636567338,-0.2627734088730934,0.7071067811865475,0.0,-0.25788719110129227,26
9952,-0.12792277383035552,-1.2040232743295685,-0.1832315464703722,-0.23510237636567338,-0.6844132059781843,0.7071067811865475,0.0,-1.0615629010115046,31
9953,-0.12792277383035552,-0.4996077428672151,-0.1832315464703722,6.138478298285584,-0.4735933074256388,0.7071067811865475,0.0,0.14395066385381394,23
9955,-0.12792277383035552,-1.2040232743295685,-0.1832315464703722,-0.23510237636567338,-0.6844132059781843,0.7071067811865475,0.0,-1.0615629010115046,39
9956,-0.12792277383035552,-1.2040232743295685,-0.1832315464703722,-0.23510237636567338,0.15886638823199753,0.7071067811865475,0.0,-1.0615629010115046,50
9959,-0.12792277383035552,0.5570155543263149,-0.1832315464703722,-0.23510237636567338,-0.6844132059781843,0.0,0.7071067811865475,0.5457885188089201,22
9960,-0.12792277383035552,-0.8518155085983917,-0.1832315464703722,-0.23510237636567338,-0.6844132059781843,0.0,0.7071067811865475,-0.25788719110129227,25
9963,-0.12792277383035552,1.613638851519845,1.8254808954748094,-0.23510237636567338,-0.2627734088730934,0.7071067811865475,0.0,0.9476263737640264,21
9965,-0.12792277383035552,-0.14739997713603842,-0.1832315464703722,-0.23510237636567338,-0.4735933074256388,0.7071067811865475,0.0,0.9476263737640264,20
9966,-0.12792277383035552,0.20480778859513823,-0.1832315464703722,-0.23510237636567338,1.845425576652361,0.0,0.7071067811865475,-0.6597250460563985,54
9968,-0.12792277383035552,0.5570155543263149,-0.1832315464703722,-0.23510237636567338,-0.2627734088730934,0.7071067811865475,0.0,0.14395066385381394,27
9969,-0.12792277383035552,0.20480778859513823,-0.1832315464703722,-0.23510237636567338,0.36968628678454296,0.7071067811865475,0.0,-0.25788719110129227,45
9970,6.343711325193859,0.9092233200574916,1.8254808954748094,-0.23510237636567338,2.0562454752049066,0.7071067811865475,0.0,-0.6597250460563985,34
9971,-0.12792277383035552,-1.2040232743295685,-0.1832315464703722,-0.23510237636567338,-0.6844132059781843,0.7071067811865475,0.0,-1.0615629010115046,55
9972,-0.12792277383035552,-0.8518155085983917,-0.1832315464703722,-0.23510237636567338,-0.6844132059781843,0.0,0.7071067811865475,-0.25788719110129227,24
9973,-0.12792277383035552,1.9658466172510216,-0.1832315464703722,1.8894245151847455,-0.6844132059781843,0.7071067811865475,0.0,2.153139938629345,20
9977,-0.12792277383035552,0.20480778859513823,-0.1832315464703722,-0.23510237636567338,0.36968628678454296,0.0,0.7071067811865475,-0.25788719110129227,37
9979,-0.12792277383035552,-1.2040232743295685,-0.1832315464703722,-0.23510237636567338,-0.4735933074256388,0.0,0.7071067811865475,-0.6597250460563985,34
9980,-0.12792277383035552,0.5570155543263149,-0.1832315464703722,-0.23510237636567338,-0.2627734088730934,0.7071067811865475,0.0,0.5457885188089201,41
9981,-0.12792277383035552,0.5570155543263149,-0.1832315464703722,-0.23510237636567338,-0.4735933074256388,0.7071067811865475,0.0,0.9476263737640264,21
9983,-0.12792277383035552,-0.4996077428672151,-0.1832315464703722,-0.23510237636567338,-0.05195351032054794,0.7071067811865475,0.0,0.14395066385381394,22
9984,-0.12792277383035552,1.2614310857886681,-0.1832315464703722,-0.23510237636567338,-0.6844132059781843,0.7071067811865475,0.0,0.9476263737640264,24
9985,-0.12792277383035552,-0.14739997713603842,-0.1832315464703722,-0.23510237636567338,1.0021459824421792,0.7071067811865475,0.0,0.14395066385381394,42
9987,-0.12792277383035552,-0.14739997713603842,-0.1832315464703722,-0.23510237636567338,-0.6844132059781843,0.0,0.7071067811865475,0.5457885188089201,23
9991,-0.12792277383035552,-0.14739997713603842,-0.1832315464703722,-0.23510237636567338,-0.6844132059781843,0.0,0.7071067811865475,1.3494642287191325,20
9996,-0.12792277383035552,-1.2040232743295685,-0.1832315464703722,-0.23510237636567338,-0.6844132059781843,0.7071067811865475,0.0,-1.0615629010115046,44
9997,-0.12792277383035552,-0.14739997713603842,-0.1832315464703722,-0.23510237636567338,-0.6844132059781843,0.0,0.7071067811865475,1.3494642287191325,20
10004,-0.12792277383035552,0.20480778859513823,-0.1832315464703722,-0.23510237636567338,0.36968628678454296,0.0,0.7071067811865475,0.14395066385381394,27
10006,-0.12792277383035552,1.9658466172510216,-0.1832315464703722,-0.23510237636567338,-0.6844132059781843,0.0,0.7071067811865475,2.153139938629345,20
10007,-0.12792277383035552,0.5570155543263149,-0.1832315464703722,-0.23510237636567338,-0.6844132059781843,0.7071067811865475,0.0,1.7513020836742388,20
10008,-0.12792277383035552,-0.14739997713603842,-0.1832315464703722,-0.23510237636567338,-0.4735933074256388,0.7071067811865475,0.0,-0.25788719110129227,28
10009,-0.12792277383035552,0.9092233200574916,-0.1832315464703722,-0.23510237636567338,1.2129658809947248,0.7071067811865475,0.0,0.14395066385381394,29
10010,-0.12792277383035552,1.613638851519845,-0.1832315464703722,-0.23510237636567338,-0.6844132059781843,0.7071067811865475,0.0,2.554977793584451,21
10012,-0.12792277383035552,0.5570155543263149,-0.1832315464703722,-0.23510237636567338,-0.2627734088730934,0.7071067811865475,0.0,0.14395066385381394,24
10017,-0.12792277383035552,-0.14739997713603842,-0.1832315464703722,-0.23510237636567338,-0.6844132059781843,0.7071067811865475,0.0,0.9476263737640264,21
10018,-0.12792277383035552,0.20480778859513823,-0.1832315464703722,-0.23510237636567338,-0.6844132059781843,0.7071067811865475,0.0,0.14395066385381394,24
10019,-0.12792277383035552,0.20480778859513823,1.8254808954748094,-0.23510237636567338,-0.05195351032054794,0.7071067811865475,0.0,1.3494642287191325,23
10020,-0.12792277383035552,-0.14739997713603842,-0.1832315464703722,-0.23510237636567338,-0.6844132059781843,0.7071067811865475,0.0,-0.25788719110129227,27
10021,-0.12792277383035552,-0.14739997713603842,-0.1832315464703722,-0.23510237636567338,-0.6844132059781843,0.7071067811865475,0.0,0.14395066385381394,24
10022,-0.12792277383035552,0.5570155543263149,1.8254808954748094,-0.23510237636567338,0.5805061853370884,0.0,0.7071067811865475,1.7513020836742388,31
10025,-0.12792277383035552,-0.14739997713603842,-0.1832315464703722,-0.23510237636567338,-0.6844132059781843,0.7071067811865475,0.0,0.9476263737640264,22
10029,-0.12792277383035552,-1.2040232743295685,-0.1832315464703722,-0.23510237636567338,-0.6844132059781843,0.7071067811865475,0.0,-1.0615629010115046,54
10033,-0.12792277383035552,0.5570155543263149,-0.1832315464703722,-0.23510237636567338,0.7913260838896339,0.7071067811865475,0.0,-0.6597250460563985,35
10035,-0.12792277383035552,0.20480778859513823,-0.1832315464703722,-0.23510237636567338,-0.6844132059781843,0.7071067811865475,0.0,-1.0615629010115046,53
10036,-0.12792277383035552,-0.14739997713603842,-0.1832315464703722,-0.23510237636567338,1.2129658809947248,0.0,0.7071067811865475,0.14395066385381394,26
10037,-0.12792277383035552,-0.14739997713603842,-0.1832315464703722,-0.23510237636567338,0.7913260838896339,0.0,0.7071067811865475,-0.6597250460563985,48
10040,-0.12792277383035552,-1.2040232743295685,-0.1832315464703722,-0.23510237636567338,-0.2627734088730934,0.0,0.7071067811865475,-1.0615629010115046,56
10042,-0.12792277383035552,0.9092233200574916,-0.1832315464703722,-0.23510237636567338,0.5805061853370884,0.7071067811865475,0.0,0.14395066385381394,25
10043,-0.12792277383035552,-1.2040232743295685,-0.1832315464703722,-0.23510237636567338,-0.6844132059781843,0.7071067811865475,0.0,-1.0615629010115046,49
10044,-0.12792277383035552,-0.8518155085983917,-0.1832315464703722,-0.23510237636567338,-0.6844132059781843,0.0,0.7071067811865475,-1.0615629010115046,34
10045,-0.12792277383035552,0.5570155543263149,-0.1832315464703722,-0.23510237636567338,-0.6844132059781843,0.0,0.7071067811865475,2.153139938629345,21
10046,-0.12792277383035552,0.5570155543263149,-0.1832315464703722,-0.23510237636567338,-0.6844132059781843,0.7071067811865475,0.0,0.5457885188089201,23
10047,-0.12792277383035552,-1.2040232743295685,-0.1832315464703722,-0.23510237636567338,-0.6844132059781843,0.7071067811865475,0.0,-1.0615629010115046,57
10051,-0.12792277383035552,1.9658466172510216,-0.1832315464703722,-0.23510237636567338,0.36968628678454296,0.7071067811865475,0.0,0.5457885188089201,25
10052,-0.12792277383035552,0.20480778859513823,-0.1832315464703722,-0.23510237636567338,-0.4735933074256388,0.7071067811865475,0.0,0.14395066385381394,42
10054,-0.12792277383035552,0.20480778859513823,-0.1832315464703722,-0.23510237636567338,-0.4735933074256388,0.7071067811865475,0.0,-1.0615629010115046,51
10056,-0.12792277383035552,-0.8518155085983917,1.8254808954748094,-0.23510237636567338,0.36968628678454296,0.0,0.7071067811865475,-0.6597250460563985,31
10058,-0.12792277383035552,0.20480778859513823,-0.1832315464703722,-0.23510237636567338,2.0562454752049066,0.0,0.7071067811865475,-0.25788719110129227,53
10059,-0.12792277383035552,0.9092233200574916,-0.1832315464703722,-0.23510237636567338,0.5805061853370884,0.7071067811865475,0.0,-0.25788719110129227,43
10061,-0.12792277383035552,-1.2040232743295685,-0.1832315464703722,-0.23510237636567338,-0.6844132059781843,0.7071067811865475,0.0,-0.6597250460563985,34
10062,-0.12792277383035552,0.20480778859513823,-0.1832315464703722,-0.23510237636567338,-0.2627734088730934,0.7071067811865475,0.0,-0.6597250460563985,27
10064,-0.12792277383035552,-1.2040232743295685,-0.1832315464703722,-0.23510237636567338,-0.6844132059781843,0.0,0.7071067811865475,-1.0615629010115046,51
10065,-0.12792277383035552,-0.14739997713603842,-0.1832315464703722,-0.23510237636567338,-0.4735933074256388,0.0,0.7071067811865475,-0.25788719110129227,26
10066,-0.12792277383035552,0.5570155543263149,-0.1832315464703722,-0.23510237636567338,0.36968628678454296,0.7071067811865475,0.0,-1.0615629010115046,47
10068,-0.12792277383035552,-0.14739997713603842,-0.1832315464703722,1.8894245151847455,-0.6844132059781843,0.7071067811865475,0.0,0.5457885188089201,22
10069,-0.12792277383035552,-0.8518155085983917,-0.1832315464703722,-0.23510237636567338,-0.6844132059781843,0.7071067811865475,0.0,-1.0615629010115046,36
10071,-0.12792277383035552,-0.4996077428672151,-0.1832315464703722,-0.23510237636567338,-0.4735933074256388,0.0,0.7071067811865475,-1.0615629010115046,36
10072,-0.12792277383035552,-0.4996077428672151,-0.1832315464703722,-0.23510237636567338,0.15886638823199753,0.7071067811865475,0.0,-1.0615629010115046,41
10077,-0.12792277383035552,0.5570155543263149,5.842905779365172,1.8894245151847455,0.5805061853370884,0.0,0.7071067811865475,1.3494642287191325,25
10079,-0.12792277383035552,-0.4996077428672151,-0.1832315464703722,-0.23510237636567338,-0.2627734088730934,0.7071067811865475,0.0,-1.0615629010115046,31
10083,-0.12792277383035552,-1.2040232743295685,-0.1832315464703722,-0.23510237636567338,-0.6844132059781843,0.0,0.7071067811865475,-1.0615629010115046,33
10086,-0.12792277383035552,-0.8518155085983917,-0.1832315464703722,-0.23510237636567338,-0.05195351032054794,0.7071067811865475,0.0,-1.0615629010115046,44
10087,-0.12792277383035552,-0.8518155085983917,-0.1832315464703722,-0.23510237636567338,-0.6844132059781843,0.7071067811865475,0.0,-1.0615629010115046,46
10088,-0.12792277383035552,-0.8518155085983917,-0.1832315464703722,-0.23510237636567338,-0.4735933074256388,0.7071067811865475,0.0,-0.6597250460563985,28
10091,2.0292885925110493,0.20480778859513823,-0.1832315464703722,-0.23510237636567338,0.36968628678454296,0.7071067811865475,0.0,0.5457885188089201,28
10092,-0.12792277383035552,-0.8518155085983917,-0.1832315464703722,-0.23510237636567338,0.36968628678454296,0.7071067811865475,0.0,-1.0615629010115046,66
10094,-0.12792277383035552,-0.4996077428672151,-0.1832315464703722,-0.23510237636567338,-0.6844132059781843,0.0,0.7071067811865475,0.9476263737640264,20
10095,-0.12792277383035552,-0.4996077428672151,-0.1832315464703722,-0.23510237636567338,-0.2627734088730934,0.7071067811865475,0.0,-0.25788719110129227,27
10096,-0.12792277383035552,-0.14739997713603842,-0.1832315464703722,-0.23510237636567338,-0.6844132059781843,0.7071067811865475,0.0,0.14395066385381394,24
10097,-0.12792277383035552,-0.4996077428672151,-0.1832315464703722,-0.23510237636567338,-0.05195351032054794,0.7071067811865475,0.0,0.14395066385381394,25
10107,-0.12792277383035552,0.20480778859513823,-0.1832315464703722,-0.23510237636567338,-0.4735933074256388,0.7071067811865475,0.0,0.5457885188089201,39
10110,-0.12792277383035552,-0.14739997713603842,-0.1832315464703722,-0.23510237636567338,0.7913260838896339,0.7071067811865475,0.0,-0.6597250460563985,41
10111,-0.12792277383035552,-0.8518155085983917,-0.1832315464703722,-0.23510237636567338,-0.6844132059781843,0.7071067811865475,0.0,-0.25788719110129227,26
10112,-0.12792277383035552,0.20480778859513823,-0.1832315464703722,-0.23510237636567338,-0.2627734088730934,0.0,0.7071067811865475,0.14395066385381394,25
10118,-0.12792277383035552,-1.2040232743295685,-0.1832315464703722,-0.23510237636567338,-0.6844132059781843,0.0,0.7071067811865475,-1.0615629010115046,55
10119,-0.12792277383035552,1.613638851519845,-0.1832315464703722,-0.23510237636567338,-0.2627734088730934,0.7071067811865475,0.0,2.554977793584451,22
10120,-0.12792277383035552,-0.8518155085983917,-0.1832315464703722,-0.23510237636567338,-0.2627734088730934,0.0,0.7071067811865475,-0.6597250460563985,29
10121,-0.12792277383035552,1.613638851519845,-0.1832315464703722,-0.23510237636567338,0.7913260838896339,0.7071067811865475,0.0,2.153139938629345,25
10125,-0.12792277383035552,-1.2040232743295685,-0.1832315464703722,-0.23510237636567338,0.36968628678454296,0.7071067811865475,0.0,-1.0615629010115046,50
10126,-0.12792277383035552,0.5570155543263149,-0.1832315464703722,-0.23510237636567338,-0.6844132059781843,0.0,0.7071067811865475,0.9476263737640264,20
10127,-0.12792277383035552,0.9092233200574916,-0.1832315464703722,-0.23510237636567338,0.36968628678454296,0.0,0.7071067811865475,-0.25788719110129227,56
10129,-0.12792277383035552,1.2614310857886681,-0.1832315464703722,-0.23510237636567338,0.36968628678454296,0.7071067811865475,0.0,1.3494642287191325,25
10130,-0.12792277383035552,-1.2040232743295685,-0.1832315464703722,-0.23510237636567338,-0.4735933074256388,0.7071067811865475,0.0,-1.0615629010115046,48
10131,-0.12792277383035552,1.613638851519845,-0.1832315464703722,-0.23510237636567338,-0.4735933074256388,0.7071067811865475,0.0,2.554977793584451,21
10132,-0.12792277383035552,-1.2040232743295685,-0.1832315464703722,-0.23510237636567338,-0.2627734088730934,0.0,0.7071067811865475,-0.6597250460563985,31
10133,-0.12792277383035552,-0.8518155085983917,-0.1832315464703722,-0.23510237636567338,-0.6844132059781843,0.0,0.7071067811865475,-0.6597250460563985,35
10134,-0.12792277383035552,0.9092233200574916,-0.1832315464703722,-0.23510237636567338,0.5805061853370884,0.0,0.7071067811865475,1.7513020836742388,25
10136,-0.12792277383035552,-0.4996077428672151,-0.1832315464703722,-0.23510237636567338,-0.2627734088730934,0.7071067811865475,0.0,-0.6597250460563985,34
10137,-0.12792277383035552,0.9092233200574916,-0.1832315464703722,-0.23510237636567338,-0.6844132059781843,0.7071067811865475,0.0,0.14395066385381394,32
10139,-0.12792277383035552,-0.4996077428672151,-0.1832315464703722,-0.23510237636567338,-0.4735933074256388,0.7071067811865475,0.0,-1.0615629010115046,31
10145,-0.12792277383035552,-1.2040232743295685,-0.1832315464703722,-0.23510237636567338,-0.6844132059781843,0.0,0.7071067811865475,-1.0615629010115046,44
10148,-0.12792277383035552,0.9092233200574916,-0.1832315464703722,-0.23510237636567338,1.6346056780998157,0.0,0.7071067811865475,1.3494642287191325,31
10150,-0.12792277383035552,-0.8518155085983917,-0.1832315464703722,-0.23510237636567338,-0.05195351032054794,0.0,0.7071067811865475,-0.25788719110129227,28
10157,-0.12792277383035552,1.613638851519845,1.8254808954748094,-0.23510237636567338,1.4237857795472701,0.7071067811865475,0.0,1.7513020836742388,27
10158,-0.12792277383035552,1.613638851519845,-0.1832315464703722,4.013951406735165,-0.6844132059781843,0.7071067811865475,0.0,2.153139938629345,24
10159,-0.12792277383035552,-1.2040232743295685,-0.1832315464703722,-0.23510237636567338,-0.6844132059781843,0.7071067811865475,0.0,-1.0615629010115046,49
10161,-0.12792277383035552,-0.8518155085983917,-0.1832315464703722,-0.23510237636567338,-0.6844132059781843,0.7071067811865475,0.0,-0.6597250460563985,40
10163,-0.12792277383035552,0.5570155543263149,-0.1832315464703722,-0.23510237636567338,0.15886638823199753,0.0,0.7071067811865475,0.5457885188089201,22
10165,-0.12792277383035552,-0.8518155085983917,-0.1832315464703722,-0.23510237636567338,0.36968628678454296,0.7071067811865475,0.0,-0.6597250460563985,28
10167,-0.12792277383035552,0.5570155543263149,-0.1832315464703722,-0.23510237636567338,-0.2627734088730934,0.7071067811865475,0.0,0.5457885188089201,24
10168,-0.12792277383035552,-1.2040232743295685,-0.1832315464703722,-0.23510237636567338,-0.4735933074256388,0.0,0.7071067811865475,-1.0615629010115046,49
10169,-0.12792277383035552,0.9092233200574916,-0.1832315464703722,-0.23510237636567338,-0.6844132059781843,0.0,0.7071067811865475,0.14395066385381394,33
10174,-0.12792277383035552,0.9092233200574916,-0.1832315464703722,-0.23510237636567338,-0.6844132059781843,0.7071067811865475,0.0,-0.6597250460563985,44
10176,-0.12792277383035552,0.5570155543263149,-0.1832315464703722,6.138478298285584,1.845425576652361,0.7071067811865475,0.0,-0.25788719110129227,41
10178,-0.12792277383035552,-1.2040232743295685,-0.1832315464703722,-0.23510237636567338,-0.6844132059781843,0.7071067811865475,0.0,-1.0615629010115046,46
10179,-0.12792277383035552,-1.2040232743295685,-0.1832315464703722,-0.23510237636567338,-0.2627734088730934,0.0,0.7071067811865475,-1.0615629010115046,57
10181,-0.12792277383035552,1.613638851519845,-0.1832315464703722,-0.23510237636567338,-0.6844132059781843,0.7071067811865475,0.0,0.9476263737640264,32
10183,-0.12792277383035552,1.613638851519845,-0.1832315464703722,-0.23510237636567338,-0.4735933074256388,0.0,0.7071067811865475,-0.25788719110129227,36
10184,-0.12792277383035552,1.2614310857886681,-0.1832315464703722,-0.23510237636567338,-0.4735933074256388,0.0,0.7071067811865475,0.9476263737640264,30
10185,-0.12792277383035552,-0.8518155085983917,-0.1832315464703722,-0.23510237636567338,-0.6844132059781843,0.0,0.7071067811865475,-0.25788719110129227,28
10188,-0.12792277383035552,-0.14739997713603842,-0.1832315464703722,-0.23510237636567338,-0.05195351032054794,0.0,0.7071067811865475,-0.25788719110129227,31
10189,2.0292885925110493,1.9658466172510216,-0.1832315464703722,-0.23510237636567338,1.0021459824421792,0.7071067811865475,0.0,2.153139938629345,29
10193,-0.12792277383035552,0.20480778859513823,-0.1832315464703722,-0.23510237636567338,-0.4735933074256388,0.0,0.7071067811865475,0.9476263737640264,21
10194,2.0292885925110493,1.2614310857886681,-0.1832315464703722,-0.23510237636567338,0.36968628678454296,0.7071067811865475,0.0,0.9476263737640264,23
10195,-0.12792277383035552,-1.2040232743295685,-0.1832315464703722,-0.23510237636567338,-0.6844132059781843,0.0,0.7071067811865475,-0.6597250460563985,27
10196,-0.12792277383035552,1.613638851519845,-0.1832315464703722,-0.23510237636567338,0.15886638823199753,0.7071067811865475,0.0,1.3494642287191325,25
10197,-0.12792277383035552,1.9658466172510216,-0.1832315464703722,-0.23510237636567338,4.586084257835452,0.7071067811865475,0.0,0.5457885188089201,49
10198,-0.12792277383035552,0.20480778859513823,-0.1832315464703722,-0.23510237636567338,-0.2627734088730934,0.7071067811865475,0.0,-0.25788719110129227,35
10201,-0.12792277383035552,-0.8518155085983917,-0.1832315464703722,-0.23510237636567338,-0.6844132059781843,0.7071067811865475,0.0,-0.6597250460563985,35
10202,-0.12792277383035552,1.2614310857886681,-0.1832315464703722,-0.23510237636567338,-0.4735933074256388,0.0,0.7071067811865475,-0.25788719110129227,25
10205,2.0292885925110493,0.9092233200574916,-0.1832315464703722,-0.23510237636567338,-0.2627734088730934,0.0,0.7071067811865475,0.9476263737640264,32
10207,-0.12792277383035552,0.5570155543263149,-0.1832315464703722,-0.23510237636567338,1.2129658809947248,0.7071067811865475,0.0,0.5457885188089201,35
10210,-0.12792277383035552,1.613638851519845,-0.1832315464703722,-0.23510237636567338,-0.6844132059781843,0.0,0.7071067811865475,1.3494642287191325,32
10211,-0.12792277383035552,-0.14739997713603842,-0.1832315464703722,-0.23510237636567338,-0.6844132059781843,0.0,0.7071067811865475,0.5457885188089201,23
10214,2.0292885925110493,1.9658466172510216,1.8254808954748094,4.013951406735165,0.15886638823199753,0.7071067811865475,0.0,2.554977793584451,23
10216,-0.12792277383035552,1.2614310857886681,-0.1832315464703722,-0.23510237636567338,-0.6844132059781843,0.0,0.7071067811865475,0.14395066385381394,26
10217,-0.12792277383035552,1.2614310857886681,-0.1832315464703722,-0.23510237636567338,1.2129658809947248,0.7071067811865475,0.0,0.5457885188089201,31
10218,-0.12792277383035552,-0.14739997713603842,-0.1832315464703722,-0.23510237636567338,-0.6844132059781843,0.0,0.7071067811865475,1.3494642287191325,22
10219,-0.12792277383035552,1.2614310857886681,-0.1832315464703722,-0.23510237636567338,-0.6844132059781843,0.7071067811865475,0.0,2.153139938629345,20
10220,-0.12792277383035552,-0.4996077428672151,-0.1832315464703722,-0.23510237636567338,-0.4735933074256388,0.7071067811865475,0.0,0.14395066385381394,24
10223,-0.12792277383035552,0.9092233200574916,-0.1832315464703722,-0.23510237636567338,-0.6844132059781843,0.0,0.7071067811865475,-0.6597250460563985,37
10224,-0.12792277383035552,0.20480778859513823,-0.1832315464703722,-0.23510237636567338,-0.6844132059781843,0.7071067811865475,0.0,-0.25788719110129227,29
10225,-0.12792277383035552,-0.8518155085983917,-0.1832315464703722,-0.23510237636567338,-0.6844132059781843,0.7071067811865475,0.0,-1.0615629010115046,34
10226,-0.12792277383035552,0.9092233200574916,-0.1832315464703722,1.8894245151847455,1.2129658809947248,0.7071067811865475,0.0,0.14395066385381394,29
10228,-0.12792277383035552,-1.2040232743295685,-0.1832315464703722,-0.23510237636567338,-0.05195351032054794,0.7071067811865475,0.0,-1.0615629010115046,49
10229,-0.12792277383035552,-0.8518155085983917,-0.1832315464703722,-0.23510237636567338,-0.2627734088730934,0.7071067811865475,0.0,-0.6597250460563985,31
10230,-0.12792277383035552,-1.2040232743295685,-0.1832315464703722,-0.23510237636567338,-0.6844132059781843,0.0,0.7071067811865475,-1.0615629010115046,59
10232,-0.12792277383035552,-1.2040232743295685,-0.1832315464703722,-0.23510237636567338,-0.2627734088730934,0.0,0.7071067811865475,-1.0615629010115046,39
10233,-0.12792277383035552,0.20480778859513823,-0.1832315464703722,1.8894245151847455,-0.4735933074256388,0.7071067811865475,0.0,0.5457885188089201,23
10234,-0.12792277383035552,-1.2040232743295685,-0.1832315464703722,-0.23510237636567338,-0.05195351032054794,0.7071067811865475,0.0,-0.6597250460563985,27
10235,-0.12792277383035552,1.613638851519845,-0.1832315464703722,-0.23510237636567338,-0.4735933074256388,0.7071067811865475,0.0,1.3494642287191325,22
10237,-0.12792277383035552,1.613638851519845,-0.1832315464703722,-0.23510237636567338,-0.6844132059781843,0.7071067811865475,0.0,2.153139938629345,21
10239,-0.12792277383035552,-1.2040232743295685,-0.1832315464703722,-0.23510237636567338,-0.6844132059781843,0.7071067811865475,0.0,-1.0615629010115046,36
10241,-0.12792277383035552,0.5570155543263149,-0.1832315464703722,1.8894245151847455,1.4237857795472701,0.7071067811865475,0.0,-0.6597250460563985,30
10242,-0.12792277383035552,0.9092233200574916,-0.1832315464703722,-0.23510237636567338,-0.05195351032054794,0.0,0.7071067811865475,2.153139938629345,31
10243,-0.12792277383035552,-0.4996077428672151,-0.1832315464703722,-0.23510237636567338,-0.6844132059781843,0.0,0.7071067811865475,-0.6597250460563985,29
10244,-0.12792277383035552,-1.2040232743295685,-0.1832315464703722,-0.23510237636567338,0.36968628678454296,0.0,0.7071067811865475,-1.0615629010115046,47
10251,-0.12792277383035552,-0.8518155085983917,-0.1832315464703722,-0.23510237636567338,-0.6844132059781843,0.7071067811865475,0.0,-0.25788719110129227,26
10252,-0.12792277383035552,-0.14739997713603842,-0.1832315464703722,-0.23510237636567338,-0.6844132059781843,0.0,0.7071067811865475,0.5457885188089201,24
10253,-0.12792277383035552,-1.2040232743295685,-0.1832315464703722,-0.23510237636567338,-0.4735933074256388,0.7071067811865475,0.0,-1.0615629010115046,43
10254,2.0292885925110493,1.613638851519845,3.834193337419991,-0.23510237636567338,1.6346056780998157,0.7071067811865475,0.0,2.554977793584451,27
10256,-0.12792277383035552,-0.14739997713603842,-0.1832315464703722,-0.23510237636567338,0.15886638823199753,0.7071067811865475,0.0,-0.25788719110129227,28
10257,-0.12792277383035552,-0.8518155085983917,-0.1832315464703722,-0.23510237636567338,-0.6844132059781843,0.7071067811865475,0.0,-0.6597250460563985,33
10258,-0.12792277383035552,-0.4996077428672151,-0.1832315464703722,-0.23510237636567338,-0.05195351032054794,0.7071067811865475,0.0,-0.6597250460563985,54
10259,-0.12792277383035552,-1.2040232743295685,-0.1832315464703722,-0.23510237636567338,-0.6844132059781843,0.0,0.7071067811865475,-1.0615629010115046,57
10261,-0.12792277383035552,-0.8518155085983917,-0.1832315464703722,-0.23510237636567338,-0.2627734088730934,0.7071067811865475,0.0,-0.6597250460563985,30
10262,-0.12792277383035552,-1.2040232743295685,-0.1832315464703722,-0.23510237636567338,-0.6844132059781843,0.0,0.7071067811865475,-0.6597250460563985,27
10267,-0.12792277383035552,1.2614310857886681,-0.1832315464703722,-0.23510237636567338,0.15886638823199753,0.7071067811865475,0.0,0.5457885188089201,31
10269,-0.12792277383035552,-0.4996077428672151,-0.1832315464703722,-0.23510237636567338,-0.6844132059781843,0.7071067811865475,0.0,-0.25788719110129227,29
10270,-0.12792277383035552,-0.8518155085983917,-0.1832315464703722,-0.23510237636567338,-0.6844132059781843,0.0,0.7071067811865475,-0.6597250460563985,29
10271,-0.12792277383035552,-0.4996077428672151,-0.1832315464703722,-0.23510237636567338,-0.2627734088730934,0.0,0.7071067811865475,0.14395066385381394,33
10272,-0.12792277383035552,-0.14739997713603842,-0.1832315464703722,-0.23510237636567338,-0.6844132059781843,0.0,0.7071067811865475,0.9476263737640264,22
10274,-0.12792277383035552,1.2614310857886681,-0.1832315464703722,-0.23510237636567338,-0.6844132059781843,0.0,0.7071067811865475,1.3494642287191325,35
10276,-0.12792277383035552,-1.2040232743295685,-0.1832315464703722,-0.23510237636567338,-0.2627734088730934,0.7071067811865475,0.0,-0.6597250460563985,29
10277,-0.12792277383035552,0.9092233200574916,1.8254808954748094,-0.23510237636567338,2.2670653737574518,0.7071067811865475,0.0,1.3494642287191325,30
10280,-0.12792277383035552,1.9658466172510216,-0.1832315464703722,-0.23510237636567338,-0.2627734088730934,0.7071067811865475,0.0,0.5457885188089201,27
10281,-0.12792277383035552,-1.2040232743295685,-0.1832315464703722,-0.23510237636567338,-0.6844132059781843,0.0,0.7071067811865475,-1.0615629010115046,63
10283,-0.12792277383035552,0.20480778859513823,-0.1832315464703722,-0.23510237636567338,0.5805061853370884,0.7071067811865475,0.0,-0.25788719110129227,27
10288,-0.12792277383035552,-0.8518155085983917,-0.1832315464703722,-0.23510237636567338,-0.05195351032054794,0.0,0.7071067811865475,-0.6597250460563985,34
10289,-0.12792277383035552,1.2614310857886681,-0.1832315464703722,-0.23510237636567338,-0.6844132059781843,0.7071067811865475,0.0,-0.25788719110129227,36
10292,-0.12792277383035552,1.2614310857886681,-0.1832315464703722,-0.23510237636567338,-0.6844132059781843,0.7071067811865475,0.0,1.7513020836742388,21
10293,-0.12792277383035552,-0.4996077428672151,-0.1832315464703722,-0.23510237636567338,-0.4735933074256388,0.7071067811865475,0.0,0.14395066385381394,23
10296,-0.12792277383035552,-0.4996077428672151,-0.1832315464703722,-0.23510237636567338,-0.4735933074256388,0.7071067811865475,0.0,-1.0615629010115046,40
10298,-0.12792277383035552,0.20480778859513823,-0.1832315464703722,-0.23510237636567338,-0.05195351032054794,0.0,0.7071067811865475,0.5457885188089201,30
10299,-0.12792277383035552,0.20480778859513823,-0.1832315464703722,-0.23510237636567338,-0.4735933074256388,0.0,0.7071067811865475,-0.6597250460563985,41
10300,-0.12792277383035552,-1.2040232743295685,-0.1832315464703722,-0.23510237636567338,-0.6844132059781843,0.0,0.7071067811865475,-1.0615629010115046,56
10301,-0.12792277383035552,-0.4996077428672151,-0.1832315464703722,-0.23510237636567338,-0.4735933074256388,0.7071067811865475,0.0,0.14395066385381394,23
10302,-0.12792277383035552,-0.8518155085983917,-0.1832315464703722,-0.23510237636567338,2.2670653737574518,0.0,0.7071067811865475,-0.6597250460563985,61
10303,-0.12792277383035552,0.9092233200574916,-0.1832315464703722,-0.23510237636567338,-0.6844132059781843,0.7071067811865475,0.0,1.7513020836742388,22
10305,-0.12792277383035552,0.5570155543263149,-0.1832315464703722,-0.23510237636567338,-0.6844132059781843,0.7071067811865475,0.0,1.3494642287191325,20
10306,-0.12792277383035552,-1.2040232743295685,-0.1832315464703722,-0.23510237636567338,-0.2627734088730934,0.7071067811865475,0.0,-1.0615629010115046,49
10307,4.186499958852454,0.5570155543263149,-0.1832315464703722,-0.23510237636567338,0.5805061853370884,0.7071067811865475,0.0,0.9476263737640264,31
10309,-0.12792277383035552,0.20480778859513823,-0.1832315464703722,-0.23510237636567338,0.7913260838896339,0.7071067811865475,0.0,0.14395066385381394,50
10312,-0.12792277383035552,-0.8518155085983917,-0.1832315464703722,-0.23510237636567338,-0.05195351032054794,0.0,0.7071067811865475,-0.6597250460563985,31
10313,2.0292885925110493,1.9658466172510216,-0.1832315464703722,4.013951406735165,0.15886638823199753,0.7071067811865475,0.0,2.153139938629345,32
10315,-0.12792277383035552,-1.2040232743295685,-0.1832315464703722,-0.23510237636567338,-0.6844132059781843,0.7071067811865475,0.0,-1.0615629010115046,44
10316,-0.12792277383035552,-1.2040232743295685,-0.1832315464703722,-0.23510237636567338,-0.6844132059781843,0.0,0.7071067811865475,-1.0615629010115046,56
10317,-0.12792277383035552,-1.2040232743295685,-0.1832315464703722,-0.23510237636567338,-0.6844132059781843,0.0,0.7071067811865475,-1.0615629010115046,62
10319,-0.12792277383035552,-1.2040232743295685,-0.1832315464703722,-0.23510237636567338,-0.05195351032054794,0.7071067811865475,0.0,-1.0615629010115046,43
10324,-0.12792277383035552,-0.14739997713603842,-0.1832315464703722,-0.23510237636567338,-0.4735933074256388,0.0,0.7071067811865475,0.5457885188089201,24
10326,-0.12792277383035552,1.9658466172510216,-0.1832315464703722,-0.23510237636567338,2.0562454752049066,0.7071067811865475,0.0,1.7513020836742388,41
10327,-0.12792277383035552,0.20480778859513823,-0.1832315464703722,-0.23510237636567338,-0.6844132059781843,0.0,0.7071067811865475,0.9476263737640264,23
10329,-0.12792277383035552,-1.2040232743295685,-0.1832315464703722,-0.23510237636567338,-0.6844132059781843,0.0,0.7071067811865475,-1.0615629010115046,53
10330,-0.12792277383035552,-1.2040232743295685,-0.1832315464703722,-0.23510237636567338,-0.6844132059781843,0.0,0.7071067811865475,-1.0615629010115046,67
10332,-0.12792277383035552,-1.2040232743295685,-0.1832315464703722,-0.23510237636567338,-0.6844132059781843,0.0,0.7071067811865475,-1.0615629010115046,38
10333,-0.12792277383035552,-1.2040232743295685,-0.1832315464703722,-0.23510237636567338,-0.4735933074256388,0.7071067811865475,0.0,-1.0615629010115046,40
10334,-0.12792277383035552,0.5570155543263149,-0.1832315464703722,-0.23510237636567338,-0.6844132059781843,0.7071067811865475,0.0,1.7513020836742388,20
10335,-0.12792277383035552,-1.2040232743295685,-0.1832315464703722,-0.23510237636567338,-0.4735933074256388,0.7071067811865475,0.0,-1.0615629010115046,45
10336,2.0292885925110493,1.2614310857886681,-0.1832315464703722,-0.23510237636567338,-0.05195351032054794,0.0,0.7071067811865475,1.7513020836742388,29
10337,-0.12792277383035552,-0.8518155085983917,-0.1832315464703722,-0.23510237636567338,-0.6844132059781843,0.0,0.7071067811865475,-0.25788719110129227,32
10338,-0.12792277383035552,-0.8518155085983917,-0.1832315464703722,1.8894245151847455,-0.6844132059781843,0.7071067811865475,0.0,-1.0615629010115046,34
10343,-0.12792277383035552,-1.2040232743295685,-0.1832315464703722,-0.23510237636567338,-0.6844132059781843,0.7071067811865475,0.0,-1.0615629010115046,39
10344,-0.12792277383035552,-0.8518155085983917,-0.1832315464703722,-0.23510237636567338,-0.6844132059781843,0.7071067811865475,0.0,-0.6597250460563985,29
10345,-0.12792277383035552,-1.2040232743295685,-0.1832315464703722,-0.23510237636567338,0.15886638823199753,0.7071067811865475,0.0,-1.0615629010115046,46
10346,-0.12792277383035552,1.2614310857886681,-0.1832315464703722,-0.23510237636567338,1.2129658809947248,0.0,0.7071067811865475,1.7513020836742388,31
10348,-0.12792277383035552,-0.8518155085983917,-0.1832315464703722,-0.23510237636567338,-0.4735933074256388,0.0,0.7071067811865475,0.14395066385381394,24
10349,-0.12792277383035552,-1.2040232743295685,-0.1832315464703722,-0.23510237636567338,-0.4735933074256388,0.7071067811865475,0.0,-0.6597250460563985,28
10351,-0.12792277383035552,-0.14739997713603842,-0.1832315464703722,-0.23510237636567338,-0.6844132059781843,0.0,0.7071067811865475,0.5457885188089201,25
10354,-0.12792277383035552,0.5570155543263149,-0.1832315464703722,-0.23510237636567338,-0.6844132059781843,0.0,0.7071067811865475,0.5457885188089201,24
10355,-0.12792277383035552,0.5570155543263149,-0.1832315464703722,-0.23510237636567338,0.36968628678454296,0.7071067811865475,0.0,0.5457885188089201,29
10356,-0.12792277383035552,1.2614310857886681,-0.1832315464703722,-0.23510237636567338,-0.05195351032054794,0.7071067811865475,0.0,1.7513020836742388,28
10357,-0.12792277383035552,-0.8518155085983917,-0.1832315464703722,-0.23510237636567338,-0.4735933074256388,0.7071067811865475,0.0,-1.0615629010115046,36
10359,-0.12792277383035552,0.5570155543263149,-0.1832315464703722,-0.23510237636567338,-0.2627734088730934,0.0,0.7071067811865475,0.5457885188089201,25
10360,-0.12792277383035552,-1.2040232743295685,-0.1832315464703722,-0.23510237636567338,-0.6844132059781843,0.7071067811865475,0.0,-0.6597250460563985,29
10361,-0.12792277383035552,1.613638851519845,-0.1832315464703722,-0.23510237636567338,-0.4735933074256388,0.7071067811865475,0.0,1.3494642287191325,26
10363,2.0292885925110493,1.613638851519845,-0.1832315464703722,-0.23510237636567338,-0.05195351032054794,0.7071067811865475,0.0,2.153139938629345,23
10364,-0.12792277383035552,1.9658466172510216,-0.1832315464703722,-0.23510237636567338,-0.4735933074256388,0.7071067811865475,0.0,2.153139938629345,20
10367,-0.12792277383035552,0.5570155543263149,-0.1832315464703722,-0.23510237636567338,0.15886638823199753,0.7071067811865475,0.0,-0.25788719110129227,32
10369,-0.12792277383035552,-1.2040232743295685,-0.1832315464703722,-0.23510237636567338,-0.4735933074256388,0.7071067811865475,0.0,-0.6597250460563985,29
10370,-0.12792277383035552,-0.4996077428672151,-0.1832315464703722,-0.23510237636567338,-0.6844132059781843,0.7071067811865475,0.0,-0.25788719110129227,26
10372,-0.12792277383035552,-1.2040232743295685,-0.1832315464703722,-0.23510237636567338,-0.6844132059781843,0.0,0.7071067811865475,-1.0615629010115046,35
10375,-0.12792277383035552,-0.14739997713603842,-0.1832315464703722,-0.23510237636567338,-0.6844132059781843,0.0,0.7071067811865475,0.14395066385381394,23
10376,-0.12792277383035552,-1.2040232743295685,-0.1832315464703722,-0.23510237636567338,-0.6844132059781843,0.0,0.7071067811865475,-1.0615629010115046,46
10377,-0.12792277383035552,-1.2040232743295685,-0.1832315464703722,-0.23510237636567338,-0.6844132059781843,0.7071067811865475,0.0,-1.0615629010115046,41
10378,-0.12792277383035552,0.5570155543263149,-0.1832315464703722,1.8894245151847455,-0.6844132059781843,0.0,0.7071067811865475,0.9476263737640264,22
10379,-0.12792277383035552,0.9092233200574916,-0.1832315464703722,-0.23510237636567338,0.7913260838896339,0.0,0.7071067811865475,2.153139938629345,27
10380,-0.12792277383035552,-1.2040232743295685,-0.1832315464703722,-0.23510237636567338,-0.6844132059781843,0.0,0.7071067811865475,-1.0615629010115046,38
10381,-0.12792277383035552,0.5570155543263149,-0.1832315464703722,-0.23510237636567338,-0.4735933074256388,0.7071067811865475,0.0,0.5457885188089201,24
10383,-0.12792277383035552,1.613638851519845,-0.1832315464703722,-0.23510237636567338,1.4237857795472701,0.7071067811865475,0.0,0.9476263737640264,27
10386,-0.12792277383035552,0.9092233200574916,-0.1832315464703722,-0.23510237636567338,-0.4735933074256388,0.0,0.7071067811865475,0.9476263737640264,22
10388,-0.12792277383035552,0.5570155543263149,1.8254808954748094,-0.23510237636567338,-0.05195351032054794,0.0,0.7071067811865475,0.5457885188089201,26
10389,-0.12792277383035552,0.5570155543263149,-0.1832315464703722,-0.23510237636567338,0.7913260838896339,0.0,0.7071067811865475,0.5457885188089201,26
10390,-0.12792277383035552,-0.14739997713603842,-0.1832315464703722,-0.23510237636567338,-0.05195351032054794,0.7071067811865475,0.0,-0.6597250460563985,29
10393,6.343711325193859,1.9658466172510216,-0.1832315464703722,-0.23510237636567338,2.8995250694150885,0.7071067811865475,0.0,1.3494642287191325,42
10394,-0.12792277383035552,-1.2040232743295685,-0.1832315464703722,-0.23510237636567338,-0.6844132059781843,0.0,0.7071067811865475,-1.0615629010115046,30
10399,-0.12792277383035552,0.20480778859513823,-0.1832315464703722,-0.23510237636567338,-0.4735933074256388,0.7071067811865475,0.0,0.14395066385381394,34
10400,-0.12792277383035552,0.9092233200574916,-0.1832315464703722,14.636585864487259,-0.05195351032054794,0.0,0.7071067811865475,2.153139938629345,23
10401,-0.12792277383035552,-1.2040232743295685,-0.1832315464703722,-0.23510237636567338,-0.6844132059781843,0.0,0.7071067811865475,-1.0615629010115046,47
10402,-0.12792277383035552,-1.2040232743295685,-0.1832315464703722,-0.23510237636567338,-0.2627734088730934,0.0,0.7071067811865475,-1.0615629010115046,55
10404,-0.12792277383035552,-0.4996077428672151,-0.1832315464703722,-0.23510237636567338,-0.6844132059781843,0.0,0.7071067811865475,-0.6597250460563985,30
10406,-0.12792277383035552,0.9092233200574916,-0.1832315464703722,-0.23510237636567338,-0.2627734088730934,0.7071067811865475,0.0,0.9476263737640264,43
10407,-0.12792277383035552,1.2614310857886681,-0.1832315464703722,-0.23510237636567338,7.326742939018543,0.7071067811865475,0.0,1.7513020836742388,45
10408,-0.12792277383035552,-1.2040232743295685,-0.1832315464703722,-0.23510237636567338,-0.6844132059781843,0.0,0.7071067811865475,-1.0615629010115046,30
10410,-0.12792277383035552,0.5570155543263149,-0.1832315464703722,-0.23510237636567338,2.4778852723099973,0.7071067811865475,0.0,-0.6597250460563985,61
10412,-0.12792277383035552,-1.2040232743295685,-0.1832315464703722,-0.23510237636567338,-0.6844132059781843,0.7071067811865475,0.0,-1.0615629010115046,49
10413,-0.12792277383035552,-1.2040232743295685,-0.1832315464703722,-0.23510237636567338,-0.4735933074256388,0.0,0.7071067811865475,-1.0615629010115046,49
10415,-0.12792277383035552,-1.2040232743295685,-0.1832315464703722,-0.23510237636567338,-0.4735933074256388,0.7071067811865475,0.0,-1.0615629010115046,42
10416,-0.12792277383035552,0.9092233200574916,-0.1832315464703722,-0.23510237636567338,-0.4735933074256388,0.0,0.7071067811865475,0.5457885188089201,24
10417,-0.12792277383035552,-1.2040232743295685,-0.1832315464703722,-0.23510237636567338,-0.6844132059781843,0.7071067811865475,0.0,-1.0615629010115046,51
10419,-0.12792277383035552,0.20480778859513823,-0.1832315464703722,-0.23510237636567338,0.5805061853370884,0.0,0.7071067811865475,-0.6597250460563985,32
10422,-0.12792277383035552,-0.4996077428672151,-0.1832315464703722,1.8894245151847455,-0.2627734088730934,0.7071067811865475,0.0,-0.25788719110129227,26
10423,-0.12792277383035552,-0.8518155085983917,-0.1832315464703722,-0.23510237636567338,-0.2627734088730934,0.7071067811865475,0.0,-0.6597250460563985,28
10424,-0.12792277383035552,-1.2040232743295685,-0.1832315464703722,-0.23510237636567338,-0.2627734088730934,0.7071067811865475,0.0,-1.0615629010115046,49
10427,-0.12792277383035552,-0.8518155085983917,-0.1832315464703722,-0.23510237636567338,-0.4735933074256388,0.7071067811865475,0.0,-0.25788719110129227,56
10428,-0.12792277383035552,-0.14739997713603842,-0.1832315464703722,-0.23510237636567338,1.0021459824421792,0.0,0.7071067811865475,-0.25788719110129227,53
10429,-0.12792277383035552,-0.8518155085983917,-0.1832315464703722,-0.23510237636567338,-0.2627734088730934,0.0,0.7071067811865475,-0.25788719110129227,27
10430,-0.12792277383035552,0.5570155543263149,-0.1832315464703722,-0.23510237636567338,2.8995250694150885,0.7071067811865475,0.0,1.7513020836742388,34
10431,-0.12792277383035552,-1.2040232743295685,-0.1832315464703722,-0.23510237636567338,-0.05195351032054794,0.0,0.7071067811865475,-1.0615629010115046,41
10432,-0.12792277383035552,-0.14739997713603842,-0.1832315464703722,-0.23510237636567338,0.5805061853370884,0.7071067811865475,0.0,-1.0615629010115046,45
10436,-0.12792277383035552,1.9658466172510216,-0.1832315464703722,-0.23510237636567338,-0.6844132059781843,0.7071067811865475,0.0,2.153139938629345,21
10437,-0.12792277383035552,-0.14739997713603842,-0.1832315464703722,1.8894245151847455,-0.2627734088730934,0.0,0.7071067811865475,-0.25788719110129227,27
10439,-0.12792277383035552,-0.4996077428672151,-0.1832315464703722,-0.23510237636567338,-0.6844132059781843,0.7071067811865475,0.0,0.5457885188089201,21
10440,-0.12792277383035552,-1.2040232743295685,-0.1832315464703722,-0.23510237636567338,-0.6844132059781843,0.7071067811865475,0.0,-1.0615629010115046,31
10443,-0.12792277383035552,-1.2040232743295685,-0.1832315464703722,-0.23510237636567338,-0.6844132059781843,0.0,0.7071067811865475,-1.0615629010115046,45
10444,4.186499958852454,0.5570155543263149,-0.1832315464703722,-0.23510237636567338,1.0021459824421792,0.7071067811865475,0.0,0.14395066385381394,30
10445,-0.12792277383035552,-1.2040232743295685,-0.1832315464703722,-0.23510237636567338,-0.4735933074256388,0.0,0.7071067811865475,-1.0615629010115046,43
10446,-0.12792277383035552,-0.14739997713603842,-0.1832315464703722,-0.23510237636567338,-0.6844132059781843,0.7071067811865475,0.0,0.5457885188089201,23
10447,-0.12792277383035552,-1.2040232743295685,-0.1832315464703722,-0.23510237636567338,-0.4735933074256388,0.7071067811865475,0.0,-1.0615629010115046,52
10448,-0.12792277383035552,-0.14739997713603842,-0.1832315464703722,-0.23510237636567338,1.6346056780998157,0.0,0.7071067811865475,0.14395066385381394,48
10449,-0.12792277383035552,-0.8518155085983917,-0.1832315464703722,-0.23510237636567338,-0.05195351032054794,0.0,0.7071067811865475,-0.6597250460563985,51
10450,-0.12792277383035552,-0.8518155085983917,-0.1832315464703722,-0.23510237636567338,-0.4735933074256388,0.0,0.7071067811865475,-0.6597250460563985,30
10451,-0.12792277383035552,-0.14739997713603842,-0.1832315464703722,-0.23510237636567338,0.36968628678454296,0.7071067811865475,0.0,0.5457885188089201,29
10452,-0.12792277383035552,-1.2040232743295685,-0.1832315464703722,-0.23510237636567338,-0.6844132059781843,0.7071067811865475,0.0,-1.0615629010115046,44
10454,-0.12792277383035552,0.5570155543263149,-0.1832315464703722,-0.23510237636567338,1.845425576652361,0.7071067811865475,0.0,-0.6597250460563985,34
10455,-0.12792277383035552,-0.14739997713603842,-0.1832315464703722,-0.23510237636567338,-0.6844132059781843,0.7071067811865475,0.0,-0.25788719110129227,25
10456,2.0292885925110493,0.9092233200574916,3.834193337419991,-0.23510237636567338,0.36968628678454296,0.7071067811865475,0.0,1.7513020836742388,28
10457,-0.12792277383035552,0.9092233200574916,-0.1832315464703722,-0.23510237636567338,1.2129658809947248,0.7071067811865475,0.0,0.5457885188089201,28
10461,-0.12792277383035552,-1.2040232743295685,-0.1832315464703722,-0.23510237636567338,-0.6844132059781843,0.0,0.7071067811865475,-1.0615629010115046,37
10462,-0.12792277383035552,-0.4996077428672151,-0.1832315464703722,-0.23510237636567338,-0.6844132059781843,0.7071067811865475,0.0,-1.0615629010115046,34
10463,-0.12792277383035552,0.9092233200574916,3.834193337419991,1.8894245151847455,-0.05195351032054794,0.0,0.7071067811865475,2.153139938629345,23
10464,-0.12792277383035552,-1.2040232743295685,-0.1832315464703722,-0.23510237636567338,-0.05195351032054794,0.0,0.7071067811865475,-1.0615629010115046,71
10467,-0.12792277383035552,-1.2040232743295685,-0.1832315464703722,-0.23510237636567338,-0.2627734088730934,0.0,0.7071067811865475,-1.0615629010115046,45
10468,-0.12792277383035552,0.9092233200574916,-0.1832315464703722,-0.23510237636567338,0.36968628678454296,0.7071067811865475,0.0,0.14395066385381394,33
10469,-0.12792277383035552,-1.2040232743295685,-0.1832315464703722,-0.23510237636567338,-0.6844132059781843,0.0,0.7071067811865475,-0.6597250460563985,29
10479,-0.12792277383035552,-0.8518155085983917,-0.1832315464703722,-0.23510237636567338,0.36968628678454296,0.7071067811865475,0.0,-1.0615629010115046,36
10480,-0.12792277383035552,0.9092233200574916,-0.1832315464703722,-0.23510237636567338,2.8995250694150885,0.7071067811865475,0.0,-1.0615629010115046,52
10482,-0.12792277383035552,-1.2040232743295685,-0.1832315464703722,-0.23510237636567338,-0.4735933074256388,0.7071067811865475,0.0,-1.0615629010115046,42
10483,-0.12792277383035552,0.20480778859513823,-0.1832315464703722,-0.23510237636567338,-0.6844132059781843,0.0,0.7071067811865475,1.7513020836742388,21
10484,-0.12792277383035552,-1.2040232743295685,-0.1832315464703722,-0.23510237636567338,-0.2627734088730934,0.0,0.7071067811865475,-0.6597250460563985,29
10486,-0.12792277383035552,-1.2040232743295685,-0.1832315464703722,-0.23510237636567338,-0.6844132059781843,0.0,0.7071067811865475,-1.0615629010115046,54
10490,-0.12792277383035552,-0.8518155085983917,-0.1832315464703722,-0.23510237636567338,-0.6844132059781843,0.7071067811865475,0.0,-0.6597250460563985,27
10491,-0.12792277383035552,-0.4996077428672151,-0.1832315464703722,-0.23510237636567338,-0.4735933074256388,0.0,0.7071067811865475,-0.6597250460563985,29
10492,-0.12792277383035552,0.5570155543263149,1.8254808954748094,4.013951406735165,2.2670653737574518,0.7071067811865475,0.0,0.14395066385381394,25
10493,-0.12792277383035552,-1.2040232743295685,-0.1832315464703722,-0.23510237636567338,-0.6844132059781843,0.0,0.7071067811865475,-1.0615629010115046,62
10494,-0.12792277383035552,0.9092233200574916,-0.1832315464703722,-0.23510237636567338,-0.2627734088730934,0.0,0.7071067811865475,0.5457885188089201,23
10497,-0.12792277383035552,-0.14739997713603842,-0.1832315464703722,-0.23510237636567338,-0.4735933074256388,0.7071067811865475,0.0,0.5457885188089201,22
10498,-0.12792277383035552,-1.2040232743295685,-0.1832315464703722,-0.23510237636567338,-0.4735933074256388,0.7071067811865475,0.0,-1.0615629010115046,65
10500,-0.12792277383035552,0.5570155543263149,5.842905779365172,8.263005189836003,2.4778852723099973,0.7071067811865475,0.0,0.14395066385381394,31
10502,-0.12792277383035552,-1.2040232743295685,-0.1832315464703722,-0.23510237636567338,-0.6844132059781843,0.7071067811865475,0.0,-1.0615629010115046,31
10505,-0.12792277383035552,1.613638851519845,-0.1832315464703722,-0.23510237636567338,-0.6844132059781843,0.7071067811865475,0.0,2.554977793584451,21
10506,-0.12792277383035552,0.9092233200574916,3.834193337419991,-0.23510237636567338,2.8995250694150885,0.7071067811865475,0.0,0.14395066385381394,27
10507,-0.12792277383035552,-0.8518155085983917,-0.1832315464703722,-0.23510237636567338,-0.4735933074256388,0.7071067811865475,0.0,0.5457885188089201,33
10509,-0.12792277383035552,0.9092233200574916,1.8254808954748094,-0.23510237636567338,-0.05195351032054794,0.7071067811865475,0.0,0.9476263737640264,25
10510,-0.12792277383035552,-1.2040232743295685,-0.1832315464703722,-0.23510237636567338,-0.4735933074256388,0.7071067811865475,0.0,-1.0615629010115046,39
10511,-0.12792277383035552,1.613638851519845,-0.1832315464703722,-0.23510237636567338,1.0021459824421792,0.0,0.7071067811865475,0.9476263737640264,29
10512,-0.12792277383035552,1.9658466172510216,-0.1832315464703722,-0.23510237636567338,2.4778852723099973,0.7071067811865475,0.0,0.5457885188089201,27
10513,-0.12792277383035552,-1.2040232743295685,-0.1832315464703722,-0.23510237636567338,-0.6844132059781843,0.7071067811865475,0.0,-1.0615629010115046,42
10514,-0.12792277383035552,1.613638851519845,-0.1832315464703722,-0.23510237636567338,-0.6844132059781843,0.7071067811865475,0.0,1.7513020836742388,21
10518,-0.12792277383035552,0.20480778859513823,-0.1832315464703722,1.8894245151847455,0.36968628678454296,0.0,0.7071067811865475,-0.25788719110129227,27
10519,-0.12792277383035552,1.613638851519845,-0.1832315464703722,-0.23510237636567338,-0.2627734088730934,0.0,0.7071067811865475,1.7513020836742388,36
10520,-0.12792277383035552,-0.14739997713603842,-0.1832315464703722,-0.23510237636567338,-0.6844132059781843,0.7071067811865475,0.0,-0.25788719110129227,24
10522,-0.12792277383035552,-1.2040232743295685,-0.1832315464703722,-0.23510237636567338,-0.6844132059781843,0.0,0.7071067811865475,-1.0615629010115046,67
10523,-0.12792277383035552,-0.8518155085983917,-0.1832315464703722,-0.23510237636567338,0.15886638823199753,0.7071067811865475,0.0,-0.25788719110129227,29
10525,-0.12792277383035552,-0.14739997713603842,-0.1832315464703722,-0.23510237636567338,-0.05195351032054794,0.7071067811865475,0.0,-0.25788719110129227,39
10528,-0.12792277383035552,-1.2040232743295685,-0.1832315464703722,-0.23510237636567338,-0.4735933074256388,0.0,0.7071067811865475,-1.0615629010115046,41
10530,-0.12792277383035552,-0.4996077428672151,-0.1832315464703722,-0.23510237636567338,-0.4735933074256388,0.7071067811865475,0.0,0.14395066385381394,25
10531,-0.12792277383035552,1.2614310857886681,-0.1832315464703722,-0.23510237636567338,1.0021459824421792,0.7071067811865475,0.0,2.153139938629345,40
10532,-0.12792277383035552,-0.14739997713603842,-0.1832315464703722,-0.23510237636567338,0.15886638823199753,0.0,0.7071067811865475,0.14395066385381394,37
10533,-0.12792277383035552,1.2614310857886681,-0.1832315464703722,-0.23510237636567338,1.0021459824421792,0.7071067811865475,0.0,0.9476263737640264,42
10536,-0.12792277383035552,1.613638851519845,-0.1832315464703722,-0.23510237636567338,1.0021459824421792,0.7071067811865475,0.0,0.9476263737640264,26
10538,-0.12792277383035552,0.5570155543263149,-0.1832315464703722,-0.23510237636567338,-0.4735933074256388,0.0,0.7071067811865475,0.9476263737640264,23
10540,-0.12792277383035552,-1.2040232743295685,-0.1832315464703722,-0.23510237636567338,-0.4735933074256388,0.0,0.7071067811865475,-1.0615629010115046,31
10542,-0.12792277383035552,0.9092233200574916,-0.1832315464703722,-0.23510237636567338,0.15886638823199753,0.7071067811865475,0.0,-0.25788719110129227,26
10543,-0.12792277383035552,-1.2040232743295685,-0.1832315464703722,-0.23510237636567338,-0.2627734088730934,0.0,0.7071067811865475,-1.0615629010115046,51
10544,-0.12792277383035552,-1.2040232743295685,-0.1832315464703722,-0.23510237636567338,-0.6844132059781843,0.0,0.7071067811865475,-1.0615629010115046,67
10545,-0.12792277383035552,0.9092233200574916,-0.1832315464703722,-0.23510237636567338,1.4237857795472701,0.7071067811865475,0.0,-0.25788719110129227,27
10546,-0.12792277383035552,0.5570155543263149,-0.1832315464703722,-0.23510237636567338,-0.4735933074256388,0.0,0.7071067811865475,0.5457885188089201,26
10547,-0.12792277383035552,0.20480778859513823,-0.1832315464703722,-0.23510237636567338,-0.05195351032054794,0.0,0.7071067811865475,-0.25788719110129227,55
10549,-0.12792277383035552,-0.4996077428672151,-0.1832315464703722,-0.23510237636567338,-0.6844132059781843,0.7071067811865475,0.0,-0.25788719110129227,31
10550,-0.12792277383035552,-0.14739997713603842,-0.1832315464703722,-0.23510237636567338,-0.6844132059781843,0.0,0.7071067811865475,0.5457885188089201,28
10552,-0.12792277383035552,-1.2040232743295685,-0.1832315464703722,-0.23510237636567338,-0.6844132059781843,0.0,0.7071067811865475,-1.0615629010115046,51
10553,-0.12792277383035552,1.2614310857886681,-0.1832315464703722,-0.23510237636567338,2.0562454752049066,0.7071067811865475,0.0,-0.25788719110129227,28
10554,-0.12792277383035552,0.9092233200574916,-0.1832315464703722,-0.23510237636567338,-0.6844132059781843,0.7071067811865475,0.0,0.9476263737640264,22
10555,-0.12792277383035552,-0.4996077428672151,-0.1832315464703722,-0.23510237636567338,-0.2627734088730934,0.7071067811865475,0.0,0.14395066385381394,26
10556,-0.12792277383035552,-0.4996077428672151,1.8254808954748094,-0.23510237636567338,-0.4735933074256388,0.7071067811865475,0.0,-0.6597250460563985,27
10557,-0.12792277383035552,-0.14739997713603842,-0.1832315464703722,-0.23510237636567338,0.36968628678454296,0.0,0.7071067811865475,0.14395066385381394,32
10558,-0.12792277383035552,0.5570155543263149,-0.1832315464703722,-0.23510237636567338,1.6346056780998157,0.7071067811865475,0.0,0.14395066385381394,36
10559,-0.12792277383035552,0.5570155543263149,-0.1832315464703722,-0.23510237636567338,0.15886638823199753,0.0,0.7071067811865475,0.9476263737640264,27
10560,-0.12792277383035552,-1.2040232743295685,-0.1832315464703722,-0.23510237636567338,-0.4735933074256388,0.7071067811865475,0.0,-1.0615629010115046,41
10561,-0.12792277383035552,1.9658466172510216,5.842905779365172,-0.23510237636567338,1.845425576652361,0.0,0.7071067811865475,2.153139938629345,24
10563,-0.12792277383035552,-0.4996077428672151,-0.1832315464703722,-0.23510237636567338,1.6346056780998157,0.7071067811865475,0.0,-0.25788719110129227,61
10567,-0.12792277383035552,-0.4996077428672151,-0.1832315464703722,-0.23510237636567338,-0.05195351032054794,0.7071067811865475,0.0,-0.6597250460563985,29
10568,-0.12792277383035552,-0.14739997713603842,-0.1832315464703722,-0.23510237636567338,1.6346056780998157,0.7071067811865475,0.0,-0.25788719110129227,34
10570,-0.12792277383035552,-0.4996077428672151,-0.1832315464703722,-0.23510237636567338,-0.6844132059781843,0.7071067811865475,0.0,-1.0615629010115046,45
10571,-0.12792277383035552,1.9658466172510216,3.834193337419991,1.8894245151847455,-0.05195351032054794,0.7071067811865475,0.0,0.9476263737640264,21
10572,-0.12792277383035552,1.2614310857886681,-0.1832315464703722,-0.23510237636567338,3.5319847650727247,0.7071067811865475,0.0,-0.25788719110129227,28
10575,-0.12792277383035552,-0.14739997713603842,-0.1832315464703722,-0.23510237636567338,0.5805061853370884,0.7071067811865475,0.0,-0.25788719110129227,31
10577,-0.12792277383035552,-0.8518155085983917,-0.1832315464703722,-0.23510237636567338,-0.6844132059781843,0.0,0.7071067811865475,-0.6597250460563985,59
10579,-0.12792277383035552,-0.14739997713603842,-0.1832315464703722,-0.23510237636567338,1.0021459824421792,0.0,0.7071067811865475,0.5457885188089201,40
10580,-0.12792277383035552,1.2614310857886681,-0.1832315464703722,1.8894245151847455,-0.4735933074256388,0.0,0.7071067811865475,1.3494642287191325,22
10581,-0.12792277383035552,-0.14739997713603842,1.8254808954748094,-0.23510237636567338,-0.4735933074256388,0.0,0.7071067811865475,1.3494642287191325,21
10584,-0.12792277383035552,0.20480778859513823,-0.1832315464703722,-0.23510237636567338,-0.2627734088730934,0.7071067811865475,0.0,0.5457885188089201,25
10585,-0.12792277383035552,0.20480778859513823,-0.1832315464703722,-0.23510237636567338,-0.4735933074256388,0.7071067811865475,0.0,0.9476263737640264,25
10586,-0.12792277383035552,0.20480778859513823,-0.1832315464703722,-0.23510237636567338,-0.05195351032054794,0.0,0.7071067811865475,0.9476263737640264,47
10589,-0.12792277383035552,0.20480778859513823,-0.1832315464703722,-0.23510237636567338,0.36968628678454296,0.0,0.7071067811865475,0.9476263737640264,21
10590,-0.12792277383035552,0.20480778859513823,-0.1832315464703722,-0.23510237636567338,-0.4735933074256388,0.7071067811865475,0.0,0.14395066385381394,29
10591,-0.12792277383035552,0.20480778859513823,-0.1832315464703722,-0.23510237636567338,0.15886638823199753,0.7071067811865475,0.0,0.14395066385381394,40
10594,-0.12792277383035552,-0.8518155085983917,-0.1832315464703722,-0.23510237636567338,-0.4735933074256388,0.7071067811865475,0.0,-1.0615629010115046,32
10595,-0.12792277383035552,-1.2040232743295685,-0.1832315464703722,-0.23510237636567338,-0.6844132059781843,0.0,0.7071067811865475,-1.0615629010115046,39
10596,-0.12792277383035552,-0.4996077428672151,-0.1832315464703722,1.8894245151847455,-0.05195351032054794,0.7071067811865475,0.0,0.5457885188089201,22
10599,-0.12792277383035552,0.20480778859513823,-0.1832315464703722,-0.23510237636567338,-0.6844132059781843,0.0,0.7071067811865475,-0.6597250460563985,30
10606,-0.12792277383035552,1.613638851519845,-0.1832315464703722,-0.23510237636567338,-0.6844132059781843,0.0,0.7071067811865475,0.9476263737640264,25
10607,-0.12792277383035552,0.20480778859513823,-0.1832315464703722,-0.23510237636567338,-0.6844132059781843,0.0,0.7071067811865475,0.9476263737640264,21
10608,-0.12792277383035552,-0.8518155085983917,-0.1832315464703722,-0.23510237636567338,-0.6844132059781843,0.0,0.7071067811865475,0.14395066385381394,25
10614,-0.12792277383035552,1.9658466172510216,-0.1832315464703722,-0.23510237636567338,0.36968628678454296,0.0,0.7071067811865475,2.153139938629345,27
10617,-0.12792277383035552,-1.2040232743295685,-0.1832315464703722,-0.23510237636567338,0.15886638823199753,0.0,0.7071067811865475,-1.0615629010115046,45
10618,-0.12792277383035552,-0.4996077428672151,-0.1832315464703722,-0.23510237636567338,0.15886638823199753,0.7071067811865475,0.0,0.14395066385381394,32
10619,-0.12792277383035552,1.9658466172510216,-0.1832315464703722,-0.23510237636567338,-0.6844132059781843,0.0,0.7071067811865475,0.9476263737640264,22
10621,-0.12792277383035552,1.2614310857886681,-0.1832315464703722,-0.23510237636567338,0.5805061853370884,0.7071067811865475,0.0,0.5457885188089201,23
10622,-0.12792277383035552,0.5570155543263149,-0.1832315464703722,-0.23510237636567338,0.5805061853370884,0.7071067811865475,0.0,-0.25788719110129227,44
10623,-0.12792277383035552,-0.4996077428672151,-0.1832315464703722,-0.23510237636567338,3.5319847650727247,0.7071067811865475,0.0,-1.0615629010115046,59
10625,-0.12792277383035552,-0.14739997713603842,-0.1832315464703722,-0.23510237636567338,-0.6844132059781843,0.7071067811865475,0.0,0.9476263737640264,23
10626,-0.12792277383035552,-1.2040232743295685,-0.1832315464703722,-0.23510237636567338,-0.6844132059781843,0.7071067811865475,0.0,-1.0615629010115046,46
10627,-0.12792277383035552,-0.14739997713603842,-0.1832315464703722,-0.23510237636567338,-0.2627734088730934,0.7071067811865475,0.0,-0.6597250460563985,33
10628,-0.12792277383035552,-0.8518155085983917,-0.1832315464703722,-0.23510237636567338,-0.4735933074256388,0.0,0.7071067811865475,-0.6597250460563985,30
10629,-0.12792277383035552,-1.2040232743295685,-0.1832315464703722,-0.23510237636567338,-0.05195351032054794,0.7071067811865475,0.0,-1.0615629010115046,40
10631,-0.12792277383035552,-0.4996077428672151,-0.1832315464703722,-0.23510237636567338,0.7913260838896339,0.7071067811865475,0.0,-1.0615629010115046,54
10636,-0.12792277383035552,0.9092233200574916,-0.1832315464703722,-0.23510237636567338,-0.6844132059781843,0.0,0.7071067811865475,1.3494642287191325,21
10637,-0.12792277383035552,-0.8518155085983917,-0.1832315464703722,-0.23510237636567338,0.5805061853370884,0.0,0.7071067811865475,0.14395066385381394,43
10643,-0.12792277383035552,1.9658466172510216,-0.1832315464703722,-0.23510237636567338,-0.6844132059781843,0.0,0.7071067811865475,2.554977793584451,22
10645,-0.12792277383035552,0.9092233200574916,-0.1832315464703722,-0.23510237636567338,-0.6844132059781843,0.7071067811865475,0.0,-0.25788719110129227,31
10646,-0.12792277383035552,1.2614310857886681,-0.1832315464703722,-0.23510237636567338,0.5805061853370884,0.7071067811865475,0.0,0.9476263737640264,32
10648,-0.12792277383035552,-0.8518155085983917,-0.1832315464703722,-0.23510237636567338,0.15886638823199753,0.7071067811865475,0.0,-0.6597250460563985,27
10649,-0.12792277383035552,0.20480778859513823,-0.1832315464703722,-0.23510237636567338,-0.4735933074256388,0.0,0.7071067811865475,1.3494642287191325,21
10651,-0.12792277383035552,0.5570155543263149,-0.1832315464703722,-0.23510237636567338,-0.6844132059781843,0.0,0.7071067811865475,1.3494642287191325,23
10652,-0.12792277383035552,0.5570155543263149,-0.1832315464703722,-0.23510237636567338,-0.05195351032054794,0.0,0.7071067811865475,0.14395066385381394,33
10653,-0.12792277383035552,-0.8518155085983917,-0.1832315464703722,-0.23510237636567338,-0.6844132059781843,0.0,0.7071067811865475,-1.0615629010115046,64
10655,-0.12792277383035552,-1.2040232743295685,-0.1832315464703722,-0.23510237636567338,-0.6844132059781843,0.7071067811865475,0.0,-1.0615629010115046,42
10656,-0.12792277383035552,-0.14739997713603842,-0.1832315464703722,1.8894245151847455,-0.6844132059781843,0.7071067811865475,0.0,1.3494642287191325,20
10657,-0.12792277383035552,-0.8518155085983917,-0.1832315464703722,-0.23510237636567338,-0.4735933074256388,0.0,0.7071067811865475,-0.25788719110129227,26
10659,-0.12792277383035552,1.9658466172510216,1.8254808954748094,1.8894245151847455,3.1103449679676336,0.7071067811865475,0.0,1.7513020836742388,30
10660,-0.12792277383035552,-0.8518155085983917,-0.1832315464703722,-0.23510237636567338,-0.6844132059781843,0.0,0.7071067811865475,0.14395066385381394,23
10664,-0.12792277383035552,1.9658466172510216,-0.1832315464703722,1.8894245151847455,1.4237857795472701,0.7071067811865475,0.0,2.153139938629345,23
10665,-0.12792277383035552,0.5570155543263149,-0.1832315464703722,-0.23510237636567338,2.0562454752049066,0.7071067811865475,0.0,-0.25788719110129227,60
10666,-0.12792277383035552,0.9092233200574916,-0.1832315464703722,-0.23510237636567338,-0.2627734088730934,0.7071067811865475,0.0,-0.6597250460563985,46
10669,-0.12792277383035552,-1.2040232743295685,-0.1832315464703722,-0.23510237636567338,-0.6844132059781843,0.0,0.7071067811865475,-1.0615629010115046,56
10670,-0.12792277383035552,-1.2040232743295685,-0.1832315464703722,-0.23510237636567338,-0.6844132059781843,0.7071067811865475,0.0,-1.0615629010115046,45
10671,-0.12792277383035552,-0.4996077428672151,-0.1832315464703722,-0.23510237636567338,0.15886638823199753,0.7071067811865475,0.0,-0.6597250460563985,26
10672,-0.12792277383035552,0.5570155543263149,-0.1832315464703722,-0.23510237636567338,0.15886638823199753,0.0,0.7071067811865475,0.9476263737640264,47
10673,-0.12792277383035552,0.9092233200574916,1.8254808954748094,-0.23510237636567338,0.7913260838896339,0.7071067811865475,0.0,0.14395066385381394,29
10674,4.186499958852454,1.9658466172510216,1.8254808954748094,-0.23510237636567338,1.2129658809947248,0.7071067811865475,0.0,0.9476263737640264,32
10676,-0.12792277383035552,-0.14739997713603842,-0.1832315464703722,-0.23510237636567338,-0.6844132059781843,0.7071067811865475,0.0,0.14395066385381394,23
10677,-0.12792277383035552,1.613638851519845,-0.1832315464703722,-0.23510237636567338,1.4237857795472701,0.7071067811865475,0.0,0.14395066385381394,29
10678,-0.12792277383035552,0.5570155543263149,-0.1832315464703722,1.8894245151847455,1.6346056780998157,0.7071067811865475,0.0,-0.6597250460563985,33
10680,-0.12792277383035552,0.5570155543263149,-0.1832315464703722,-0.23510237636567338,-0.4735933074256388,0.7071067811865475,0.0,1.7513020836742388,22
10685,-0.12792277383035552,-0.8518155085983917,-0.1832315464703722,-0.23510237636567338,-0.4735933074256388,0.7071067811865475,0.0,-0.6597250460563985,28
10686,-0.12792277383035552,-1.2040232743295685,-0.1832315464703722,-0.23510237636567338,-0.6844132059781843,0.7071067811865475,0.0,-1.0615629010115046,36
10689,-0.12792277383035552,-0.4996077428672151,-0.1832315464703722,-0.23510237636567338,-0.4735933074256388,0.7071067811865475,0.0,-0.6597250460563985,32
10690,-0.12792277383035552,0.5570155543263149,-0.1832315464703722,-0.23510237636567338,-0.6844132059781843,0.7071067811865475,0.0,0.5457885188089201,24
10692,4.186499958852454,1.613638851519845,-0.1832315464703722,-0.23510237636567338,1.2129658809947248,0.0,0.7071067811865475,2.153139938629345,33
10694,-0.12792277383035552,0.5570155543263149,-0.1832315464703722,-0.23510237636567338,-0.2627734088730934,0.0,0.7071067811865475,-0.25788719110129227,46
10695,-0.12792277383035552,1.2614310857886681,-0.1832315464703722,-0.23510237636567338,1.2129658809947248,0.0,0.7071067811865475,-0.6597250460563985,31
10697,-0.12792277383035552,1.2614310857886681,-0.1832315464703722,-0.23510237636567338,-0.05195351032054794,0.7071067811865475,0.0,-1.0615629010115046,49
10698,-0.12792277383035552,-0.4996077428672151,-0.1832315464703722,6.138478298285584,-0.6844132059781843,0.7071067811865475,0.0,-0.25788719110129227,24
10699,-0.12792277383035552,1.9658466172510216,-0.1832315464703722,-0.23510237636567338,5.218543953493088,0.7071067811865475,0.0,0.9476263737640264,57
10700,2.0292885925110493,1.9658466172510216,3.834193337419991,-0.23510237636567338,2.2670653737574518,0.7071067811865475,0.0,2.153139938629345,36
10703,-0.12792277383035552,0.9092233200574916,1.8254808954748094,-0.23510237636567338,4.164444460730361,0.7071067811865475,0.0,-0.25788719110129227,43
10706,-0.12792277383035552,0.9092233200574916,-0.1832315464703722,-0.23510237636567338,-0.6844132059781843,0.0,0.7071067811865475,0.14395066385381394,42
10707,-0.12792277383035552,1.9658466172510216,-0.1832315464703722,-0.23510237636567338,0.15886638823199753,0.7071067811865475,0.0,1.7513020836742388,32
10708,-0.12792277383035552,-0.14739997713603842,-0.1832315464703722,-0.23510237636567338,-0.4735933074256388,0.7071067811865475,0.0,-0.25788719110129227,26
10709,-0.12792277383035552,-1.2040232743295685,-0.1832315464703722,-0.23510237636567338,-0.6844132059781843,0.0,0.7071067811865475,-1.0615629010115046,74
10712,-0.12792277383035552,0.5570155543263149,-0.1832315464703722,1.8894245151847455,-0.05195351032054794,0.7071067811865475,0.0,0.5457885188089201,24
10713,-0.12792277383035552,-0.4996077428672151,-0.1832315464703722,-0.23510237636567338,-0.4735933074256388,0.0,0.7071067811865475,-0.25788719110129227,24
10718,-0.12792277383035552,-0.4996077428672151,-0.1832315464703722,1.8894245151847455,-0.6844132059781843,0.7071067811865475,0.0,0.9476263737640264,22
10719,-0.12792277383035552,-0.14739997713603842,-0.1832315464703722,-0.23510237636567338,-0.2627734088730934,0.0,0.7071067811865475,0.14395066385381394,33
10720,-0.12792277383035552,0.5570155543263149,-0.1832315464703722,-0.23510237636567338,-0.4735933074256388,0.0,0.7071067811865475,0.9476263737640264,22
10721,-0.12792277383035552,-0.8518155085983917,-0.1832315464703722,-0.23510237636567338,0.15886638823199753,0.0,0.7071067811865475,-1.0615629010115046,50
10723,-0.12792277383035552,0.5570155543263149,-0.1832315464703722,-0.23510237636567338,0.7913260838896339,0.7071067811865475,0.0,0.5457885188089201,28
10728,-0.12792277383035552,0.9092233200574916,-0.1832315464703722,1.8894245151847455,0.36968628678454296,0.7071067811865475,0.0,-0.25788719110129227,35
10729,-0.12792277383035552,-1.2040232743295685,-0.1832315464703722,-0.23510237636567338,-0.6844132059781843,0.7071067811865475,0.0,-1.0615629010115046,33
10730,-0.12792277383035552,-0.8518155085983917,-0.1832315464703722,-0.23510237636567338,-0.4735933074256388,0.0,0.7071067811865475,-1.0615629010115046,36
10733,-0.12792277383035552,-0.8518155085983917,-0.1832315464703722,-0.23510237636567338,-0.2627734088730934,0.7071067811865475,0.0,-0.25788719110129227,28
10735,-0.12792277383035552,-1.2040232743295685,-0.1832315464703722,-0.23510237636567338,-0.4735933074256388,0.7071067811865475,0.0,-1.0615629010115046,63
10737,-0.12792277383035552,-0.4996077428672151,-0.1832315464703722,-0.23510237636567338,0.36968628678454296,0.7071067811865475,0.0,-1.0615629010115046,69
10743,2.0292885925110493,0.5570155543263149,-0.1832315464703722,-0.23510237636567338,3.1103449679676336,0.7071067811865475,0.0,1.7513020836742388,41
10748,-0.12792277383035552,-1.2040232743295685,-0.1832315464703722,-0.23510237636567338,-0.4735933074256388,0.0,0.7071067811865475,-1.0615629010115046,44
10749,-0.12792277383035552,-0.8518155085983917,-0.1832315464703722,-0.23510237636567338,-0.6844132059781843,0.7071067811865475,0.0,-0.6597250460563985,29
10750,-0.12792277383035552,-0.4996077428672151,-0.1832315464703722,-0.23510237636567338,-0.6844132059781843,0.0,0.7071067811865475,-1.0615629010115046,52
10753,-0.12792277383035552,1.9658466172510216,-0.1832315464703722,-0.23510237636567338,-0.4735933074256388,0.7071067811865475,0.0,2.153139938629345,23
10754,-0.12792277383035552,-0.14739997713603842,-0.1832315464703722,-0.23510237636567338,-0.6844132059781843,0.0,0.7071067811865475,0.14395066385381394,22
10756,-0.12792277383035552,-0.14739997713603842,-0.1832315464703722,-0.23510237636567338,-0.6844132059781843,0.7071067811865475,0.0,-0.6597250460563985,26
10757,-0.12792277383035552,0.5570155543263149,-0.1832315464703722,-0.23510237636567338,-0.6844132059781843,0.0,0.7071067811865475,0.14395066385381394,24
10758,-0.12792277383035552,-0.8518155085983917,-0.1832315464703722,-0.23510237636567338,0.15886638823199753,0.0,0.7071067811865475,-1.0615629010115046,45
10760,-0.12792277383035552,-0.8518155085983917,-0.1832315464703722,-0.23510237636567338,-0.6844132059781843,0.7071067811865475,0.0,0.14395066385381394,22
10761,-0.12792277383035552,-0.14739997713603842,-0.1832315464703722,-0.23510237636567338,0.15886638823199753,0.7071067811865475,0.0,0.14395066385381394,24
10762,-0.12792277383035552,-0.14739997713603842,-0.1832315464703722,-0.23510237636567338,-0.4735933074256388,0.0,0.7071067811865475,-0.25788719110129227,26
10763,-0.12792277383035552,-1.2040232743295685,-0.1832315464703722,-0.23510237636567338,-0.6844132059781843,0.0,0.7071067811865475,-1.0615629010115046,47
10765,-0.12792277383035552,-0.14739997713603842,-0.1832315464703722,-0.23510237636567338,-0.6844132059781843,0.7071067811865475,0.0,0.14395066385381394,26
10766,-0.12792277383035552,0.9092233200574916,-0.1832315464703722,-0.23510237636567338,1.2129658809947248,0.7071067811865475,0.0,1.3494642287191325,36
10768,-0.12792277383035552,-0.4996077428672151,-0.1832315464703722,-0.23510237636567338,-0.2627734088730934,0.0,0.7071067811865475,-0.6597250460563985,33
10769,-0.12792277383035552,-1.2040232743295685,-0.1832315464703722,-0.23510237636567338,-0.4735933074256388,0.0,0.7071067811865475,-1.0615629010115046,52
10770,-0.12792277383035552,-1.2040232743295685,-0.1832315464703722,-0.23510237636567338,-0.6844132059781843,0.7071067811865475,0.0,-1.0615629010115046,51
10774,-0.12792277383035552,-1.2040232743295685,-0.1832315464703722,-0.23510237636567338,0.7913260838896339,0.7071067811865475,0.0,-1.0615629010115046,47
10778,-0.12792277383035552,-1.2040232743295685,-0.1832315464703722,-0.23510237636567338,-0.4735933074256388,0.0,0.7071067811865475,-1.0615629010115046,38
10779,-0.12792277383035552,-0.4996077428672151,-0.1832315464703722,-0.23510237636567338,-0.4735933074256388,0.7071067811865475,0.0,-1.0615629010115046,67
10781,-0.12792277383035552,-1.2040232743295685,-0.1832315464703722,-0.23510237636567338,-0.4735933074256388,0.7071067811865475,0.0,-0.6597250460563985,47
10783,-0.12792277383035552,-1.2040232743295685,-0.1832315464703722,-0.23510237636567338,-0.6844132059781843,0.0,0.7071067811865475,-1.0615629010115046,66
10784,-0.12792277383035552,-0.8518155085983917,-0.1832315464703722,-0.23510237636567338,-0.6844132059781843,0.7071067811865475,0.0,-1.0615629010115046,39
10786,-0.12792277383035552,-0.4996077428672151,-0.1832315464703722,-0.23510237636567338,-0.2627734088730934,0.0,0.7071067811865475,-1.0615629010115046,49
10787,-0.12792277383035552,0.9092233200574916,-0.1832315464703722,-0.23510237636567338,1.2129658809947248,0.0,0.7071067811865475,2.153139938629345,45
10788,-0.12792277383035552,-0.8518155085983917,-0.1832315464703722,-0.23510237636567338,-0.4735933074256388,0.0,0.7071067811865475,0.14395066385381394,22
10793,-0.12792277383035552,0.9092233200574916,-0.1832315464703722,-0.23510237636567338,0.7913260838896339,0.7071067811865475,0.0,-0.25788719110129227,46
10794,-0.12792277383035552,0.5570155543263149,-0.1832315464703722,-0.23510237636567338,2.4778852723099973,0.7071067811865475,0.0,-0.25788719110129227,29
10795,-0.12792277383035552,0.20480778859513823,-0.1832315464703722,-0.23510237636567338,-0.2627734088730934,0.0,0.7071067811865475,0.14395066385381394,28
10799,-0.12792277383035552,-0.14739997713603842,-0.1832315464703722,-0.23510237636567338,-0.6844132059781843,0.7071067811865475,0.0,0.14395066385381394,22
10801,2.0292885925110493,0.20480778859513823,-0.1832315464703722,1.8894245151847455,-0.4735933074256388,0.7071067811865475,0.0,1.7513020836742388,20
10803,-0.12792277383035552,-1.2040232743295685,-0.1832315464703722,-0.23510237636567338,0.36968628678454296,0.7071067811865475,0.0,-1.0615629010115046,34
10806,-0.12792277383035552,-0.14739997713603842,1.8254808954748094,-0.23510237636567338,1.0021459824421792,0.7071067811865475,0.0,0.9476263737640264,22
10807,-0.12792277383035552,1.613638851519845,-0.1832315464703722,-0.23510237636567338,-0.05195351032054794,0.0,0.7071067811865475,1.3494642287191325,25
10810,-0.12792277383035552,0.5570155543263149,-0.1832315464703722,-0.23510237636567338,-0.4735933074256388,0.7071067811865475,0.0,-0.25788719110129227,34
10811,-0.12792277383035552,0.20480778859513823,-0.1832315464703722,-0.23510237636567338,-0.4735933074256388,0.7071067811865475,0.0,-0.6597250460563985,34
10814,-0.12792277383035552,-0.14739997713603842,-0.1832315464703722,-0.23510237636567338,1.4237857795472701,0.7071067811865475,0.0,-1.0615629010115046,54
10817,-0.12792277383035552,-1.2040232743295685,-0.1832315464703722,-0.23510237636567338,-0.6844132059781843,0.7071067811865475,0.0,-1.0615629010115046,51
10818,-0.12792277383035552,-0.4996077428672151,-0.1832315464703722,-0.23510237636567338,0.36968628678454296,0.7071067811865475,0.0,-1.0615629010115046,36
10819,-0.12792277383035552,1.9658466172510216,1.8254808954748094,-0.23510237636567338,-0.2627734088730934,0.7071067811865475,0.0,1.7513020836742388,20
10821,2.0292885925110493,0.20480778859513823,-0.1832315464703722,4.013951406735165,1.0021459824421792,0.7071067811865475,0.0,-0.25788719110129227,30
10823,-0.12792277383035552,-1.2040232743295685,-0.1832315464703722,-0.23510237636567338,-0.6844132059781843,0.0,0.7071067811865475,-1.0615629010115046,44
10824,-0.12792277383035552,-0.14739997713603842,-0.1832315464703722,-0.23510237636567338,-0.4735933074256388,0.7071067811865475,0.0,-0.25788719110129227,23
10827,-0.12792277383035552,-1.2040232743295685,-0.1832315464703722,-0.23510237636567338,-0.6844132059781843,0.7071067811865475,0.0,-1.0615629010115046,40
10831,-0.12792277383035552,1.2614310857886681,-0.1832315464703722,-0.23510237636567338,-0.6844132059781843,0.0,0.7071067811865475,0.9476263737640264,27
10835,-0.12792277383035552,0.20480778859513823,-0.1832315464703722,-0.23510237636567338,-0.2627734088730934,0.7071067811865475,0.0,0.14395066385381394,23
10836,-0.12792277383035552,0.5570155543263149,-0.1832315464703722,-0.23510237636567338,-0.05195351032054794,0.7071067811865475,0.0,0.14395066385381394,25
10837,-0.12792277383035552,0.5570155543263149,-0.1832315464703722,-0.23510237636567338,2.2670653737574518,0.0,0.7071067811865475,-1.0615629010115046,47
10838,-0.12792277383035552,0.5570155543263149,-0.1832315464703722,1.8894245151847455,-0.05195351032054794,0.7071067811865475,0.0,0.5457885188089201,27
10839,4.186499958852454,1.613638851519845,5.842905779365172,-0.23510237636567338,2.688705170862543,0.0,0.7071067811865475,0.9476263737640264,38
10841,-0.12792277383035552,-1.2040232743295685,-0.1832315464703722,-0.23510237636567338,-0.6844132059781843,0.0,0.7071067811865475,-0.6597250460563985,27
10843,-0.12792277383035552,-0.4996077428672151,-0.1832315464703722,-0.23510237636567338,-0.6844132059781843,0.0,0.7071067811865475,0.5457885188089201,24
10844,-0.12792277383035552,1.2614310857886681,-0.1832315464703722,-0.23510237636567338,0.15886638823199753,0.7071067811865475,0.0,0.14395066385381394,30
10849,-0.12792277383035552,0.9092233200574916,-0.1832315464703722,-0.23510237636567338,0.15886638823199753,0.0,0.7071067811865475,0.9476263737640264,33
10851,-0.12792277383035552,-0.4996077428672151,-0.1832315464703722,-0.23510237636567338,-0.2627734088730934,0.7071067811865475,0.0,-0.25788719110129227,29
10854,-0.12792277383035552,-0.8518155085983917,-0.1832315464703722,-0.23510237636567338,-0.6844132059781843,0.0,0.7071067811865475,-1.0615629010115046,38
10855,-0.12792277383035552,0.5570155543263149,-0.1832315464703722,-0.23510237636567338,5.851003649150725,0.7071067811865475,0.0,1.3494642287191325,56
10858,-0.12792277383035552,-0.8518155085983917,-0.1832315464703722,-0.23510237636567338,-0.6844132059781843,0.7071067811865475,0.0,-0.25788719110129227,26
10859,-0.12792277383035552,1.2614310857886681,-0.1832315464703722,-0.23510237636567338,0.36968628678454296,0.7071067811865475,0.0,0.14395066385381394,28
10860,-0.12792277383035552,0.5570155543263149,-0.1832315464703722,-0.23510237636567338,0.36968628678454296,0.0,0.7071067811865475,1.3494642287191325,43
10863,-0.12792277383035552,-0.8518155085983917,-0.1832315464703722,-0.23510237636567338,-0.2627734088730934,0.7071067811865475,0.0,-0.6597250460563985,29
10864,-0.12792277383035552,0.9092233200574916,-0.1832315464703722,1.8894245151847455,-0.4735933074256388,0.7071067811865475,0.0,1.3494642287191325,22
10865,-0.12792277383035552,-1.2040232743295685,-0.1832315464703722,-0.23510237636567338,-0.2627734088730934,0.7071067811865475,0.0,-1.0615629010115046,74
10869,-0.12792277383035552,1.9658466172510216,-0.1832315464703722,-0.23510237636567338,0.15886638823199753,0.7071067811865475,0.0,-0.6597250460563985,47
10870,-0.12792277383035552,1.2614310857886681,-0.1832315464703722,-0.23510237636567338,0.15886638823199753,0.7071067811865475,0.0,-1.0615629010115046,42
10871,-0.12792277383035552,-1.2040232743295685,-0.1832315464703722,-0.23510237636567338,-0.6844132059781843,0.0,0.7071067811865475,-1.0615629010115046,43
10873,-0.12792277383035552,0.20480778859513823,-0.1832315464703722,-0.23510237636567338,0.5805061853370884,0.0,0.7071067811865475,-0.25788719110129227,28
10874,-0.12792277383035552,-0.14739997713603842,-0.1832315464703722,-0.23510237636567338,-0.6844132059781843,0.7071067811865475,0.0,0.14395066385381394,24
10875,-0.12792277383035552,-0.4996077428672151,-0.1832315464703722,-0.23510237636567338,-0.2627734088730934,0.7071067811865475,0.0,0.5457885188089201,26
10876,-0.12792277383035552,-0.8518155085983917,-0.1832315464703722,-0.23510237636567338,-0.6844132059781843,0.0,0.7071067811865475,-1.0615629010115046,56
10878,-0.12792277383035552,0.5570155543263149,-0.1832315464703722,-0.23510237636567338,-0.05195351032054794,0.0,0.7071067811865475,-1.0615629010115046,47
10879,-0.12792277383035552,-1.2040232743295685,-0.1832315464703722,-0.23510237636567338,-0.6844132059781843,0.7071067811865475,0.0,-1.0615629010115046,49
10880,-0.12792277383035552,-1.2040232743295685,-0.1832315464703722,-0.23510237636567338,-0.4735933074256388,0.0,0.7071067811865475,-1.0615629010115046,36
10882,-0.12792277383035552,-0.14739997713603842,-0.1832315464703722,-0.23510237636567338,-0.4735933074256388,0.7071067811865475,0.0,0.14395066385381394,24
10883,-0.12792277383035552,-0.14739997713603842,-0.1832315464703722,-0.23510237636567338,-0.05195351032054794,0.7071067811865475,0.0,-0.6597250460563985,30
10884,-0.12792277383035552,0.5570155543263149,-0.1832315464703722,-0.23510237636567338,1.6346056780998157,0.7071067811865475,0.0,0.5457885188089201,28
10885,-0.12792277383035552,-0.4996077428672151,-0.1832315464703722,-0.23510237636567338,-0.4735933074256388,0.7071067811865475,0.0,-1.0615629010115046,50
10886,-0.12792277383035552,0.9092233200574916,-0.1832315464703722,-0.23510237636567338,-0.4735933074256388,0.7071067811865475,0.0,-0.6597250460563985,39
10888,-0.12792277383035552,1.2614310857886681,-0.1832315464703722,-0.23510237636567338,0.15886638823199753,0.7071067811865475,0.0,0.14395066385381394,26
10889,-0.12792277383035552,0.9092233200574916,-0.1832315464703722,-0.23510237636567338,0.15886638823199753,0.7071067811865475,0.0,0.14395066385381394,56
10893,-0.12792277383035552,-0.8518155085983917,-0.1832315464703722,-0.23510237636567338,1.0021459824421792,0.0,0.7071067811865475,-1.0615629010115046,58
10894,-0.12792277383035552,-0.14739997713603842,-0.1832315464703722,-0.23510237636567338,-0.05195351032054794,0.7071067811865475,0.0,0.14395066385381394,33
10895,-0.12792277383035552,1.2614310857886681,-0.1832315464703722,-0.23510237636567338,1.2129658809947248,0.7071067811865475,0.0,-0.6597250460563985,31
10897,8.500922691535264,1.2614310857886681,-0.1832315464703722,-0.23510237636567338,0.36968628678454296,0.0,0.7071067811865475,1.3494642287191325,25
10899,-0.12792277383035552,0.20480778859513823,-0.1832315464703722,-0.23510237636567338,0.7913260838896339,0.0,0.7071067811865475,0.5457885188089201,25
10903,-0.12792277383035552,1.9658466172510216,-0.1832315464703722,1.8894245151847455,-0.4735933074256388,0.7071067811865475,0.0,2.554977793584451,20
10907,-0.12792277383035552,0.20480778859513823,-0.1832315464703722,-0.23510237636567338,-0.05195351032054794,0.7071067811865475,0.0,-0.6597250460563985,30
10909,-0.12792277383035552,1.9658466172510216,-0.1832315464703722,4.013951406735165,2.2670653737574518,0.7071067811865475,0.0,2.554977793584451,29
10910,-0.12792277383035552,0.5570155543263149,-0.1832315464703722,-0.23510237636567338,-0.4735933074256388,0.0,0.7071067811865475,0.5457885188089201,31
10913,-0.12792277383035552,0.9092233200574916,-0.1832315464703722,-0.23510237636567338,-0.6844132059781843,0.7071067811865475,0.0,1.3494642287191325,21
10917,-0.12792277383035552,0.20480778859513823,-0.1832315464703722,1.8894245151847455,1.6346056780998157,0.7071067811865475,0.0,-0.25788719110129227,44
10918,-0.12792277383035552,-0.4996077428672151,-0.1832315464703722,-0.23510237636567338,-0.2627734088730934,0.7071067811865475,0.0,-0.6597250460563985,30
10919,-0.12792277383035552,0.5570155543263149,-0.1832315464703722,1.8894245151847455,1.845425576652361,0.0,0.7071067811865475,-0.25788719110129227,35
10920,-0.12792277383035552,0.20480778859513823,-0.1832315464703722,-0.23510237636567338,0.15886638823199753,0.7071067811865475,0.0,0.5457885188089201,34
10921,-0.12792277383035552,-0.8518155085983917,-0.1832315464703722,-0.23510237636567338,-0.2627734088730934,0.0,0.7071067811865475,-0.25788719110129227,26
10922,-0.12792277383035552,-1.2040232743295685,-0.1832315464703722,-0.23510237636567338,0.15886638823199753,0.0,0.7071067811865475,-1.0615629010115046,51
10924,-0.12792277383035552,-0.8518155085983917,-0.1832315464703722,-0.23510237636567338,-0.6844132059781843,0.0,0.7071067811865475,-1.0615629010115046,36
10925,-0.12792277383035552,-0.8518155085983917,-0.1832315464703722,-0.23510237636567338,-0.05195351032054794,0.0,0.7071067811865475,-0.6597250460563985,26
10927,-0.12792277383035552,0.5570155543263149,-0.1832315464703722,-0.23510237636567338,-0.4735933074256388,0.7071067811865475,0.0,0.5457885188089201,21
10928,-0.12792277383035552,0.20480778859513823,-0.1832315464703722,-0.23510237636567338,0.36968628678454296,0.0,0.7071067811865475,-0.25788719110129227,59
10930,-0.12792277383035552,0.9092233200574916,3.834193337419991,-0.23510237636567338,0.7913260838896339,0.7071067811865475,0.0,0.9476263737640264,29
10931,-0.12792277383035552,-0.4996077428672151,-0.1832315464703722,-0.23510237636567338,-0.4735933074256388,0.7071067811865475,0.0,-0.6597250460563985,28
10932,-0.12792277383035552,-0.4996077428672151,-0.1832315464703722,-0.23510237636567338,0.15886638823199753,0.7071067811865475,0.0,-0.6597250460563985,37
10934,-0.12792277383035552,-1.2040232743295685,-0.1832315464703722,-0.23510237636567338,-0.6844132059781843,0.0,0.7071067811865475,-1.0615629010115046,41
10935,2.0292885925110493,1.613638851519845,-0.1832315464703722,-0.23510237636567338,0.7913260838896339,0.0,0.7071067811865475,0.5457885188089201,31
10936,-0.12792277383035552,0.5570155543263149,-0.1832315464703722,-0.23510237636567338,-0.6844132059781843,0.7071067811865475,0.0,0.5457885188089201,23
10939,-0.12792277383035552,-1.2040232743295685,-0.1832315464703722,-0.23510237636567338,-0.4735933074256388,0.0,0.7071067811865475,-1.0615629010115046,54
10940,-0.12792277383035552,1.613638851519845,-0.1832315464703722,-0.23510237636567338,-0.2627734088730934,0.0,0.7071067811865475,1.3494642287191325,30
10941,-0.12792277383035552,-0.14739997713603842,-0.1832315464703722,-0.23510237636567338,-0.6844132059781843,0.0,0.7071067811865475,-0.25788719110129227,28
10942,-0.12792277383035552,0.20480778859513823,-0.1832315464703722,-0.23510237636567338,-0.6844132059781843,0.0,0.7071067811865475,1.3494642287191325,22
10945,-0.12792277383035552,1.2614310857886681,-0.1832315464703722,-0.23510237636567338,-0.6844132059781843,0.7071067811865475,0.0,1.3494642287191325,21
10946,-0.12792277383035552,0.20480778859513823,-0.1832315464703722,4.013951406735165,-0.4735933074256388,0.0,0.7071067811865475,1.7513020836742388,27
10947,-0.12792277383035552,1.613638851519845,-0.1832315464703722,-0.23510237636567338,0.15886638823199753,0.0,0.7071067811865475,-0.25788719110129227,61
10950,-0.12792277383035552,-1.2040232743295685,-0.1832315464703722,-0.23510237636567338,-0.6844132059781843,0.0,0.7071067811865475,-1.0615629010115046,60
10951,-0.12792277383035552,-0.4996077428672151,-0.1832315464703722,1.8894245151847455,-0.6844132059781843,0.0,0.7071067811865475,0.5457885188089201,22
10954,-0.12792277383035552,0.9092233200574916,-0.1832315464703722,-0.23510237636567338,-0.4735933074256388,0.7071067811865475,0.0,0.9476263737640264,22
10955,-0.12792277383035552,-0.8518155085983917,-0.1832315464703722,-0.23510237636567338,-0.05195351032054794,0.7071067811865475,0.0,-1.0615629010115046,49
10956,-0.12792277383035552,-1.2040232743295685,-0.1832315464703722,-0.23510237636567338,-0.4735933074256388,0.0,0.7071067811865475,-1.0615629010115046,61
10957,-0.12792277383035552,0.5570155543263149,-0.1832315464703722,-0.23510237636567338,0.7913260838896339,0.0,0.7071067811865475,-0.25788719110129227,51
10958,-0.12792277383035552,0.5570155543263149,-0.1832315464703722,-0.23510237636567338,-0.2627734088730934,0.7071067811865475,0.0,-1.0615629010115046,49
10960,-0.12792277383035552,0.5570155543263149,-0.1832315464703722,-0.23510237636567338,-0.6844132059781843,0.7071067811865475,0.0,-0.25788719110129227,24
10962,-0.12792277383035552,0.5570155543263149,-0.1832315464703722,-0.23510237636567338,0.15886638823199753,0.0,0.7071067811865475,-0.25788719110129227,36
10963,-0.12792277383035552,-0.14739997713603842,-0.1832315464703722,-0.23510237636567338,0.36968628678454296,0.7071067811865475,0.0,-0.6597250460563985,42
10964,-0.12792277383035552,-0.14739997713603842,-0.1832315464703722,-0.23510237636567338,1.2129658809947248,0.7071067811865475,0.0,-0.6597250460563985,36
10965,-0.12792277383035552,-0.14739997713603842,-0.1832315464703722,-0.23510237636567338,2.2670653737574518,0.7071067811865475,0.0,-0.6597250460563985,57
10966,-0.12792277383035552,-1.2040232743295685,-0.1832315464703722,-0.23510237636567338,-0.6844132059781843,0.0,0.7071067811865475,-1.0615629010115046,36
10967,-0.12792277383035552,-0.8518155085983917,-0.1832315464703722,-0.23510237636567338,-0.05195351032054794,0.0,0.7071067811865475,-0.6597250460563985,34
10969,-0.12792277383035552,-0.4996077428672151,-0.1832315464703722,-0.23510237636567338,-0.2627734088730934,0.0,0.7071067811865475,0.14395066385381394,24
10972,-0.12792277383035552,-0.8518155085983917,-0.1832315464703722,-0.23510237636567338,-0.6844132059781843,0.7071067811865475,0.0,-1.0615629010115046,32
10975,-0.12792277383035552,-0.8518155085983917,-0.1832315464703722,-0.23510237636567338,-0.4735933074256388,0.7071067811865475,0.0,-0.25788719110129227,25
10976,-0.12792277383035552,-1.2040232743295685,-0.1832315464703722,-0.23510237636567338,-0.2627734088730934,0.0,0.7071067811865475,-1.0615629010115046,30
10977,-0.12792277383035552,0.9092233200574916,-0.1832315464703722,-0.23510237636567338,1.0021459824421792,0.0,0.7071067811865475,0.14395066385381394,35
10979,-0.12792277383035552,-1.2040232743295685,-0.1832315464703722,-0.23510237636567338,-0.6844132059781843,0.0,0.7071067811865475,-1.0615629010115046,43
10980,-0.12792277383035552,-0.8518155085983917,-0.1832315464703722,-0.23510237636567338,-0.4735933074256388,0.7071067811865475,0.0,-0.6597250460563985,28
10981,-0.12792277383035552,0.20480778859513823,-0.1832315464703722,-0.23510237636567338,0.15886638823199753,0.7071067811865475,0.0,-0.25788719110129227,32
10982,-0.12792277383035552,1.2614310857886681,-0.1832315464703722,-0.23510237636567338,-0.6844132059781843,0.7071067811865475,0.0,0.9476263737640264,23
10984,-0.12792277383035552,0.9092233200574916,-0.1832315464703722,-0.23510237636567338,-0.6844132059781843,0.0,0.7071067811865475,1.3494642287191325,20
10985,-0.12792277383035552,1.9658466172510216,1.8254808954748094,-0.23510237636567338,3.321164866520179,0.7071067811865475,0.0,1.3494642287191325,30
10987,-0.12792277383035552,-0.8518155085983917,-0.1832315464703722,-0.23510237636567338,-0.6844132059781843,0.7071067811865475,0.0,-0.25788719110129227,26
10988,-0.12792277383035552,-0.4996077428672151,-0.1832315464703722,-0.23510237636567338,-0.6844132059781843,0.7071067811865475,0.0,-1.0615629010115046,44
10989,-0.12792277383035552,-0.14739997713603842,-0.1832315464703722,-0.23510237636567338,-0.2627734088730934,0.0,0.7071067811865475,-0.25788719110129227,30
10992,-0.12792277383035552,0.5570155543263149,-0.1832315464703722,-0.23510237636567338,-0.6844132059781843,0.0,0.7071067811865475,1.3494642287191325,21
10994,-0.12792277383035552,-0.8518155085983917,-0.1832315464703722,-0.23510237636567338,-0.6844132059781843,0.0,0.7071067811865475,-0.6597250460563985,30
10995,-0.12792277383035552,1.613638851519845,-0.1832315464703722,-0.23510237636567338,-0.6844132059781843,0.7071067811865475,0.0,2.153139938629345,20
10996,-0.12792277383035552,0.9092233200574916,-0.1832315464703722,-0.23510237636567338,-0.6844132059781843,0.7071067811865475,0.0,0.5457885188089201,23
10997,-0.12792277383035552,-0.4996077428672151,-0.1832315464703722,-0.23510237636567338,-0.6844132059781843,0.7071067811865475,0.0,0.5457885188089201,23
10999,-0.12792277383035552,-1.2040232743295685,-0.1832315464703722,-0.23510237636567338,-0.6844132059781843,0.7071067811865475,0.0,-1.0615629010115046,57
11000,-0.12792277383035552,-0.8518155085983917,-0.1832315464703722,-0.23510237636567338,-0.05195351032054794,0.0,0.7071067811865475,-0.6597250460563985,33
11001,-0.12792277383035552,-0.14739997713603842,-0.1832315464703722,-0.23510237636567338,-0.2627734088730934,0.7071067811865475,0.0,0.14395066385381394,23
